date,symbol,open,high,low,close,volume,quote_volume
2004-08-19,GOOGL,2.481989269010716,2.5827575427166254,2.381716151343207,2.4904274940490723,893181924,2224404820.717249
2004-08-20,GOOGL,2.5070569447332045,2.7073534634239085,2.494398543747014,2.688241481781006,456686856,1227684550.4833488
2004-08-23,GOOGL,2.7488032447043778,2.816561117492243,2.706609044455478,2.7152960300445557,365122512,991415707.3134956
2004-08-24,GOOGL,2.7609646891893638,2.769899962488487,2.5705960987214294,2.6028614044189453,304946748,793734120.7722702
2004-08-25,GOOGL,2.6050960568027666,2.6805484792672347,2.5782907091593428,2.630908727645874,183772044,483487474.4569216
2004-08-26,GOOGL,2.6048466722640646,2.679306406845387,2.5976491753725153,2.6783134937286377,141897960,380047221.0005665
2004-08-27,GOOGL,2.6830296996962115,2.6959361522189136,2.623214188488324,2.6346306800842285,124235640,327315028.7038994
2004-08-30,GOOGL,2.613038175036775,2.6182500824520303,2.531877040863037,2.531877040863037,103935960,263153070.844059
2004-08-31,GOOGL,2.539074476639595,2.574070231421103,2.5356001082444717,2.5408120155334473,98357544,249908029.61355972
2004-09-01,GOOGL,2.549002655301851,2.5557042876132665,2.473798285822101,2.488194227218628,182765052,454754947.32371235
2004-09-02,GOOGL,2.4618852321085987,2.54081274624272,2.4556804098866714,2.519467353820801,302373324,761819718.4842796
2004-09-03,GOOGL,2.505567606733172,2.5251754549545162,2.4651109461503293,2.4822373390197754,103048848,255791698.2485733
2004-09-07,GOOGL,2.507057053035848,2.5316289938731504,2.4723093482971303,2.5212042331695557,116950932,294857184.83152485
2004-09-08,GOOGL,2.500355771371838,2.5571930237414633,2.494399000885352,2.5390748977661133,99712188,253176713.55213547
2004-09-09,GOOGL,2.5447832805190433,2.549250325748256,2.5068092579472094,2.5393223762512207,81234684,206281050.80889702
2004-09-10,GOOGL,2.521701165006276,2.6448077437024495,2.514254670540662,2.61427903175354,173977848,454826640.01600456
2004-09-13,GOOGL,2.64654387881569,2.6907238984778896,2.6423248850949244,2.668137550354004,156882960,418585316.5866852
2004-09-14,GOOGL,2.6668970695115513,2.7798276382549147,2.650515303228619,2.767169237136841,216579204,599311310.7123842
2004-09-15,GOOGL,2.74408744928149,2.8351765442159285,2.735152175471189,2.7798280715942383,214261524,595610199.0777626
2004-09-16,GOOGL,2.788265819013118,2.8741429911424348,2.771140373116624,2.8287224769592285,185326488,524237202.18151474
2004-09-17,GOOGL,2.839891535139519,2.916088819503784,2.8182990413634093,2.916088819503784,189450360,552454076.6469669
2004-09-20,GOOGL,2.9026864887731016,3.0180985259732296,2.8982184973560288,2.9625022411346436,212575212,629754541.959672
2004-09-21,GOOGL,2.9736709669300865,2.9888117711129074,2.916585665987041,2.924776077270508,144575280,422850320.3086853
2004-09-22,GOOGL,2.913855116830282,2.9701964994573067,2.8992111244658285,2.938178062438965,151624224,445498968.6911316
2004-09-23,GOOGL,2.949595832939382,3.043663428861874,2.9044231266419946,2.998739719390869,170713116,511924201.5701809
2004-09-24,GOOGL,3.0017177937147923,3.0801487149590505,2.97243004637683,2.974167585372925,182469348,542694420.1457319
2004-09-27,GOOGL,2.967465506346696,3.0002276173499927,2.9237825340328527,2.93519926071167,141322536,414809803.18909836
2004-09-28,GOOGL,3.0106529820750247,3.162053679436586,2.9835986399367505,3.148651361465454,338581080,1066073778.5084438
2004-09-29,GOOGL,3.1446801570088776,3.351181504349281,3.1330146686838987,3.2533907890319824,610329060,1985638942.0825481
2004-09-30,GOOGL,3.2241038945481084,3.2836715935274,3.201765593618507,3.2166574001312256,275160564,885097264.4148817
2004-10-01,GOOGL,3.246441251668382,3.3318216202592157,3.199283903759067,3.290621042251587,302497200,995403651.5421867
2004-10-04,GOOGL,3.3568903241992145,3.397097988401454,3.326609663830695,3.3521742820739746,260455284,873091504.6550732
2004-10-05,GOOGL,3.3422463186193965,3.4382994975020753,3.2821818094266026,3.434328317642212,299464236,1028458505.8158903
2004-10-06,GOOGL,3.4139758589337346,3.436314161105962,3.375504785180652,3.4023101329803467,267628104,910553810.109518
2004-10-07,GOOGL,3.398338700517289,3.4718064737474648,3.38915561311785,3.446241855621338,282301416,972878955.7203712
2004-10-08,GOOGL,3.4430144358121795,3.466841513878358,3.4008211837810918,3.418443441390991,221390388,756810519.8456068
2004-10-11,GOOGL,3.400324084960485,3.446489698296677,3.322142402529142,3.357138156890869,209442348,703126898.139616
2004-10-12,GOOGL,3.336785036754544,3.415464945125293,3.310972370585793,3.4102518558502197,233310456,795647415.563261
2004-10-13,GOOGL,3.557186796163209,3.5628945690709655,3.476770523277136,3.497122287750244,395324280,1382497350.476818
2004-10-14,GOOGL,3.49985308623688,3.5338559324560914,3.4390437095699227,3.5244250297546387,208842948,736051313.2189465
2004-10-15,GOOGL,3.5971466172905338,3.6112935609935515,3.523182743658049,3.576793670654297,263895840,943900970.223999
2004-10-18,GOOGL,3.5542082895821743,3.703127285875368,3.5048163597966746,3.702134609222412,280726992,1039289112.8261032
2004-10-19,GOOGL,3.7353933780690287,3.782551437683282,3.657210503253608,3.6718544960021973,362197440,1329936298.504486
2004-10-20,GOOGL,3.6740876638617084,3.697914743101674,3.464856094727737,3.4869463443756104,454453092,1584653547.839593
2004-10-21,GOOGL,3.5839926607043107,3.7262100463168437,3.514992874049827,3.707595109939575,582996420,2161514675.9042788
2004-10-22,GOOGL,4.23278430400052,4.471799975379768,4.072447373346861,4.279693603515625,1474200324,6309125696.923462
2004-10-25,GOOGL,4.378228276739489,4.825731618699558,4.28267213791017,4.651247978210449,1309257432,6089680983.547005
2004-10-26,GOOGL,4.624938444873988,4.781303721862975,4.46758096401144,4.512256622314453,891391716,4022188173.5972443
2004-10-27,GOOGL,4.53509098782635,4.703865905728513,4.511511721711984,4.615755081176758,533725740,2463547296.359825
2004-10-28,GOOGL,4.633377040368341,4.824738535188526,4.606571931108514,4.797684192657471,593278128,2846361096.5550156
2004-10-29,GOOGL,4.936428007632107,4.96273748970469,4.730671503959039,4.731664180755615,845653500,4001348375.2806187
2004-11-01,GOOGL,4.803890175762094,4.906148179621196,4.747300978647223,4.865443229675293,488507004,2376803095.2607613
2004-11-02,GOOGL,4.933697192400952,4.945362917943467,4.798677071959173,4.8366522789001465,453398148,2192929185.773306
2004-11-03,GOOGL,4.918804834630459,5.003689334025484,4.734393972634327,4.757228374481201,554992452,2640225840.277296
2004-11-04,GOOGL,4.6770596609901,4.725706492143318,4.5507258319865675,4.584232807159424,575807616,2639636163.8794556
2004-11-05,GOOGL,4.516723445119398,4.52466580541633,4.183392600081646,4.203248500823975,792530676,3331203375.754011
2004-11-08,GOOGL,4.242463554269084,4.354400497822008,4.204488824744394,4.2826714515686035,447224328,1915314861.9725533
2004-11-09,GOOGL,4.3211426350749,4.3484443193143,4.101983353055532,4.187115669250488,442125432,1851230324.1013412
2004-11-10,GOOGL,4.2360101409535025,4.281926758450156,4.128291714229893,4.166266918182373,425334240,1772055973.2822418
2004-11-11,GOOGL,4.197787509346883,4.5606546199604105,4.159068385467189,4.54253625869751,598820580,2720164197.104273
2004-11-12,GOOGL,4.5973880166186945,4.710815647781878,4.403048003667381,4.517220497131348,669174156,3022807213.63377
2004-11-15,GOOGL,4.4787495002592745,4.674081710127864,4.436555298833543,4.5884528160095215,475583940,2182194468.7419033
2004-11-16,GOOGL,4.405530548596009,4.454425198077246,4.239981485894158,4.282423973083496,835859304,3579503921.574486
2004-11-17,GOOGL,4.195058383405839,4.405530934153548,4.194561335603871,4.281431198120117,724590684,3102285160.344795
2004-11-18,GOOGL,4.226579165292339,4.3290849792252795,4.113399830089658,4.158324718475342,664518816,2763285018.4647675
2004-11-19,GOOGL,4.197043446093723,4.218885172159155,4.133007992414708,4.204489231109619,350421228,1473342279.4782085
2004-11-22,GOOGL,4.082127582650547,4.206971701461431,4.003696659562461,4.097764015197754,494233272,2025251317.1150436
2004-11-23,GOOGL,4.168996053845506,4.239981184288787,4.132511521355333,4.157827377319336,496035468,2062429848.9718094
2004-11-24,GOOGL,4.339013661885158,4.398333551982108,4.281679598406166,4.337523937225342,610628760,2648616863.2582283
2004-11-26,GOOGL,4.363336284770573,4.468324982750307,4.351422744088457,4.45244026184082,258944796,1152936235.3045578
2004-11-29,GOOGL,4.476515213980179,4.540798001301565,4.40577790040268,4.493640422821045,426237336,1915357322.7651558
2004-11-30,GOOGL,4.485202477748271,4.542040439355512,4.473785511695165,4.5167236328125,307692000,1389759728.0273438
2004-12-01,GOOGL,4.5159782953735785,4.52962984698358,4.456411069866541,4.466587543487549,314249436,1403622616.3855877
2004-12-02,GOOGL,4.46509689861579,4.50505697675356,4.43158992736233,4.452686786651611,250185564,1113997955.033781
2004-12-03,GOOGL,4.466338921285156,4.493889366918022,4.408012185205042,4.477508544921875,234533232,1050124550.3481445
2004-12-06,GOOGL,4.445986376863326,4.484953310018924,4.368796426880229,4.375498294830322,249909840,1093480078.7813187
2004-12-07,GOOGL,4.368299945842201,4.373263802134198,4.233031551386644,4.254873275756836,274561164,1168222959.2642899
2004-12-08,GOOGL,4.22806779551704,4.3107177072839935,4.187859423568755,4.2188849449157715,301370328,1271446739.643528
2004-12-09,GOOGL,4.225586429403548,4.306250989479984,4.181406876809446,4.304512977600098,305853840,1316551823.5288239
2004-12-10,GOOGL,4.304513099720393,4.34050200632932,4.251399455164222,4.260334491729736,172515312,734972934.0651169
2004-12-13,GOOGL,4.273240590240737,4.298308633172902,4.205729587776683,4.230550289154053,192551256,814597771.747776
2004-12-14,GOOGL,4.244201291376909,4.438293017848943,4.209453346642437,4.4350666999816895,443092464,1965144632.0992355
2004-12-15,GOOGL,4.417692212384634,4.484706172720633,4.384681807081509,4.462120056152344,458381160,2045351767.3983765
2004-12-16,GOOGL,4.3918788444800265,4.479741846000043,4.367059089479505,4.379965305328369,342569088,1500440720.117981
2004-12-17,GOOGL,4.3871628247396,4.479989683143681,4.3819511538208005,4.4695658683776855,295152552,1319203772.38377
2004-12-20,GOOGL,4.517220114949603,4.677556086215879,4.5139928515143675,4.592175483703613,392986620,1804663521.787548
2004-12-21,GOOGL,4.624194005022841,4.663161893506388,4.551968839527512,4.560655117034912,220431348,1005311355.2111034
2004-12-22,GOOGL,4.564377064224151,4.637596310224744,4.54228799799315,4.6239447593688965,156123720,721907456.907177
2004-12-23,GOOGL,4.652488034388679,4.681031155285805,4.616499601626832,4.663656711578369,144439416,673615851.8448601
2004-12-27,GOOGL,4.694680877988686,4.797683729539043,4.693440386893192,4.763185024261475,243919836,1161835309.955515
2004-12-28,GOOGL,4.768149197269467,4.8038898148030995,4.740846568144856,4.7842817306518555,165666168,792593620.949501
2004-12-29,GOOGL,4.75995770750358,4.803145056466096,4.75995770750358,4.787755966186523,107016876,512370686.5516434
2004-12-30,GOOGL,4.7894934930747475,4.920046311749382,4.761695237206736,4.904409408569336,235935828,1157125894.6617966
2004-12-31,GOOGL,4.944866414608389,4.960998947847222,4.779317831697578,4.785026550292969,306433260,1466291284.9928284
2005-01-03,GOOGL,4.899445722332966,5.054321724679223,4.851294520044957,5.0312395095825195,633134232,3185449962.907585
2005-01-04,GOOGL,4.998725209771741,5.036699466393606,4.802152058691549,4.827467441558838,549685764,2653590128.798395
2005-01-05,GOOGL,4.801408205457917,4.887036161701224,4.77112848709852,4.802897930145264,329134536,1580799581.6937218
2005-01-06,GOOGL,4.8418649795677355,4.862216510964561,4.65919067797592,4.679790496826172,415068516,1942433696.7085419
2005-01-07,GOOGL,4.731663678482008,4.821263272519705,4.685498300736219,4.81133508682251,386129484,1857798334.425871
2005-01-10,GOOGL,4.827468354053924,4.916820147200415,4.76120019914681,4.841367721557617,301282416,1458618963.8952942
2005-01-11,GOOGL,4.855266181679122,4.907140754197772,4.794705805801149,4.803640842437744,278069652,1335746737.3896503
2005-01-12,GOOGL,4.823248250671258,4.862960044513825,4.728188232834681,4.849308967590332,326784888,1584680887.8514023
2005-01-13,GOOGL,4.849310155282499,4.899198906582564,4.816299748123984,4.848069190979004,273702024,1326926350.062996
2005-01-14,GOOGL,4.864697421237865,4.96422518991452,4.818284234172401,4.963232040405273,385226388,1911967951.7311935
2005-01-18,GOOGL,4.9880530815157815,5.088574016147794,4.930718550966533,5.0607757568359375,526377096,2663876446.390503
2005-01-19,GOOGL,5.0793890837711855,5.095523034548213,4.882320311828152,4.896963119506836,449857692,2202936526.7504654
2005-01-20,GOOGL,4.777829112352628,4.870903803721261,4.765419468789137,4.813073635101318,359703936,1731281530.803772
2005-01-21,GOOGL,4.828461149544028,4.848813624420941,4.669117847399175,4.673089027404785,369965664,1728882484.9549255
2005-01-24,GOOGL,4.683264876208688,4.6991495957149985,4.475523031401669,4.485450744628906,560347092,2513409281.062042
2005-01-25,GOOGL,4.515730098477035,4.523176828659525,4.375498322771986,4.3960981369018555,425941632,1872481214.8641357
2005-01-26,GOOGL,4.449461506107745,4.701135570789417,4.4464830028740145,4.696916103363037,491823684,2310054581.3949337
2005-01-27,GOOGL,4.6850020707532565,4.687483525949217,4.5966434432276415,4.668124675750732,264830904,1236263677.8637733
2005-01-28,GOOGL,4.716275531515347,4.832432430883093,4.6249383894710165,4.724217891693115,487839672,2304660906.740101
2005-01-31,GOOGL,4.80736412127901,4.87363368784775,4.758469471614832,4.855266094207764,383484132,1861917503.7662945
2005-02-01,GOOGL,4.824489637580768,4.88107883053489,4.731415910670099,4.762936115264893,752806440,3585568980.8799934
2005-02-02,GOOGL,5.349926629352307,5.380951204003718,5.054818847351195,5.111903667449951,1310660028,6699967803.913256
2005-02-03,GOOGL,5.112649000145939,5.2958203266160995,5.108181245329644,5.233521938323975,519004476,2716221311.2343388
2005-02-04,GOOGL,5.12456239246804,5.156331831326458,5.028509213647312,5.072192192077637,592179228,3003646856.5721626
2005-02-07,GOOGL,5.094531179816401,5.122825068981191,4.852537012828265,4.865443229675293,517897584,2519801293.7379913
2005-02-08,GOOGL,4.888524889332995,4.964474348902739,4.828212333577928,4.930222511291504,458740800,2261694219.0078735
2005-02-09,GOOGL,4.982839893030082,5.003688464911929,4.702374957447146,4.754992961883545,686173140,3262748451.3335323
2005-02-10,GOOGL,4.764673463442394,4.770630469266663,4.597884394288518,4.665642261505127,758548692,3539116834.804636
2005-02-11,GOOGL,4.632880856065089,4.773361414052222,4.6182366266644905,4.651247978210449,524115360,2437790508.5490417
2005-02-14,GOOGL,4.538317303915422,4.792224542963827,4.49240068178507,4.7899909019470215,1540945512,7381114982.876095
2005-02-15,GOOGL,4.805130118828691,4.960006122108921,4.792223903454099,4.845586776733398,1030280688,4992314478.096588
2005-02-16,GOOGL,4.832432759905056,4.9473487028772425,4.822504572542655,4.9245147705078125,660630708,3253285679.3970337
2005-02-17,GOOGL,4.910118627859565,4.957772308121198,4.884801826932978,4.911855220794678,416159424,2044114839.457306
2005-02-18,GOOGL,4.926996748117539,4.935186922649448,4.8810791810975545,4.913097381591797,339096564,1666014440.6951752
2005-02-22,GOOGL,4.877108140967153,4.936675842939389,4.725459379530807,4.749782562255859,538808652,2559223939.6621857
2005-02-23,GOOGL,4.797684497157081,4.826972482419871,4.682520274332592,4.813817977905273,622816560,2998125553.4651184
2005-02-24,GOOGL,4.551223141571766,4.712055685798633,4.5229278354329,4.688228607177734,1031539428,4836092655.781357
2005-02-25,GOOGL,4.694681622345976,4.713793606371721,4.604337629957025,4.613272666931152,398541060,1838578578.7477684
2005-02-28,GOOGL,4.616499467459025,4.712552642312174,4.612776102242269,4.665890216827393,312423264,1457732651.0068817
2005-03-01,GOOGL,4.698157048415111,4.709573540598236,4.51722030809376,4.617988586425781,372075552,1718240652.4240723
2005-03-02,GOOGL,4.615257620067822,4.657947920581239,4.57579505586189,4.596146583557129,291128580,1338069628.3428383
2005-03-03,GOOGL,4.619725981355945,4.659933881879575,4.574553278379956,4.641567707061768,304039656,1411220648.9557686
2005-03-04,GOOGL,4.6338733868470365,4.647524466076077,4.593416724014947,4.614017486572266,270693036,1248982401.5973358
2005-03-07,GOOGL,4.660678914998394,4.705851146702103,4.642063506225818,4.686243534088135,346349304,1623077186.4059258
2005-03-08,GOOGL,4.6934415102935425,4.712056448035354,4.590935681917118,4.596644401550293,321522156,1477923018.35178
2005-03-09,GOOGL,4.57207136352806,4.5829922252834505,4.471551385856802,4.501086235046387,453961584,2043320236.982254
2005-03-10,GOOGL,4.492648071406186,4.497364113352637,4.403047530779155,4.46708345413208,437981580,1956500269.232626
2005-03-11,GOOGL,4.478500964045083,4.491158419791328,4.396843254473654,4.412975788116455,320810868,1415730593.048624
2005-03-14,GOOGL,4.426131315704081,4.427868381940265,4.283169298387945,4.34323263168335,445418136,1934554583.0187721
2005-03-15,GOOGL,4.350926389567682,4.46758032133962,4.323872994802023,4.433080196380615,416467116,1846232124.3833485
2005-03-16,GOOGL,4.3856743628492,4.433080230600545,4.343728926158191,4.358371734619141,283967748,1237637006.426651
2005-03-17,GOOGL,4.39634668574913,4.458643645791878,4.363335340950806,4.449957370758057,330093576,1468902341.5610847
2005-03-18,GOOGL,4.438044147368624,4.477508129394681,4.42563403361427,4.468573093414307,283316400,1266020041.963005
2005-03-21,GOOGL,4.449461286084161,4.5214390974122916,4.399325673080492,4.489421844482422,299048652,1342555550.851822
2005-03-22,GOOGL,4.496867216798646,4.515730439361859,4.414217774930073,4.432831764221191,225042732,997576570.7167168
2005-03-23,GOOGL,4.4171965095838495,4.473537898843556,4.4171965095838495,4.442264556884766,193606200,860049960.2531433
2005-03-24,GOOGL,4.484953504465095,4.488924684171311,4.4477236356032765,4.448965072631836,148059792,658712843.2691345
2005-03-28,GOOGL,4.509277410170574,4.586715647123226,4.491158105579406,4.502823829650879,349170480,1572253157.9546356
2005-03-29,GOOGL,4.4936410458401825,4.548989751188222,4.419677404736685,4.456907749176025,258661080,1152828571.8622398
2005-03-30,GOOGL,4.483464839916195,4.503568551315298,4.457650991571205,4.478748798370361,249194556,1116079818.2454357
2005-03-31,GOOGL,4.416700025305812,4.5020801711824765,4.409005478689292,4.480238914489746,270473256,1211784806.8599472
2005-04-01,GOOGL,4.5112633928837615,4.540798243463889,4.46733118347494,4.468573093414307,247032720,1103883765.7849503
2005-04-04,GOOGL,4.466338306214472,4.599621815298138,4.463609036626422,4.598876953125,322732944,1484209098.1757812
2005-04-05,GOOGL,4.659437356484468,4.72223136632459,4.6554661769832935,4.680285930633545,349118532,1633974553.443037
2005-04-06,GOOGL,4.696915813862013,4.707091814200215,4.655714291834587,4.6964192390441895,209893896,985749731.3323402
2005-04-07,GOOGL,4.685498432790904,4.830446259213666,4.682023827809574,4.809101581573486,387300312,1862566542.9831047
2005-04-08,GOOGL,4.807363731935961,4.8423594856847245,4.751767218257252,4.766659259796143,204459336,974587987.1961708
2005-04-11,GOOGL,4.792471524396996,4.834914006837654,4.773360489504111,4.795947074890137,216203580,1036900927.0817757
2005-04-12,GOOGL,4.790238379809853,4.82548194697539,4.701134893557146,4.814065456390381,292491216,1408071859.2432175
2005-04-13,GOOGL,4.801903571446004,4.823000432349943,4.709077194297331,4.7885003089904785,261969768,1254442315.014164
2005-04-14,GOOGL,4.796939857348668,4.823993251660301,4.7182601836992095,4.751767158508301,245861892,1168278463.9343147
2005-04-15,GOOGL,4.718260271658467,4.724217277481522,4.583240166190838,4.591679573059082,462632904,2124262055.1218033
2005-04-18,GOOGL,4.581255516792478,4.663161521874319,4.55420211781967,4.640574932098389,261749988,1214670432.789854
2005-04-19,GOOGL,4.699149855152887,4.765418952559986,4.666883366597712,4.750527381896973,336862800,1600275955.3424835
2005-04-20,GOOGL,4.928732633954522,4.976387733183044,4.862464493220563,4.916819095611572,617441940,3035850321.0234547
2005-04-21,GOOGL,4.974403254553536,5.088077764992367,4.947101092874601,5.068718910217285,709365924,3595576473.2425575
2005-04-22,GOOGL,5.532352864760225,5.5596554943492995,5.317909628838775,5.356380462646484,1326875796,7107251590.052902
2005-04-25,GOOGL,5.406268799556368,5.578022224502994,5.398822068193067,5.547990322113037,792806400,4398482234.509277
2005-04-26,GOOGL,5.465836335864343,5.510015891470265,5.417933887618647,5.429350852966309,690189120,3747278887.380066
2005-04-27,GOOGL,5.410486734171669,5.481471861724003,5.379462161045219,5.454914569854736,410181408,2237504538.78273
2005-04-28,GOOGL,5.447966336746437,5.512002272058525,5.4035384892461,5.446725845336914,346964688,1889821533.5488586
2005-04-29,GOOGL,5.507781189203608,5.516220596948105,5.406268521558162,5.460376262664795,366441192,2000906786.4593925
2005-05-02,GOOGL,5.511255858339629,5.552208142894657,5.46558705935656,5.517212390899658,390305304,2153397259.462658
2005-05-03,GOOGL,5.506292846162613,5.6626571702683846,5.493138342109738,5.614010334014893,710496792,3988736332.5724297
2005-05-04,GOOGL,5.639822654437036,5.70559564079845,5.634114881906937,5.671343803405762,482856660,2738446126.6242027
2005-05-05,GOOGL,5.674322350386263,5.674322350386263,5.6063166686489385,5.633617877960205,300083616,1690556423.980545
2005-05-06,GOOGL,5.668863065340623,5.689959929787064,5.620960144410314,5.659430980682373,270285444,1529661815.4010906
2005-05-09,GOOGL,5.6589356433463935,5.671344813126947,5.595147526008415,5.6097917556762695,221250528,1241169387.9134216
2005-05-10,GOOGL,5.596139618811599,5.653970718383789,5.5775251582638425,5.653970718383789,253578168,1433723536.6934052
2005-05-11,GOOGL,5.683010129820257,5.757717686915669,5.657197696502956,5.740592002868652,458692848,2633168495.0018463
2005-05-12,GOOGL,5.728678170789557,5.763923159702324,5.663898803378268,5.676805019378662,357570072,2029855579.5091896
2005-05-13,GOOGL,5.688222319124476,5.735628191675472,5.6420578836932265,5.689711570739746,296323380,1685994563.8667107
2005-05-16,GOOGL,5.700631799096098,5.7487820556281015,5.673081829602857,5.734634876251221,227028744,1301926953.25391
2005-05-17,GOOGL,5.722474384733077,5.794203442002712,5.713538874691192,5.786261081695557,312043644,1805565993.0676632
2005-05-18,GOOGL,5.798174198948418,5.956028716763466,5.795940558065203,5.935924530029297,491987520,2920400788.4362793
2005-05-19,GOOGL,5.9652128005327585,5.985812617232206,5.9138352743199425,5.936420917510986,388271340,2304942104.44602
2005-05-20,GOOGL,5.986804526463737,5.998222436166022,5.948085880590146,5.996732711791992,326213460,1956214926.6088486
2005-05-23,GOOGL,6.0352040224470835,6.406013474010046,6.024035345110324,6.340240955352783,854676468,5418854745.989862
2005-05-24,GOOGL,6.377717974288549,6.588191446409885,6.291841744437319,6.353890895843506,1160562276,7374086079.535818
2005-05-25,GOOGL,6.272730839962763,6.477494651868861,6.220608454490801,6.473275184631348,721593684,4671074488.023914
2005-05-26,GOOGL,6.47699872537077,6.546494610644153,6.410977445189688,6.433314800262451,541322136,3482495709.2384834
2005-05-27,GOOGL,6.4645873829063545,6.603330849831563,6.434555958896422,6.602090358734131,486876636,3214403544.428507
2005-05-31,GOOGL,6.687222846248274,6.909857694266227,6.685734067509388,6.881811618804932,888582528,6115057565.4574585
2005-06-01,GOOGL,7.028992167522305,7.269497057841383,6.9997051317047765,7.148127555847168,1406260332,10052128229.863987
2005-06-02,GOOGL,7.166245914940453,7.192307580922738,7.063740100494695,7.145646572113037,718245036,5132325179.430605
2005-06-03,GOOGL,7.1180957669014395,7.180393677558934,6.885284944836896,6.956022262573242,750540708,5220777873.815483
2005-06-06,GOOGL,7.008888353514008,7.290842120825373,6.9949894606037075,7.22109842300415,900134964,6499963169.031298
2005-06-07,GOOGL,7.37398948412488,7.435790825668807,7.205214096065634,7.275205612182617,971947080,7071114851.160507
2005-06-08,GOOGL,7.26850491618363,7.276943377897534,6.899929101589279,6.938648223876953,1027007964,7126046985.316086
2005-06-09,GOOGL,7.0667185910552615,7.160538129196783,6.963467914544861,7.10618257522583,656986356,4668664995.168314
2005-06-10,GOOGL,7.123059941291773,7.13025743874583,6.950065566910448,7.0116190910339355,507356136,3557387969.13081
2005-06-13,GOOGL,6.9451024407361865,7.053565272210447,6.863196433924574,7.017824649810791,511615872,3590430477.7560425
2005-06-14,GOOGL,6.914573072075736,6.980345116049771,6.893724496593968,6.908616065979004,403272324,2786053656.5510902
2005-06-15,GOOGL,6.825468994339935,6.882553811691742,6.637581651962962,6.820504665374756,834488676,5691633907.860403
2005-06-16,GOOGL,6.807102228189,6.907374875275676,6.777567375774379,6.886030197143555,497997504,3429225850.646118
2005-06-17,GOOGL,6.924749499525908,6.957015514373779,6.847807354982117,6.957015514373779,416958624,2900787616.019943
2005-06-20,GOOGL,6.852523524371419,7.139937741316548,6.744308512668636,7.115862846374512,840147012,5978370908.183361
2005-06-21,GOOGL,7.149865651756256,7.205213883220239,7.072923508757532,7.1441569328308105,604686708,4319976737.14884
2005-06-22,GOOGL,7.189577019287403,7.255349062048458,7.164757264508343,7.180393695831299,418541040,3005289445.0626755
2005-06-23,GOOGL,7.148127864145236,7.3171515287593705,7.110898467500349,7.190569877624512,561693744,4038898116.056534
2005-06-24,GOOGL,7.220106018996201,7.396326716409595,7.187343902465208,7.377712726593018,710137152,5239187903.93692
2005-06-27,GOOGL,7.41866495024458,7.556911385718267,7.2935730187483845,7.547728061676025,711403884,5369483058.452116
2005-06-28,GOOGL,7.601836078008267,7.675550482927264,7.495606899261475,7.495606899261475,760698540,5701897224.682131
2005-06-29,GOOGL,7.508016911256747,7.554678397761098,7.251131157434016,7.265278339385986,731216052,5312488144.006937
2005-06-30,GOOGL,7.305486324789801,7.41940957509497,7.2235803274337504,7.300770282745361,603172224,4403621848.356628
2005-07-01,GOOGL,7.322859552235093,7.352643638084366,7.178408769458315,7.228793144226074,368734896,2665508288.2417145
2005-07-05,GOOGL,7.249889387800256,7.346190374341919,7.203475723992485,7.339488506317139,299460240,2197884989.578972
2005-07-06,GOOGL,7.378954158678068,7.386399471796937,7.23202048100621,7.235494613647461,319691988,2313129657.2002487
2005-07-07,GOOGL,7.182627089582401,7.3417220858578975,7.160785838547957,7.335269451141357,426457116,3128177855.216646
2005-07-08,GOOGL,7.352891632464401,7.383916206319708,7.298288268976252,7.352395057678223,298005696,2191055606.430359
2005-07-11,GOOGL,7.356615018473346,7.36157887527402,7.2230846221360165,7.280914783477783,335276388,2441118809.940233
2005-07-12,GOOGL,7.281906785127042,7.306974354232048,7.22085031169692,7.241947174072266,234361404,1697232907.4094086
2005-07-13,GOOGL,7.260065920295528,7.427103773117133,7.249890391935284,7.417672634124756,457058484,3390310208.9613476
2005-07-14,GOOGL,7.578504371257613,7.613500126322242,7.447703728635451,7.4680562019348145,426281292,3183492646.4893856
2005-07-15,GOOGL,7.4767439281070205,7.530355094109393,7.440506260642607,7.4755024909973145,337198464,2520727957.5924683
2005-07-18,GOOGL,7.44596676903958,7.493124351276549,7.39012149213894,7.434549331665039,248063688,1844241725.8307648
2005-07-19,GOOGL,7.498088627131877,7.702853392745035,7.4906433149522265,7.691683769226074,504351144,3879309508.2954025
2005-07-20,GOOGL,7.58421288580702,7.758944787808917,7.490642587413704,7.743804931640625,571843584,4428245165.90625
2005-07-21,GOOGL,7.794686163668822,7.887760842191403,7.724197600828675,7.791955947875977,790784424,6161757396.074478
2005-07-22,GOOGL,7.604069282942003,7.675550520271633,7.354878101947516,7.505534648895264,934536528,7014196291.562279
2005-07-25,GOOGL,7.505286464656835,7.527624766849387,7.320874638350463,7.342965126037598,385965648,2834132293.112503
2005-07-26,GOOGL,7.322115713839065,7.396326218255437,7.249641329548063,7.348920822143555,392283324,2882859087.9232864
2005-07-27,GOOGL,7.389873763535468,7.402035117420739,7.257335105643155,7.369770050048828,288427284,2125642759.2401276
2005-07-28,GOOGL,7.381683297595488,7.381683297595488,7.279176070280234,7.284636974334717,236786976,1724907160.4105072
2005-07-29,GOOGL,7.250883453568262,7.268256953739362,7.123060820381614,7.142171859741211,334197468,2386895751.546364
2005-08-01,GOOGL,7.151105135580684,7.259816702626388,7.150609506669157,7.237727165222168,226269504,1637676935.762146
2005-08-02,GOOGL,7.237478855046182,7.434052009166447,7.225565316222881,7.425861835479736,291316392,2163275277.4024544
2005-08-03,GOOGL,7.3963269560034535,7.439018206166643,7.3367592545045675,7.378953456878662,236986776,1748714389.9997292
2005-08-04,GOOGL,7.335517814063926,7.421146231619493,7.328072502136514,7.3896260261535645,209250540,1546283236.3706875
2005-08-05,GOOGL,7.383916591873707,7.408984634245653,7.230281547220122,7.256093978881836,237350412,1722236895.398323
2005-08-08,GOOGL,7.287118932973017,7.338000828435518,7.209929921383429,7.228793144226074,179092728,1294624284.347145
2005-08-09,GOOGL,7.24641429670238,7.2642848424022,7.160786352333577,7.2367353439331055,230940828,1671257652.3447762
2005-08-10,GOOGL,7.23003399704529,7.255598615163888,7.0706897550126255,7.090545654296875,274884840,1949083507.6940918
2005-08-11,GOOGL,7.095757686544998,7.112883842778315,6.964957513672554,7.050088882446289,300295404,2117109289.190117
2005-08-12,GOOGL,7.0329642545821915,7.202731850153602,6.990273950025444,7.1908183097839355,263172564,1892426091.8439846
2005-08-15,GOOGL,7.192804269740094,7.266520100211616,7.0431399135833415,7.048849105834961,326661012,2302584182.3473434
2005-08-16,GOOGL,7.07068979750206,7.14291589760477,7.032467723194656,7.089800834655762,284083632,2014096371.2656403
2005-08-17,GOOGL,7.086326417572871,7.112634951180184,7.048848261165624,7.076150417327881,155176668,1098053444.02775
2005-08-18,GOOGL,6.848056412066249,6.9619796728096395,6.825470295279751,6.949321269989014,474437088,3297015746.9100494
2005-08-19,GOOGL,6.9741411674737535,6.985557659646168,6.940137140808933,6.949569225311279,221494284,1539289859.6687565
2005-08-22,GOOGL,6.980345075498013,6.9860542670812125,6.784516777452546,6.800897598266602,272247480,1851527232.8661346
2005-08-23,GOOGL,6.854260109239752,6.943115783061856,6.80362745211758,6.939143657684326,232635132,1614288600.772356
2005-08-24,GOOGL,6.889256479069365,7.067463471587778,6.861458219936951,7.013355731964111,343380276,2408248026.9280186
2005-08-25,GOOGL,7.012858969873971,7.0488478727868635,6.948823523052617,7.013852119445801,174888936,1226645134.431221
2005-08-26,GOOGL,7.035941617799919,7.074165109602243,7.015590090106944,7.038424491882324,150061788,1056198563.954853
2005-08-29,GOOGL,7.005164897378539,7.175925615952234,7.005164897378539,7.159296035766602,235883880,1688762526.9852448
2005-08-30,GOOGL,7.132988154314171,7.185606169279831,7.095509523629302,7.130009651184082,191488320,1365313569.6890259
2005-08-31,GOOGL,7.15383703682065,7.1605384326862165,7.057783853723673,7.0984883308410645,201158640,1427922258.6878586
2005-09-01,GOOGL,7.09625447420786,7.135718458851749,7.0736683588922915,7.1046929359436035,109574316,778491868.8460522
2005-09-02,GOOGL,7.111145779888551,7.197519052282918,7.109408241066436,7.159296035766602,137242620,982560545.3042221
2005-09-06,GOOGL,7.172948327954399,7.182628227419396,7.118344482325653,7.126039028167725,168323508,1199479887.3661022
2005-09-07,GOOGL,7.095758978706455,7.334278570139593,7.080619119005874,7.318641662597656,299680020,2193250679.820099
2005-09-08,GOOGL,7.317647890181156,7.4280960657659145,7.2811624086168365,7.331546783447266,264267468,1937489304.9851532
2005-09-09,GOOGL,7.3784559632807225,7.423628666232521,7.360585890374992,7.4233808517456055,175444380,1302390451.0383797
2005-09-12,GOOGL,7.489400553893532,7.729408864250914,7.470786566166867,7.687711715698242,415044540,3190742772.6945877
2005-09-13,GOOGL,7.669345826918832,7.831419341283684,7.59910555256824,7.735863208770752,411584004,3183957553.862154
2005-09-14,GOOGL,7.662643877851805,7.775574446392837,7.453412321495936,7.520426273345947,450580968,3388560950.0168495
2005-09-15,GOOGL,7.434052294459014,7.613500245893765,7.3940926823766615,7.5109944343566895,618029352,4642015023.141071
2005-09-16,GOOGL,7.545741855360011,7.5576553938193065,7.442739003176384,7.450930595397949,302888808,2256803486.530815
2005-09-19,GOOGL,7.47078716681605,7.59488641873072,7.4635887235129506,7.54003381729126,230245524,1736059037.2399464
2005-09-20,GOOGL,7.598608092308499,7.726430704989612,7.5757741637181555,7.642291069030762,373665960,2855664028.908806
2005-09-21,GOOGL,7.654701900238779,7.787488373554294,7.593893711596762,7.741322994232178,404383212,3130461057.5370655
2005-09-22,GOOGL,7.731394328099994,7.923004097637356,7.6983844003093695,7.72816801071167,519735744,4016605150.8042297
2005-09-23,GOOGL,7.768626336778026,7.87311799241266,7.758450807632285,7.8272013664245605,339012648,2653520261.6608086
2005-09-26,GOOGL,7.929953744026183,7.965943595503159,7.757704706900805,7.800394535064697,395380224,3084121738.562256
2005-09-27,GOOGL,7.81702446485698,7.9029006998349765,7.778056581489053,7.791955947875977,274649076,2140053501.3168411
2005-09-28,GOOGL,7.798904777618299,7.8207465028953616,7.5849581170234055,7.594886302947998,319576104,2427144175.019085
2005-09-29,GOOGL,7.611763851460247,7.712036024789165,7.596871808738883,7.684733867645264,224327448,1723896737.0880318
2005-09-30,GOOGL,7.79890473076184,7.880314152312139,7.751002759157574,7.854501247406006,365685948,2872280734.724848
2005-10-03,GOOGL,7.784261951350389,7.945094968719369,7.763413375761499,7.909602165222168,366045588,2895274975.4148216
2005-10-04,GOOGL,7.941123338190303,7.97413374060769,7.7125319765907125,7.718985557556152,365406228,2820565396.5730705
2005-10-05,GOOGL,7.76093159415912,7.815783253163886,7.644526407257108,7.711788654327393,332802864,2566505350.7228622
2005-10-06,GOOGL,7.7969193620982225,7.805358769348898,7.696398904170293,7.762420654296875,319432248,2479567479.5236816
2005-10-07,GOOGL,7.813053438311113,7.859714922200087,7.707568642937878,7.768377780914307,270541188,2101666153.6813602
2005-10-10,GOOGL,7.776320779545152,7.81379799633329,7.673069143756732,7.710299491882324,222665112,1716814699.9135208
2005-10-11,GOOGL,7.709306627510331,7.7599388214527245,7.566591951749706,7.5973687171936035,341362296,2593455228.859783
2005-10-12,GOOGL,7.575030442566647,7.624421193316705,7.421146161058755,7.4700422286987305,371875752,2777927571.2690964
2005-10-13,GOOGL,7.495607025017296,7.495607025017296,7.21464498307762,7.382427215576172,422285292,3117490432.3983307
2005-10-14,GOOGL,7.443484036036112,7.451674682588763,7.260809775471404,7.350161552429199,340423236,2502165780.8007317
2005-10-17,GOOGL,7.383916633483804,7.57503030846184,7.310945673826063,7.570066452026367,302365332,2288925656.0290146
2005-10-18,GOOGL,7.5690733257990805,7.643533064274967,7.51397291123843,7.527376174926758,282828888,2128959433.1122284
2005-10-19,GOOGL,7.545246570418897,7.690939736087777,7.544253893671904,7.661899566650391,280147572,2146462560.504959
2005-10-20,GOOGL,7.693917719465297,7.722212080616951,7.475998927300654,7.525390625,555911532,4183451431.2421875
2005-10-21,GOOGL,8.582717799546462,8.5983537582241,8.265022473395382,8.436280250549316,914780304,7717343012.2267
2005-10-24,GOOGL,8.522405366038823,8.669587306492767,8.493116909952937,8.653453826904297,376890732,3261406547.1501617
2005-10-25,GOOGL,8.582221086111192,8.6224294578159,8.509746702080847,8.61026668548584,274856868,2366590933.817379
2005-10-26,GOOGL,8.594630561758171,8.83587984148964,8.592396448087507,8.821980476379395,355943700,3140128372.0902443
2005-10-27,GOOGL,8.850773371445788,8.862934253223335,8.728659466101744,8.762909889221191,205170624,1797891690.0272827
2005-10-28,GOOGL,8.81776217280413,8.909098833232154,8.811556406438799,8.889739036560059,235903860,2097123753.117199
2005-10-31,GOOGL,8.94111790759013,9.301254843526884,8.92300001718412,9.236474990844727,573142284,5293814372.361626
2005-11-01,GOOGL,9.22952605677532,9.528357281681991,9.158788248867115,9.416171073913574,653589756,6154312954.653431
2005-11-02,GOOGL,9.473751552473825,9.55565802776833,9.361318492692286,9.423616409301758,422193384,3978588501.361038
2005-11-03,GOOGL,9.491374443365833,9.594872935766432,9.465808878986353,9.579236030578613,297638064,2851145266.7404633
2005-11-04,GOOGL,9.679261017093106,9.724185436210828,9.566827007902363,9.690430641174316,352643004,3417262571.357357
2005-11-07,GOOGL,9.80633921632311,9.865163005123856,9.733121376647322,9.80460262298584,383276340,3757872208.4924126
2005-11-08,GOOGL,9.78524143880443,9.818500604807614,9.644513066520565,9.677275657653809,315584100,3053994328.8725853
2005-11-09,GOOGL,9.597107387719657,9.63731576713326,9.382663643370746,9.410462379455566,418257324,3935994812.433758
2005-11-10,GOOGL,9.390853267889339,9.713264673712471,9.367771521823272,9.707058906555176,364782852,3540968632.4651985
2005-11-11,GOOGL,9.806835879439468,9.851014965674175,9.651214981967728,9.689685821533203,282273444,2735140988.1221466
2005-11-14,GOOGL,9.732375365367716,9.883775837267978,9.717731609278328,9.852751731872559,312003684,3074094837.8816185
2005-11-15,GOOGL,9.788466595699749,9.853495195383495,9.70333570180823,9.749252319335938,344651004,3360089600.1084595
2005-11-16,GOOGL,9.833639571703898,9.899411613494099,9.78176594920221,9.882038116455078,347460192,3433614861.2948
2005-11-17,GOOGL,9.972632322377859,10.02252060122099,9.916291407438338,10.013585090637207,368119512,3686196056.9358444
2005-11-18,GOOGL,10.014576404275585,10.039645392217873,9.924231948635095,9.933167457580566,280742976,2788666993.147522
2005-11-21,GOOGL,9.907354244815354,10.175657873540343,9.766378073714025,10.160268783569336,412990596,4196095460.446495
2005-11-22,GOOGL,10.142646874753899,10.357588108362133,10.082584020674133,10.336738586425781,383456160,3963686085.274658
2005-11-23,GOOGL,10.350885293104366,10.541502863941977,10.319613376273372,10.49533748626709,402996600,4229585322.818184
2005-11-25,GOOGL,10.567812804708288,10.641527213449754,10.555898791665102,10.638300895690918,193410396,2057557989.0027351
2005-11-28,GOOGL,10.668085364999298,10.703329884682912,10.484915447675204,10.510727882385254,439895664,4623623620.945175
2005-11-29,GOOGL,10.535048521118723,10.583200194546844,9.981069704231068,10.015817642211914,858972168,8603308594.423416
2005-11-30,GOOGL,10.033688366854529,10.137682481401828,9.817754940872366,10.049820899963379,623240136,6263451744.468819
2005-12-01,GOOGL,10.156297546228926,10.311173074766966,10.133711433123716,10.277667045593262,389406204,4002187310.200367
2005-12-02,GOOGL,10.348406290636461,10.41268956721395,10.271961185266344,10.367269515991211,301438260,3125091683.851433
2005-12-05,GOOGL,10.349894185424796,10.362304773537836,10.034185130401658,10.073152542114258,411164424,4141721962.8425446
2005-12-06,GOOGL,10.143888645140494,10.335250611388984,9.970149882964554,10.040637969970703,604406988,6068631753.028427
2005-12-07,GOOGL,10.080845557769974,10.094249294829492,9.903383900363531,10.032695770263672,466169364,4676935406.429306
2005-12-08,GOOGL,10.059500508340395,10.19228744506836,9.99347876167723,10.19228744506836,356043600,3628898714.176941
2005-12-09,GOOGL,10.300254286660616,10.319615032178918,10.140414869767158,10.156299591064453,305430264,3102041265.361908
2005-12-12,GOOGL,10.291071415704792,10.305467357504806,10.174914515002252,10.240935325622559,277725996,2844173963.2801094
2005-12-13,GOOGL,10.238202451127238,10.374711325296794,10.216857303344943,10.362053871154785,326225448,3380365666.317604
2005-12-14,GOOGL,10.350885386476774,10.417651525402992,10.312415499209715,10.398539543151855,264950784,2755101204.413086
2005-12-15,GOOGL,10.402263585555772,10.502287942812941,10.337483744611763,10.487643241882324,241590168,2533711492.7304153
2005-12-16,GOOGL,10.556892044303753,10.734602470980319,10.492607827857103,10.676276206970215,652566780,6966983186.773167
2005-12-19,GOOGL,10.727155904061476,11.07488218642442,10.427082833293115,10.538524627685547,876594528,9238013021.822388
2005-12-20,GOOGL,10.619437592082233,10.727156500082922,10.540261806413167,10.666099548339844,402984612,4298273988.041107
2005-12-21,GOOGL,10.760663000281385,10.842816339675602,10.441975464105486,10.581462860107422,448427124,4745014958.0707855
2005-12-22,GOOGL,10.716483197725388,10.743536594869228,10.571535367318148,10.723185539245605,301562136,3233706735.9392166
2005-12-23,GOOGL,10.725914546827752,10.734601295388613,10.642271486942573,10.695633888244629,183620196,1963934390.9037209
2005-12-27,GOOGL,10.718717558503545,10.718717558503545,10.492857345951714,10.539518356323242,267843888,2822945574.2049866
2005-12-28,GOOGL,10.532071579882428,10.617452186102573,10.45562648333306,10.590398788452148,284431284,3012240725.471489
2005-12-29,GOOGL,10.62241530899958,10.641030716396763,10.403753083163846,10.428075790405273,277554168,2894355899.846878
2005-12-30,GOOGL,10.356594662633192,10.379926112204565,10.268980893534938,10.296778678894043,303180516,3121782673.0048943
2006-01-03,GOOGL,10.486900250766157,10.813281397823571,10.380174493433536,10.802360534667969,524323152,5663927724.577515
2006-01-04,GOOGL,11.017549733986623,11.143137770222332,10.914546867842393,11.05080795288086,610844544,6750325744.809082
2006-01-05,GOOGL,11.069669848478306,11.207419695691238,10.957980246332909,11.199725151062012,431899668,4837157574.434933
2006-01-06,GOOGL,11.339463908753968,11.677759110455401,11.249368195373476,11.557631492614746,709565724,8200899157.782383
2006-01-09,GOOGL,11.576244735247855,11.749735692956596,11.440480224416648,11.588406562805176,511164324,5923580006.913471
2006-01-10,GOOGL,11.526852273042156,11.671552284094128,11.467781624079738,11.659391403198242,363520116,4238423315.380028
2006-01-11,GOOGL,11.696870268398069,11.792178592760868,11.644996638599443,11.705805778503418,359935704,4213337443.772896
2006-01-12,GOOGL,11.757676711705335,11.789198333958975,11.454378284295728,11.507244110107422,404606988,4655911379.571304
2006-01-13,GOOGL,11.52412157638147,11.588157973506485,11.457108567904466,11.572273254394531,305957736,3540626525.287903
2006-01-17,GOOGL,11.493097453796835,11.66286550724961,11.479943423291013,11.59361743927002,330481188,3831472464.547474
2006-01-18,GOOGL,11.10193529330619,11.351622544394521,11.001414372746252,11.04261589050293,818608572,9039580025.269112
2006-01-19,GOOGL,11.197989178769479,11.255571994804825,10.747012224103257,10.832639694213867,580910508,6292794227.746742
2006-01-20,GOOGL,10.888485392075241,10.92149579561821,9.797402644437664,9.914552688598633,1643023332,16289841393.710884
2006-01-23,GOOGL,10.11112674865342,10.632591782413177,10.070173041549987,10.610502243041992,908746344,9642255121.36821
2006-01-24,GOOGL,10.822217640050868,11.043610583790482,10.783746801908116,10.995956420898438,617965416,6795120783.958374
2006-01-25,GOOGL,11.200223203175371,11.273937606320914,10.65319260327282,10.7470121383667,748842408,8047818448.499748
2006-01-26,GOOGL,10.909333627792643,10.920503250808887,10.512712222823016,10.778532981872559,516526956,5567402831.272236
2006-01-27,GOOGL,10.79665298103351,10.876572214590533,10.647236911185125,10.759174346923828,337749912,3633910188.8661804
2006-01-30,GOOGL,10.653441055705866,10.75396199218303,10.548453783194404,10.59362506866455,343212444,3635863950.6360283
2006-01-31,GOOGL,10.686699443201931,10.91082304451594,10.522888399389993,10.738572120666504,881757360,9468815003.288498
2006-02-01,GOOGL,9.65568209061759,9.97759598369177,9.618204401519662,9.972136497497559,1083815100,10807952115.248966
2006-02-02,GOOGL,10.022767543434236,10.089284921206286,9.828178320621749,9.829668045043945,471835692,4637988224.163597
2006-02-03,GOOGL,9.76960539995836,9.776554610510976,9.247147160282873,9.4700288772583,730540728,6918241790.173302
2006-02-06,GOOGL,9.563350518077065,9.677274235062903,9.420635867292964,9.558138847351074,357258384,3414725238.6522675
2006-02-07,GOOGL,9.505769178053816,9.52339143625435,9.018306738046496,9.131732940673828,664542792,6068427304.193756
2006-02-08,GOOGL,9.145631845767792,9.200484916904193,8.802869435173017,9.160523414611816,831331836,7615434748.990231
2006-02-09,GOOGL,9.213142662148918,9.292565311007715,8.83861080287625,8.904630661010742,476019504,4238777870.5575256
2006-02-10,GOOGL,8.983558616960186,9.046849678184394,8.764894498466695,8.99993896484375,608331060,5474942410.418701
2006-02-13,GOOGL,8.603565976067502,8.701852788645514,8.485671553038996,8.58023452758789,787923288,6760566600.7881775
2006-02-14,GOOGL,8.571052209253637,8.728906243532965,8.498330012443965,8.521163940429688,585573840,4989770689.866943
2006-02-15,GOOGL,8.470283279709454,8.587682085110357,8.384902674274922,8.497833251953125,517362120,4396457026.636963
2006-02-16,GOOGL,8.579490626556243,9.108898976416778,8.550203116448237,9.095497131347656,851767380,7747247761.365509
2006-02-17,GOOGL,9.17988513191609,9.23647385622074,9.025008637714512,9.152334213256836,572235192,5237287725.771194
2006-02-21,GOOGL,9.094999573334317,9.271221208081565,9.061989170977592,9.098723411560059,347092560,3158099201.6503143
2006-02-22,GOOGL,9.112621235440656,9.157296886803026,9.030964477289263,9.071419715881348,258788952,2347583201.4250717
2006-02-23,GOOGL,9.074399143006776,9.462334757245817,9.06893965735208,9.383655548095703,501561936,4706484443.460022
2006-02-24,GOOGL,9.364544392917823,9.433294942000396,9.269980465261488,9.367025375366211,259112628,2427114561.5538254
2006-02-27,GOOGL,9.463079037889209,9.721950592232933,9.438507569297952,9.689188003540039,408079512,3953959112.1608734
2006-02-28,GOOGL,9.759180271302528,9.866898227810493,8.401780222985487,9.000188827514648,1575926496,14183636042.283508
2006-03-01,GOOGL,9.147618518449942,9.169708060430542,8.967427104364294,9.054296493530273,481965552,4363859007.475983
2006-03-02,GOOGL,9.041388318865339,9.458859239231087,8.989763455183418,9.3434476852417,732478788,6843877236.227245
2006-03-03,GOOGL,9.538282953431274,9.611253914098098,9.326321173078812,9.386385917663574,478001520,4486706735.949783
2006-03-06,GOOGL,9.45414408189007,9.515946370431719,9.112374777855484,9.136201858520508,357230412,3263729154.0344467
2006-03-07,GOOGL,9.059756647544393,9.144888494979035,8.889244192318735,9.045608520507812,414736848,3751547166.0373535
2006-03-08,GOOGL,8.784504170747523,8.935905594577056,8.700364523483985,8.783263206481934,469354176,4122461264.869446
2006-03-09,GOOGL,8.82074058723489,8.898674456239068,8.475991872188482,8.513221740722656,555859584,4732155895.297852
2006-03-10,GOOGL,8.525631318430996,8.550451545888759,8.229033336444953,8.37671184539795,772250976,6468923898.279327
2006-03-13,GOOGL,8.461844971215093,8.590163689012945,8.325831708296317,8.365791320800781,545150304,4560613681.735107
2006-03-14,GOOGL,8.367778475742835,8.745784511975241,8.255592280165137,8.715753555297852,737289972,6426037694.744453
2006-03-15,GOOGL,8.70607119620329,8.74404545255153,8.451916652924895,8.550451278686523,510241248,4362792931.4002075
2006-03-16,GOOGL,8.652462413459352,8.655936545835578,8.386641629190938,8.408234596252441,400267332,3365541628.672062
2006-03-17,GOOGL,8.408978412232317,8.482941578826189,8.312925705213194,8.433549880981445,341725932,2881962693.1468735
2006-03-20,GOOGL,8.496840796015983,8.689194967029009,8.47698442391618,8.642036437988281,415887696,3594116622.942993
2006-03-21,GOOGL,8.687208753369339,8.728160565940456,8.415926641503686,8.436776161193848,392850756,3314393893.127781
2006-03-22,GOOGL,8.43255625276797,8.540522966300145,8.376711922793,8.444222450256348,303536160,2563126856.736603
2006-03-23,GOOGL,8.497089443610967,8.581476905131192,8.443727034494126,8.485672950744629,297090612,2521013770.1685677
2006-03-24,GOOGL,9.149107371821911,9.185592852305707,8.997458149911642,9.07911491394043,606616776,5507543418.028061
2006-03-27,GOOGL,9.111132877981087,9.225800999390279,9.059260194907948,9.175665855407715,280667052,2575307085.7743416
2006-03-28,GOOGL,9.225801360738908,9.378444696045884,9.212399514065726,9.362062454223633,357474168,3346695486.587631
2006-03-29,GOOGL,9.43006814259067,9.903135571191015,9.419395094738086,9.803359031677246,760338900,7453875222.450542
2006-03-30,GOOGL,9.659650501385121,9.766625002908011,9.521156271054041,9.641036987304688,587879532,5667768312.09137
2006-03-31,GOOGL,9.648483307356559,9.726170313825122,9.53158202176875,9.679757118225098,1459395144,14126590533.437141
2006-04-03,GOOGL,9.668091354163161,9.741062314519729,9.628379556442281,9.672309875488281,324583092,3139468246.1681213
2006-04-04,GOOGL,9.677275682492963,10.049574415937622,9.633592227536514,10.035675048828125,627999372,6302397628.260132
2006-04-05,GOOGL,10.131478150559566,10.289581901121572,9.997947760130138,10.126266479492188,535883580,5426499933.06427
2006-04-06,GOOGL,10.089035831153533,10.272703239771124,10.06272682578896,10.20544147491455,343596060,3506549481.3412285
2006-04-07,GOOGL,10.235971085553942,10.24689194874721,10.027732187254404,10.080845832824707,280754964,2830247508.8842506
2006-04-10,GOOGL,10.103680081483345,10.354112692465346,10.058259092496886,10.334505081176758,372431196,3848892087.450737
2006-04-11,GOOGL,10.335497763730062,10.402015139588963,10.082334475631747,10.167715072631836,443843712,4512876400.395264
2006-04-12,GOOGL,10.151334996490776,10.209165630901204,10.0567710649808,10.150094032287598,240439320,2440481707.059288
2006-04-13,GOOGL,10.142152130559644,10.170198679504427,9.940366801890951,9.9815673828125,261853884,2613712187.597168
2006-04-17,GOOGL,10.013583091666776,10.238203263024056,9.948803253972686,10.097227096557617,330049620,3332585966.272545
2006-04-18,GOOGL,10.124776145699114,10.171934672094778,9.965185517823251,10.033190727233887,325178496,3262577870.7630615
2006-04-19,GOOGL,10.239944213536816,10.266500094290505,10.094994467922756,10.188566207885742,270996732,2761068146.102669
2006-04-20,GOOGL,10.20122265281502,10.325073142845456,10.131478009593893,10.300252914428711,490369140,5050926163.430901
2006-04-21,GOOGL,11.141650055932656,11.186821346287871,10.825692216968378,10.848774909973145,901149948,9776372945.986004
2006-04-24,GOOGL,10.90585957863617,11.037404614862,10.834378341730222,10.933161735534668,353102544,3860527222.7807465
2006-04-25,GOOGL,10.911568359986887,10.946564117917283,10.57327319575583,10.60206413269043,382377240,4053988021.3611603
2006-04-26,GOOGL,10.616458203431845,10.6735444433341,10.51196751359386,10.572527885437012,290820888,3074711948.047554
2006-04-27,GOOGL,10.496579661807157,10.595858692514415,10.409213698607742,10.425098419189453,333182484,3473460187.2500153
2006-04-28,GOOGL,10.390349942364596,10.566571584334246,10.332520255178125,10.373224258422852,296555148,3076233055.193779
2006-05-01,GOOGL,10.386380725421505,10.41045562301927,9.891968988179496,9.900654792785645,414033552,4099203270.9828644
2006-05-02,GOOGL,9.95475974050647,9.9897554928982,9.640043891725341,9.798891067504883,523647828,5131168024.307533
2006-05-03,GOOGL,9.837362359014026,9.965185440722113,9.701597864001062,9.783254623413086,322565112,3155736623.32576
2006-05-04,GOOGL,9.804601446836653,9.899909763854929,9.734608987713996,9.797651290893555,185893920,1821323805.2572632
2006-05-05,GOOGL,9.868387368909385,9.944832457317606,9.723935180161513,9.786480903625488,242357400,2371826066.952324
2006-05-08,GOOGL,9.806586276519093,9.856473600325216,9.680997305843757,9.798395156860352,204539256,2004156455.3782196
2006-05-09,GOOGL,9.8212297618849,10.151334744445812,9.772832159162625,10.146370887756348,365258376,3706046952.755562
2006-05-10,GOOGL,10.13421014338196,10.218597607833471,9.974121964613696,10.001920700073242,247240512,2472879994.869507
2006-05-11,GOOGL,10.012840308872875,10.044857562269375,9.555161001960274,9.605297088623047,355356288,3413302718.550293
2006-05-12,GOOGL,9.519419571413486,9.552429973297201,9.271468889711356,9.28586483001709,403100496,3743136718.7688446
2006-05-15,GOOGL,9.330540730947806,9.435280185087409,9.139923153368,9.337242126464844,343260396,3205105429.8782043
2006-05-16,GOOGL,9.332028549828294,9.353622458638396,9.180628102981755,9.21562385559082,259384356,2390388658.920662
2006-05-17,GOOGL,9.198499430425302,9.427586904019092,9.18881953147873,9.295048713684082,425326248,3953428194.368477
2006-05-18,GOOGL,9.401277891661072,9.476482023476285,9.200981354646984,9.207930564880371,233166600,2146981862.8492355
2006-05-19,GOOGL,9.264767429223545,9.295048088205608,8.949307167388728,9.183855056762695,455472072,4182989491.6513824
2006-05-22,GOOGL,9.129993286586487,9.258560735220463,9.065462220771359,9.20693588256836,343831824,3165637557.954529
2006-05-23,GOOGL,9.28785198259184,9.527860326900099,9.271717556028333,9.321854591369629,358960680,3346179262.979164
2006-05-24,GOOGL,9.36578549119269,9.51693908891474,9.223319588520122,9.4625825881958,381769848,3612528716.3829575
2006-05-25,GOOGL,9.408722925628728,9.506017536270074,9.240692416550486,9.505768775939941,327456216,3112723073.540245
2006-05-26,GOOGL,9.544487643459751,9.577498991302654,9.432301461260069,9.46506404876709,146533320,1386947259.0784836
2006-05-30,GOOGL,9.388867641880031,9.456379122411901,9.219348334614796,9.231510162353516,172467360,1592134186.5142822
2006-05-31,GOOGL,9.277673819619748,9.388123409711762,9.103439430453939,9.228530883789062,318932748,2943280714.7697144
2006-06-01,GOOGL,9.271221273650692,9.505769169693629,9.223070541138986,9.496585845947266,250868880,2382397854.996643
2006-06-02,GOOGL,9.601328162841865,9.607285170206666,9.368268998871251,9.417659759521484,255200544,2403391893.836792
2006-06-05,GOOGL,9.336744994354834,9.467546579300736,9.286361096670287,9.293558120727539,222117660,2064263382.8499985
2006-06-06,GOOGL,9.34667443858069,9.679756977393769,9.339724282552421,9.679509162902832,409981608,3968420731.257637
2006-06-07,GOOGL,9.76017318804033,9.800380614052132,9.592886119731844,9.593134880065918,356095548,3416072622.1549873
2006-06-08,GOOGL,9.623910737180122,9.785737367031432,9.396560827439165,9.761661529541016,413965620,4040992267.306595
2006-06-09,GOOGL,9.734112877232361,9.814529628248998,9.564343865356056,9.594625473022461,246053700,2360793097.7514267
2006-06-12,GOOGL,9.638555839007996,9.691919192094627,9.45637907589604,9.469780921936035,200563236,1899289905.9145546
2006-06-13,GOOGL,9.453897329076579,9.605298765153064,9.38489800778598,9.593385696411133,306057636,2936128947.479805
2006-06-14,GOOGL,9.675537922373774,9.707058602764667,9.394824627016844,9.54051685333252,310569120,2962989923.4846497
2006-06-15,GOOGL,9.595866330889542,9.735602507681104,9.506019379026881,9.704578399658203,271156572,2631460211.5565643
2006-06-16,GOOGL,9.657418405118769,9.702839394946544,9.63011719418212,9.69713020324707,211971816,2055518299.1707306
2006-06-19,GOOGL,9.700853423596099,9.798892431026092,9.604800715532276,9.633591651916504,305018676,2938425370.792225
2006-06-20,GOOGL,9.63086130370251,9.726170571658809,9.593135802264142,9.609517097473145,161434404,1551306665.358387
2006-06-21,GOOGL,9.706065342822466,10.027234793532145,9.673551516249534,9.980820655822754,349426224,3487560474.1853485
2006-06-22,GOOGL,9.967170117993142,10.076873414427768,9.630115978352968,9.926712989807129,236239524,2345081951.596653
2006-06-23,GOOGL,9.996458733896594,10.169949695292791,9.94632358975464,10.04858112335205,212379408,2134111710.2174835
2006-06-26,GOOGL,10.095490258983192,10.133961093604725,10.008619930653698,10.032695770263672,141905952,1423699244.4056396
2006-06-27,GOOGL,10.06967717109807,10.126514655177994,9.953023699711983,9.9855375289917,164119716,1638823583.3654594
2006-06-28,GOOGL,10.027482718629418,10.088787480192945,9.956001483932589,10.079605102539062,148271580,1494518974.3295288
2006-06-29,GOOGL,10.126267680534628,10.379677885851716,10.072408695213985,10.369998931884766,266061672,2759059254.455475
2006-06-30,GOOGL,10.315145804780272,10.407724380493164,10.233985612830901,10.407724380493164,250069680,2602656305.358124
2006-07-03,GOOGL,10.425347059511914,10.51792469309978,10.41070330333623,10.503778457641602,86181732,905233820.0238419
2006-07-05,GOOGL,10.462081040902381,10.49385048377615,10.316139098611949,10.460591316223145,199224576,2084006869.683838
2006-07-06,GOOGL,10.5082446372911,10.55788509719063,10.473496693704174,10.503528594970703,147336516,1547553308.8893585
2006-07-07,GOOGL,10.57451385703692,10.620182662457335,10.322094935989432,10.43552303314209,241434324,2519493449.09309
2006-07-10,GOOGL,10.509734025097357,10.554160920542868,10.334505534074584,10.379676818847656,177278544,1840093993.6358643
2006-07-11,GOOGL,10.387371412463656,10.54969368775475,10.25135909096128,10.537532806396484,238613148,2514393875.0875397
2006-07-12,GOOGL,10.476227691001425,10.492360226136926,10.343193865117682,10.356100082397461,196071732,2030538479.9210129
2006-07-13,GOOGL,10.275433469269286,10.38315236978801,10.097475243531958,10.147114753723145,276703020,2807737296.6417503
2006-07-14,GOOGL,10.18434606652398,10.213137002759378,9.89345630927932,10.014825820922852,301781916,3022293324.644371
2006-07-17,GOOGL,10.042872631785688,10.200974497816285,10.020285569944903,10.123784065246582,232243524,2351183287.527912
2006-07-18,GOOGL,10.169947433505223,10.190300377410905,9.871860702773951,10.003654479980469,341130528,3412551934.6853027
2006-07-19,GOOGL,9.804105040441115,9.956251803022397,9.795418290381766,9.90313720703125,340399260,3371020576.9519043
2006-07-20,GOOGL,10.034186319654973,10.038157973161793,9.572039647807927,9.608277320861816,501046452,4814193261.449879
2006-07-21,GOOGL,9.583951907897898,9.723191490108324,9.374224238023134,9.682487487792969,469713816,4547998146.263489
2006-07-24,GOOGL,9.749748235907726,9.776306003442503,9.461590120914762,9.702094078063965,323120556,3134946032.8683357
2006-07-25,GOOGL,9.55615380794456,9.712272215400029,9.525874091620473,9.663872718811035,230213556,2224754503.3288765
2006-07-26,GOOGL,9.635081508766776,9.727163511076569,9.506018395178355,9.56806755065918,221054724,2115066531.624321
2006-07-27,GOOGL,9.614479964249728,9.617458467240718,9.380676465096421,9.491125106811523,225418356,2139473818.167778
2006-07-28,GOOGL,9.481197758041143,9.668835886822277,9.474496362518359,9.633095741271973,163180656,1571934882.3715668
2006-07-31,GOOGL,9.63011728089651,9.659156031052879,9.513711628214375,9.595369338989258,183628188,1761980284.9093552
2006-08-01,GOOGL,9.558387800575584,9.574769095685715,9.320116996765137,9.320116996765137,218309472,2034669820.5420227
2006-08-02,GOOGL,9.322351121294105,9.361319482428437,9.064224863611118,9.114609718322754,283628088,2585159327.2741013
2006-08-03,GOOGL,9.058763675372015,9.379684404376441,9.018555299110995,9.317138671875,252826920,2355623473.623047
2006-08-04,GOOGL,9.420636930272286,9.448436609326961,9.226793970666069,9.278916358947754,203604192,1889226267.8991394
2006-08-07,GOOGL,9.220588121636265,9.424856292810306,9.211901373176763,9.38067626953125,157718124,1479502663.081787
2006-08-08,GOOGL,9.501548306348951,9.543245451734597,9.408970693180658,9.456377029418945,229498272,2170222187.632141
2006-08-09,GOOGL,9.501054290631576,9.547715299737417,9.341212999181698,9.355608940124512,172267560,1611667924.4294357
2006-08-10,GOOGL,9.279660064320478,9.37372836955161,9.244416490760933,9.287602424621582,170305524,1581729997.628849
2006-08-11,GOOGL,9.29256525609496,9.314406980976875,9.133719013459249,9.14612865447998,150509340,1376577787.34087
2006-08-14,GOOGL,9.22058843673574,9.310685079379263,9.150348165677826,9.169211387634277,198533268,1820393501.7698479
2006-08-15,GOOGL,9.285368532198452,9.473006661443204,9.247889901732556,9.455633163452148,267660072,2530895453.33519
2006-08-16,GOOGL,9.517931960369435,9.641286834299516,9.484177165053348,9.6231689453125,233893872,2250800245.529297
2006-08-17,GOOGL,9.590156649003,9.679756718792422,9.528851885695758,9.57551383972168,203004792,1943875195.325821
2006-08-18,GOOGL,9.588170490516069,9.607531233851846,9.45017281742702,9.514952659606934,197889912,1882913144.493782
2006-08-21,GOOGL,9.384400295919239,9.406737651800489,9.312919054556868,9.364544868469238,160771068,1505547879.837719
2006-08-22,GOOGL,9.375216914172139,9.413190225935386,9.30348597427154,9.389115333557129,166397436,1562324717.812191
2006-08-23,GOOGL,9.372982432767953,9.388619337861543,9.249379754095056,9.2684907913208,145546308,1348994615.408741
2006-08-24,GOOGL,9.293558392264513,9.342205698366206,9.239451600807032,9.2759370803833,139160700,1290845897.2620964
2006-08-25,GOOGL,9.259803508743223,9.315400024079851,9.24540851449514,9.26427173614502,98569332,913173076.4982948
2006-08-28,GOOGL,9.322599057195282,9.455137252807617,9.307458726082585,9.455137252807617,166393440,1573272813.166809
2006-08-29,GOOGL,9.450917597543436,9.489140619249127,9.362061912084627,9.405497550964355,178221600,1676262822.328949
2006-08-30,GOOGL,9.411950351638033,9.546970461827712,9.39457590835595,9.450172424316406,161614224,1527282283.0220947
2006-08-31,GOOGL,9.468538567626714,9.484918914556397,9.386880864015826,9.395071983337402,118277604,1111226603.5966759
2006-09-01,GOOGL,9.456128029680375,9.46332694532411,9.361812870765736,9.396808624267578,106809084,1003664521.6813202
2006-09-05,GOOGL,9.428330246786366,9.565584464112456,9.368017691791927,9.539772033691406,162809028,1553161012.146881
2006-09-06,GOOGL,9.483679195979565,9.51073259115705,9.423118824920591,9.43503189086914,148815036,1404074610.5008392
2006-09-07,GOOGL,9.416417517850894,9.474992541993029,9.367025818043407,9.39408016204834,153526320,1442238557.0642853
2006-09-08,GOOGL,9.350149213814976,9.451165784951915,9.350149213814976,9.378195762634277,123212664,1155512483.427681
2006-09-11,GOOGL,9.388371503018933,9.547963087824556,9.37620967594069,9.533071517944336,180986832,1725360413.2621765
2006-09-12,GOOGL,9.55565756990568,9.747515167372924,9.552679066777971,9.726914405822754,217470312,2115315110.631569
2006-09-13,GOOGL,9.807580401513778,10.095738533796903,9.806338491446628,10.091022491455078,390337272,3938902191.0052185
2006-09-14,GOOGL,10.034681480520835,10.083824419440102,9.97585769665895,10.026739120483398,214429356,2150027212.3852615
2006-09-15,GOOGL,10.113606695547707,10.17739432478188,10.095240996221799,10.173174858093262,313214472,3186385591.741356
2006-09-18,GOOGL,10.176153033950106,10.391838639524266,10.162999004179198,10.292559623718262,283983732,2922919493.7760277
2006-09-19,GOOGL,10.311671320961157,10.312415710268269,9.74776284290802,10.0225191116333,571144284,5724304501.890118
2006-09-20,GOOGL,10.104176977116923,10.111374947529072,9.794424001761833,9.853495597839355,365546088,3601906768.9153976
2006-09-21,GOOGL,9.935401825309414,10.137682760202795,9.92448096271576,10.097970962524414,427256316,4314421872.523155
2006-09-22,GOOGL,10.05155837570896,10.112863136165592,9.96170954975629,10.021774291992188,185798016,1862025780.2519531
2006-09-25,GOOGL,10.066450920670583,10.162503630467151,9.99000582354236,10.026739120483398,229262508,2298755357.823738
2006-09-26,GOOGL,10.06446427715296,10.118571065928595,9.971885711462068,10.098467826843262,211364424,2134456835.5032578
2006-09-27,GOOGL,10.08432193524796,10.206434893139475,9.986778555090424,10.0004301071167,234832932,2348430323.3152885
2006-09-28,GOOGL,10.029221012783173,10.101198827711555,9.941359423693942,10.01681137084961,204091704,2044348101.3232727
2006-09-29,GOOGL,10.055281870827177,10.067444644859497,9.962952048355376,9.975114822387695,132303564,1319743242.311119
2006-10-02,GOOGL,9.975112962780162,10.07687390555147,9.947810808103032,9.963695526123047,145929924,1454001330.8862762
2006-10-03,GOOGL,9.959971936947575,10.088291594207053,9.883031218856893,10.028226852416992,218369412,2189858001.1649094
2006-10-04,GOOGL,10.051310558941339,10.319366391699136,10.003656398863697,10.317627906799316,266205528,2746609584.637047
2006-10-05,GOOGL,10.292807922411445,10.380669505566217,10.197499608742659,10.221078872680664,231360408,2364752978.1835785
2006-10-06,GOOGL,10.18161416729446,10.471757608998784,10.169947970464511,10.436761856079102,293166540,3059709362.150688
2006-10-09,GOOGL,10.543487963566132,10.720949592271934,10.509235655921302,10.647730827331543,303028668,3226567689.8288155
2006-10-10,GOOGL,10.711271141539877,10.867387643821944,10.483672457513368,10.589405059814453,391152456,4142071796.7252502
2006-10-11,GOOGL,10.548947671138672,10.670317164218973,10.517674811348355,10.585680961608887,225190584,2383795677.782387
2006-10-12,GOOGL,10.636810386576906,10.664609115250755,10.523632010362995,10.609012603759766,193566240,2053546679.8223877
2006-10-13,GOOGL,10.616954850763408,10.66014077592256,10.562350543534931,10.605537414550781,144755100,1535205628.9970398
2006-10-16,GOOGL,10.615466256450027,10.652696125939118,10.45761126930784,10.467787742614746,172603224,1806773912.5229874
2006-10-17,GOOGL,10.431800025127139,10.517428450945607,10.342448706521512,10.440239906311035,208231560,2173987442.4654007
2006-10-18,GOOGL,10.498564179316723,10.542247630365955,10.36230404684331,10.407227516174316,240451308,2502431468.9177055
2006-10-19,GOOGL,10.430061378796028,10.6601419929313,10.41368103061413,10.574761390686035,459679860,4861004835.603962
2006-10-20,GOOGL,11.392079613155756,11.41963052919254,11.258052654507843,11.408957481384277,465450084,5310300218.06274
2006-10-23,GOOGL,11.473739013201437,12.028711051392515,11.42633266873176,11.932907104492188,603575820,7202414190.577698
2006-10-24,GOOGL,11.821215774903811,11.860430996641007,11.700342846388626,11.747501373291016,346061592,4065359027.263275
2006-10-25,GOOGL,11.851247398669615,12.124514872128326,11.792176752958342,12.077357292175293,367132500,4433990376.069546
2006-10-26,GOOGL,12.104162257896034,12.210391432324665,12.017789454750282,12.040127754211426,280986732,3383116150.518368
2006-10-27,GOOGL,12.010344148634932,12.043602365891173,11.727148943702836,11.794411659240723,263895840,3112496172.1211243
2006-10-30,GOOGL,11.784979273722083,11.924964186742217,11.665595121560733,11.828413963317871,262261476,3102137304.7587547
2006-10-31,GOOGL,11.865396301127026,11.967158205998393,11.760656838776269,11.82394790649414,251164584,2969756957.1722717
2006-11-01,GOOGL,11.882770516162386,11.891953840497695,11.5477016663881,11.60329818725586,216834948,2516000559.0621185
2006-11-02,GOOGL,11.603296667674307,11.757925328270195,11.575498883809292,11.663113594055176,209258532,2440606029.24123
2006-11-03,GOOGL,11.72069597430332,11.758422418068054,11.542736803452406,11.710022926330566,196111692,2296472409.4414787
2006-11-06,GOOGL,11.75891783834673,11.90510756887655,11.723177694466763,11.837845802307129,199460340,2361180748.5957527
2006-11-07,GOOGL,11.837847577371733,11.889223687206654,11.709280085029901,11.729135513305664,195688116,2295252430.9074783
2006-11-08,GOOGL,11.674035274404737,11.95673390388467,11.630599637937456,11.789446830749512,318281400,3752361642.5165176
2006-11-09,GOOGL,11.826677867058219,11.900889799755502,11.711513167983234,11.73062515258789,194972832,2287153207.130493
2006-11-10,GOOGL,11.75916627679364,11.782497726956857,11.67254565513323,11.753458976745605,111756132,1313521112.8617668
2006-11-13,GOOGL,11.78696496561566,11.942585841679543,11.768101743136084,11.939111709594727,173502324,2071463628.1102982
2006-11-14,GOOGL,11.930922354516717,12.160506429976348,11.925958497212546,12.144373893737793,288647064,3505437868.545662
2006-11-15,GOOGL,12.246877055435489,12.406220818950223,12.209648132324219,12.209648132324219,334493172,4084043932.7850037
2006-11-16,GOOGL,12.285844416730791,12.352361794979565,12.225284044499944,12.308182716369629,203500296,2504718826.0033035
2006-11-17,GOOGL,12.242411274617865,12.401506297301077,12.236205507481776,12.379913330078125,220219560,2726299066.3879395
2006-11-20,GOOGL,12.370232988517719,12.370232988517719,12.22751926662525,12.287087440490723,204775020,2516088576.3682365
2006-11-21,GOOGL,12.324067103970247,12.658142764811927,12.306444846723931,12.649455070495605,336762900,4259867172.9598045
2006-11-22,GOOGL,12.68221884360349,12.732603691925926,12.553403545621846,12.608752250671387,179847972,2267658521.7336845
2006-11-24,GOOGL,12.521633678496059,12.59609341857487,12.50922403710186,12.53404426574707,69238692,867840830.4304276
2006-11-27,GOOGL,12.44394782291944,12.45412429654204,12.031441688537598,12.031441688537598,292695012,3521542969.4038124
2006-11-28,GOOGL,11.941592601027963,12.158270424621003,11.839831650407524,12.149335861206055,311592096,3785637026.0011597
2006-11-29,GOOGL,12.26698226268274,12.279392850609824,11.969392046498072,12.028959274291992,252359388,3035620800.7372513
2006-11-30,GOOGL,12.017543181969138,12.171674346696685,11.952018945457603,12.032931327819824,222876900,2681862432.257366
2006-12-01,GOOGL,12.061970499909714,12.12178648744011,11.876316770490774,11.933403015136719,225030744,2685382558.948059
2006-12-04,GOOGL,11.988005577488092,12.09795859193704,11.89741330570567,12.03392219543457,195800004,2356242014.0017776
2006-12-05,GOOGL,12.097213708738554,12.147846370539412,12.034915794691523,12.087285995483398,163955880,1981781612.2011566
2006-12-06,GOOGL,12.086292680649349,12.22131279498757,12.025732306420926,12.129728317260742,177833988,2157077960.015007
2006-12-07,GOOGL,12.167454140356165,12.2064215504162,11.973611185593949,11.979071617126465,186385428,2232724390.4007683
2006-12-08,GOOGL,11.961698308134709,12.126998143679108,11.913546627403804,12.015557289123535,158837004,1908515121.194744
2006-12-11,GOOGL,12.03565888359691,12.134442268211581,12.007861100314573,12.011087417602539,130405464,1566311427.8370209
2006-12-12,GOOGL,12.00910544596498,12.071403370823294,11.920498508900694,11.957728385925293,167072760,1997810684.7668839
2006-12-13,GOOGL,12.029952949817128,12.050057138363735,11.839584113683436,11.888480186462402,186297516,2214794327.7531624
2006-12-14,GOOGL,11.919751401096768,12.006621731807668,11.845540418471565,11.966165542602539,189766044,2270771896.8687973
2006-12-15,GOOGL,11.979070338881078,12.015555816701898,11.909574460895728,11.920991897583008,207424368,2472704210.289276
2006-12-18,GOOGL,11.975843721530675,11.981551966802943,11.435017985862242,11.48664379119873,320343336,3679669791.5162888
2006-12-19,GOOGL,11.459841074860828,11.648223620332189,11.379920891799449,11.631345748901367,263216520,3061562350.9426117
2006-12-20,GOOGL,11.665347846039658,11.702577716821382,11.474979970658342,11.489126205444336,174537288,2005280929.3879852
2006-12-21,GOOGL,11.52089450872745,11.54745227425004,11.227028170146262,11.322832107543945,277853868,3146092697.795677
2006-12-22,GOOGL,11.355099686938573,11.383394049342519,11.236709620113182,11.307445526123047,159372468,1802095500.2737885
2006-12-26,GOOGL,11.330774556791637,11.403993327554193,11.282872587711429,11.355843544006348,82889028,941274833.4827614
2006-12-27,GOOGL,11.417149778215512,11.617694134988371,11.394811476542566,11.616453170776367,169090740,1964234662.8219223
2006-12-28,GOOGL,11.59386648489396,11.630103205617973,11.472993549842327,11.480688095092773,124523352,1429613764.867447
2006-12-29,GOOGL,11.469271226657298,11.528094065363677,11.413674705732353,11.42906379699707,102265632,1168800432.368225
2007-01-03,GOOGL,11.566069604742635,11.830648479264509,11.444700085352009,11.6055326461792,307951740,3573943972.0176888
2007-01-04,GOOGL,11.640528053711163,12.011584835280951,11.624394574425734,11.99445915222168,315188496,3780515540.5221863
2007-01-05,GOOGL,11.975597208185574,12.099696460186827,11.866637340402153,12.092001914978027,274609116,3320573956.5424232
2007-01-08,GOOGL,12.104412983191267,12.15852072880315,11.968151888171715,12.002403259277344,189985824,2280286473.194092
2007-01-09,GOOGL,12.048816446904487,12.118311392965596,11.943331644738072,12.050057411193848,215040744,2591253310.945839
2007-01-10,GOOGL,12.023498498338519,12.249855263866817,11.9641781455515,12.14834213256836,238501260,2897394905.5286407
2007-01-11,GOOGL,12.340449383644705,12.453379968872756,12.315133523569921,12.402996063232422,288039672,3572554917.870758
2007-01-12,GOOGL,12.459335765326285,12.53404426574707,12.409945014234655,12.53404426574707,178769052,2240699211.11364
2007-01-16,GOOGL,12.597334506952905,12.732603382910973,12.491849716491462,12.51617431640625,302453244,3785557524.4665527
2007-01-17,GOOGL,12.494083137635617,12.602794239693067,12.270456113106421,12.342432975769043,267696036,3304020382.209057
2007-01-18,GOOGL,12.273931495178363,12.322578805552231,12.09795955439235,12.107887268066406,237042720,2870086531.47583
2007-01-19,GOOGL,12.111609201750932,12.180608508864934,12.080832913455337,12.155540466308594,198932868,2418136527.052826
2007-01-22,GOOGL,12.223794842807516,12.22751773497566,11.876315448546526,11.934394836425781,215955828,2577302118.579254
2007-01-23,GOOGL,11.933155752223556,12.03144258017344,11.846285417045076,11.889968872070312,186433380,2216687084.914856
2007-01-24,GOOGL,12.023993321049186,12.39852609033904,11.995202388951933,12.386859893798828,242129628,2999225778.1736298
2007-01-25,GOOGL,12.43476491970352,12.521634305526582,12.05402821160981,12.114339828491211,254485260,3082920920.981941
2007-01-26,GOOGL,12.18482699826377,12.357821354054508,12.088028967802535,12.306692123413086,219640140,2703043580.9233475
2007-01-29,GOOGL,12.360305307578075,12.378919770799817,12.174155946076308,12.223051071166992,190836972,2332610055.0228653
2007-01-30,GOOGL,12.26102526837477,12.360305242606136,12.19202690171004,12.268967628479004,167052780,2049565150.0674248
2007-01-31,GOOGL,12.322826060783783,12.534043440199468,12.298502408567769,12.447173118591309,487755756,6071180334.521381
2007-02-01,GOOGL,12.558864395524932,12.55911221000814,11.951520281736919,11.956981658935547,625721652,7481742316.562851
2007-02-02,GOOGL,11.978326079665404,12.037646436188941,11.859190683499797,11.950777053833008,251208540,3002137255.5588913
2007-02-05,GOOGL,11.851496580753782,11.863907168594316,11.570784236427732,11.594860076904297,287987724,3339177363.6461334
2007-02-06,GOOGL,11.61819079639902,11.747253912979579,11.59734221913928,11.702081680297852,212663124,2488601247.4353104
2007-02-07,GOOGL,11.760159939656882,11.77331491687465,11.635067532266797,11.665596008300781,164627208,1920474500.5025024
2007-02-08,GOOGL,11.61695002899647,11.758423736043298,11.544972211230782,11.690913200378418,162904932,1904507419.9255486
2007-02-09,GOOGL,11.70630134661191,11.731865966689272,11.454379930279039,11.464059829711914,194149656,2225743272.3019867
2007-02-12,GOOGL,11.434026622378902,11.476467216279136,11.29354513524174,11.374706268310547,229949820,2615611658.950882
2007-02-13,GOOGL,11.396051640699591,11.486148284565136,11.349141872579493,11.394810676574707,162341496,1849850611.87191
2007-02-14,GOOGL,11.417150054993975,11.643755611569242,11.397790256131886,11.564332008361816,227724048,2633476497.3601227
2007-02-15,GOOGL,11.56606728735487,11.56929360458247,11.435017894742446,11.453632354736328,161534304,1850154530.6942139
2007-02-16,GOOGL,11.486644571516743,11.669071022586706,11.468276978729268,11.663857460021973,246832920,2879023995.321007
2007-02-20,GOOGL,11.627372569224683,11.733602695285713,11.534050551277327,11.717469215393066,162541296,1904572632.1100922
2007-02-21,GOOGL,11.66137591914837,11.880783468046847,11.60925353799243,11.810791015625,225398376,2662133114.1972656
2007-02-22,GOOGL,11.881033059544393,12.018783871386814,11.774308244914579,11.810544967651367,229526244,2710830026.01812
2007-02-23,GOOGL,11.808062101182378,11.837846185952115,11.610744076600167,11.68073558807373,155148696,1812250894.8104324
2007-02-26,GOOGL,11.73558970434507,11.795652562328318,11.510224168050573,11.539511680603027,158637204,1830595868.5362053
2007-02-27,GOOGL,11.293047815986716,11.412184145224739,11.098708310520035,11.138420104980469,372139488,4145045954.996338
2007-02-28,GOOGL,11.179126258142468,11.260038634294839,10.996203223521555,11.155298233032227,320970708,3580523971.8075027
2007-03-01,GOOGL,10.987020451706437,11.229014128026984,10.92075088742149,11.125018119812012,347060592,3861055374.6726837
2007-03-02,GOOGL,11.047581579579026,11.136685078724629,10.887989044189453,10.887989044189453,263080656,2864419300.2661743
2007-03-05,GOOGL,10.846786841689795,11.05726078756993,10.846291212728879,10.944330215454102,253949796,2779310425.571205
2007-03-06,GOOGL,11.106155609657108,11.392328358899071,11.103921495965967,11.356339454650879,301046652,3418787971.798153
2007-03-07,GOOGL,11.483913925207073,11.49508260209217,11.27542722740135,11.30893325805664,261102636,2952792284.026657
2007-03-08,GOOGL,11.397789041353636,11.553657727803586,11.270711289765725,11.286099433898926,214297488,2418582758.002762
2007-03-09,GOOGL,11.367508784447669,11.377436497677712,11.171432664727043,11.242416381835938,198908892,2236216585.9136353
2007-03-12,GOOGL,11.232739357808398,11.299256750414164,11.196501684925185,11.286846160888672,138477384,1562972929.9703064
2007-03-13,GOOGL,11.171681501259192,11.216853735616665,10.990992563829296,10.995956420898438,254836908,2802175534.8045044
2007-03-14,GOOGL,11.000920314468692,11.135692628599301,10.895932088708664,11.119311332702637,320355324,3562130584.644825
2007-03-15,GOOGL,11.11583593364984,11.164482295059909,11.018541319116093,11.074386596679688,157610232,1745436640.760376
2007-03-16,GOOGL,11.060982234852569,11.087044371823477,10.9180197700705,10.94184684753418,226137636,2474363379.575432
2007-03-19,GOOGL,11.001416300288104,11.131721325235985,10.93638864092015,11.100199699401855,207700092,2305512498.7841377
2007-03-20,GOOGL,11.064458176082631,11.109382591927062,11.010102621818442,11.051799774169922,136723140,1511036767.7758026
2007-03-21,GOOGL,11.0522983960169,11.332018554981174,11.05006333611255,11.331521034240723,231700068,2625514194.177006
2007-03-22,GOOGL,11.308189494115046,11.471007384287425,11.231744405281542,11.467781066894531,227000772,2603195155.312042
2007-03-23,GOOGL,11.453138098399556,11.50128788569683,11.344674805095174,11.462569236755371,164287548,1883157393.6867714
2007-03-26,GOOGL,11.430800620488782,11.54124927520752,11.308438898260281,11.54124927520752,188223588,2172335348.581959
2007-03-27,GOOGL,11.505258615945477,11.546955764670797,11.425586264784513,11.506996154785156,149498352,1720276961.6107178
2007-03-28,GOOGL,11.46356121451968,11.552169079703871,11.420871859488104,11.463810920715332,183480336,2103383879.5733185
2007-03-29,GOOGL,11.530078116262633,11.566067966076181,11.293048303290867,11.439983367919922,159380460,1823309811.5714264
2007-03-30,GOOGL,11.46926829797188,11.501534305117694,11.321341996516056,11.371477127075195,135072792,1535977164.7181854
2007-04-02,GOOGL,11.361549984437827,11.380661964416504,11.221566034081299,11.380661964416504,137802060,1568278662.860241
2007-04-03,GOOGL,11.517668841015158,11.770832140818412,11.516428822760158,11.729879379272461,259811928,3047562576.7362213
2007-04-04,GOOGL,11.7184620691416,11.739807219610226,11.654923192557192,11.69066333770752,151000848,1765300077.6763458
2007-04-05,GOOGL,11.697613882925237,11.7172214950999,11.655915784385925,11.702826499938965,108523368,1270030146.8930283
2007-04-09,GOOGL,11.73930926429547,11.73980583905854,11.55588968052406,11.620918273925781,122361516,1421953177.3096619
2007-04-10,GOOGL,11.593121614213864,11.684955795147086,11.545219643287805,11.57847785949707,119052828,1378450533.1085129
2007-04-11,GOOGL,11.567557236210021,11.650455909826515,11.481928819860913,11.529582977294922,152327520,1756272781.5655518
2007-04-12,GOOGL,11.516430071261736,11.615709102681622,11.472746616420023,11.600568771362305,108207684,1255270679.8318405
2007-04-13,GOOGL,11.626877195470845,11.634819555418805,11.500544771499285,11.57326602935791,111680208,1292504757.3980255
2007-04-16,GOOGL,11.627124542776736,11.838839455859867,11.619429997631979,11.771328926086426,202912884,2388554300.9048195
2007-04-17,GOOGL,11.759665393603697,11.82394866934312,11.705061072010526,11.734845161437988,128275596,1505294257.0511742
2007-04-18,GOOGL,11.696619736804392,11.911064380004037,11.65368162361327,11.81451416015625,226593180,2677088333.704834
2007-04-19,GOOGL,11.77703758530693,11.961945977044167,11.655172443845,11.706300735473633,439943616,5150112275.5477295
2007-04-20,GOOGL,12.174652673131767,12.223796559193891,11.963684024696976,11.97510051727295,485973540,5819581990.234966
2007-04-23,GOOGL,11.916028586977582,12.037645906091637,11.870358838137545,11.890711784362793,226757016,2696302322.3381424
2007-04-24,GOOGL,11.879047098579203,11.913050651495572,11.803098578830308,11.852241516113281,147640212,1749867450.1141663
2007-04-25,GOOGL,11.913545273744871,11.947548823787846,11.816996946327999,11.86365795135498,158513328,1880547904.12294
2007-04-26,GOOGL,11.866390708076962,12.023996966095115,11.841819235270497,11.94283676147461,164831004,1968549774.0019684
2007-04-27,GOOGL,11.915285097655223,11.973114785646672,11.872097273747968,11.888975143432617,116910972,1389951640.1025467
2007-04-30,GOOGL,11.892450016482396,11.94705433166378,11.699599266052246,11.699599266052246,145502352,1702319210.6680756
2007-05-01,GOOGL,11.71970542357494,11.735092623939241,11.520648889036714,11.64052963256836,146181672,1701632084.6543884
2007-05-02,GOOGL,11.631840377386938,11.692152935764968,11.559366938226878,11.560606956481934,122385492,1414850570.187664
2007-05-03,GOOGL,11.57152924400764,11.76636630870209,11.548447497856182,11.74551773071289,143624232,1686940963.5160217
2007-05-04,GOOGL,11.668326476217173,11.785476521331235,11.563090443894229,11.693146705627441,157842000,1845669662.3096466
2007-05-07,GOOGL,11.718461465438995,11.735338387501775,11.57773216828545,11.597588539123535,120683196,1399634050.7943993
2007-05-08,GOOGL,11.569294235881047,11.619926894026658,11.534546296139675,11.586172103881836,116087796,1345013183.6163254
2007-05-09,GOOGL,11.569790668905839,11.708285862698258,11.51345070716318,11.646733283996582,155440404,1810372926.9446754
2007-05-10,GOOGL,11.591879716889071,11.652687898725796,11.44246367874,11.453632354736328,147304548,1687172136.9726105
2007-05-11,GOOGL,11.462569369276366,11.590889036294106,11.441969553347576,11.584434509277344,117646236,1362865116.2049866
2007-05-14,GOOGL,11.553163654204837,11.603546614675285,11.417150375201139,11.461329460144043,154753092,1773676172.3879814
2007-05-15,GOOGL,11.465795693283937,11.48019068721991,11.352865126164847,11.367507934570312,164595240,1871037696.692505
2007-05-16,GOOGL,11.46678757199107,11.743280410422553,11.392824413511232,11.73012638092041,261905832,3072188509.260109
2007-05-17,GOOGL,11.72640452201054,11.794907255641016,11.685451759694196,11.68917465209961,186237576,2176963552.6476746
2007-05-18,GOOGL,11.715731783499356,11.732359945321901,11.659142119467441,11.67328929901123,147688164,1724006664.4118156
2007-05-21,GOOGL,11.653682862350053,11.893691201543902,11.583939161345517,11.680240631103516,246125628,2874806560.521469
2007-05-22,GOOGL,11.739806359489718,11.888973641502174,11.739806359489718,11.810791015625,153406440,1811851403.2910156
2007-05-23,GOOGL,11.933898491588039,11.998181755129467,11.758422198083197,11.76388168334961,202205592,2378722659.9996643
2007-05-24,GOOGL,11.793171513682003,11.893691507596545,11.702578287708192,11.772818565368652,166777056,1963436021.1543274
2007-05-25,GOOGL,11.906099974071731,12.036404032016213,11.84578742095638,12.000910758972168,213726060,2564907372.926731
2007-05-29,GOOGL,12.03764806472819,12.206422995665008,12.012827832472855,12.090018272399902,208511280,2520905185.2014923
2007-05-30,GOOGL,12.025236066692681,12.381152509146727,11.98800525267191,12.375195503234863,289542168,3583140935.4304733
2007-05-31,GOOGL,12.423844310124327,12.627862786094274,12.33697398328386,12.358070373535156,356615028,4407073612.28421
2007-06-01,GOOGL,12.434762898259143,12.534538484729906,12.358565627785072,12.41987133026123,191768040,2381734382.056389
2007-06-04,GOOGL,12.358070677077135,12.670802158841944,12.350128317263144,12.585420608520508,283755960,3571188106.774521
2007-06-05,GOOGL,12.651940564659366,12.881524639491678,12.57400573514014,12.87755298614502,417466116,5375942028.710163
2007-06-06,GOOGL,12.825677539396665,12.925701898056005,12.788695483612065,12.862907409667969,315152532,4053777839.0384216
2007-06-07,GOOGL,12.900137111971418,13.06767199893928,12.720441344033924,12.783731460571289,424794780,5430462393.372459
2007-06-08,GOOGL,12.812027242348544,12.897406901928294,12.6447411095138,12.794404983520508,254073672,3250721455.218155
2007-06-11,GOOGL,12.757919819390697,12.86290803978168,12.658144216187186,12.691402435302734,185722092,2357073810.6983185
2007-06-12,GOOGL,12.626123897176644,12.699591425189144,12.488621870091796,12.52833366394043,256523220,3213808492.708397
2007-06-13,GOOGL,12.585917533237573,12.62190549225784,12.377429888600139,12.540000915527344,281078640,3524726402.9351807
2007-06-14,GOOGL,12.543473851380227,12.555884437095033,12.452136253625797,12.48043155670166,184663152,2304675829.5807953
2007-06-15,GOOGL,12.613217606089048,12.633321790277341,12.440471067428557,12.556132316589355,246717036,3097811748.7727394
2007-06-18,GOOGL,12.563332728243793,12.807064932216194,12.515182934017457,12.787208557128906,193242564,2471032967.9823303
2007-06-19,GOOGL,12.757671860100533,12.838087664062016,12.696366148038953,12.765117645263672,174037788,2221612838.541458
2007-06-20,GOOGL,12.830891085513485,12.875318929398349,12.634813060923422,12.65739917755127,173354472,2194216751.3176346
2007-06-21,GOOGL,12.682466763622022,12.789441282065859,12.565814237850757,12.760153770446777,176211612,2248487265.2583046
2007-06-22,GOOGL,12.817486074602444,13.030193188015193,12.809543715102942,13.029945373535156,287859852,3750798146.793915
2007-06-25,GOOGL,13.129225203901084,13.278392504658695,12.990234377017968,13.090506553649902,316683000,4145540886.929512
2007-06-26,GOOGL,13.222299282961243,13.233963588718119,13.061217982360581,13.160993576049805,227352420,2992183739.119377
2007-06-27,GOOGL,13.030443640393365,13.104655579476825,12.895423501568171,13.062460899353027,244679076,3196110863.1398277
2007-06-28,GOOGL,13.027461968434697,13.142130074615007,13.000656387984403,13.030688285827637,166569264,2170512157.183731
2007-06-29,GOOGL,13.055758348414678,13.090009716064701,12.892939498975053,12.973356246948242,155068776,2011762473.8262177
2007-07-02,GOOGL,13.042603343587068,13.200458336026408,13.010586089846173,13.163972854614258,139364496,1834590442.2409973
2007-07-03,GOOGL,13.18084958508017,13.263747308186986,13.092490485101058,13.262258529663086,74797128,991978848.8123016
2007-07-05,GOOGL,13.292539276033821,13.511947791600726,13.207904007492786,13.443196296691895,197518284,2655277063.997738
2007-07-06,GOOGL,13.433765466784685,13.498793124873746,13.371219737056723,13.387847900390625,109770120,1469585670.567627
2007-07-09,GOOGL,13.477200847209794,13.619666758325666,13.409193736586234,13.466279983520508,149042808,2007052182.0580902
2007-07-10,GOOGL,13.496807295700584,13.576479652511905,13.443692706445308,13.485638618469238,154085760,2077944875.6121826
2007-07-11,GOOGL,13.49233911570231,13.56406816223434,13.402987812086634,13.513683319091797,132239628,1787044455.0265045
2007-07-12,GOOGL,13.548184395717403,13.584422062016339,13.40820042465759,13.535030364990234,137526336,1861423133.7458496
2007-07-13,GOOGL,13.59906405251906,13.717207236748257,13.582683705182012,13.704548835754395,209274516,2868012824.6008644
2007-07-16,GOOGL,13.658384918038157,13.863894075395889,13.633813448551201,13.725151062011719,263716020,3619542211.9725037
2007-07-17,GOOGL,13.77602996923504,13.842795159738895,13.710009167994457,13.77503776550293,172970856,2382680073.731369
2007-07-18,GOOGL,13.747486783977033,13.762627112922289,13.497302945177472,13.638527870178223,242956800,3313573088.0493164
2007-07-19,GOOGL,13.73681589103384,13.738305615541059,13.458336723151252,13.61594295501709,444642912,6054232525.144684
2007-07-20,GOOGL,12.705300464854183,12.985269338385478,12.645732297428198,12.909319877624512,710181108,9167955094.2178
2007-07-23,GOOGL,12.881769978938117,12.906341446148296,12.711506301499343,12.720440864562988,254013732,3231166656.692951
2007-07-24,GOOGL,12.640770871286266,12.873830023299774,12.586415310049416,12.757424354553223,222661116,2840582344.0704
2007-07-25,GOOGL,12.831384619225426,12.83237776879562,12.547942569462556,12.652185440063477,221578200,2803448475.875473
2007-07-26,GOOGL,12.626869997520167,12.722427076020162,12.382145620952132,12.608504295349121,275060664,3468103563.5255814
2007-07-27,GOOGL,12.621658072019079,12.822450232111716,12.546453942416536,12.705052375793457,220143636,2796936425.57761
2007-07-30,GOOGL,12.730617683690657,12.889960503177871,12.670552939496664,12.809792518615723,158373468,2028731265.5336266
2007-07-31,GOOGL,12.912051701570894,12.91726337281133,12.658143997192383,12.658143997192383,170649180,2160101893.4428024
2007-08-01,GOOGL,12.670554009243492,12.819722259756936,12.611978984559766,12.731114387512207,176950872,2252781792.402031
2007-08-02,GOOGL,12.750473095086733,12.78199471867513,12.63332305574314,12.683211326599121,126069804,1598969966.0349312
2007-08-03,GOOGL,12.659384288320492,12.737566919625138,12.484404563903809,12.484404563903809,126920952,1584532512.4038162
2007-08-06,GOOGL,12.484405227659066,12.661866889751794,12.471994639937508,12.658143997192383,145913940,1846999663.7176895
2007-08-07,GOOGL,12.651940020926187,12.90336486786048,12.634317760787697,12.807559967041016,170401428,2182426507.579422
2007-08-08,GOOGL,12.88996053227931,13.049800872802734,12.834116200988445,13.049800872802734,162589248,2121757310.4587402
2007-08-09,GOOGL,12.92619928878837,13.07561535413495,12.77306033076535,12.775542259216309,193666140,2474189955.749302
2007-08-10,GOOGL,12.662609229674434,12.874570986045056,12.549678669412623,12.800856590270996,234772992,3005295401.86084
2007-08-13,GOOGL,12.894926061364353,12.900137732622538,12.733348172794141,12.794652938842773,127044828,1625494481.9349747
2007-08-14,GOOGL,12.800113190671727,12.841811289435803,12.608504349720603,12.623395919799805,145202652,1832950564.800911
2007-08-15,GOOGL,12.633322796724471,12.70008798902523,12.32828587793475,12.349135398864746,216163620,2669433811.6887474
2007-08-16,GOOGL,12.211882061361274,12.321337561358392,11.924964900045474,12.199471473693848,345478176,4214651152.8957825
2007-08-17,GOOGL,12.346406230542888,12.43476534393646,12.202699355185882,12.410938262939453,218956824,2717459624.9132996
2007-08-20,GOOGL,12.471002051649187,12.47348492599075,12.310665120597804,12.358319282531738,107784108,1332030420.2468834
2007-08-21,GOOGL,12.38363535137424,12.612475008359372,12.3545966006598,12.574004173278809,144279576,1814171990.742897
2007-08-22,GOOGL,12.65714945032578,12.81326688952074,12.63952719330904,12.726397514343262,129977892,1654150321.668377
2007-08-23,GOOGL,12.807063549256407,12.810289866986553,12.583684319394857,12.712499618530273,122944932,1562937401.1502304
2007-08-24,GOOGL,12.722923364870843,12.795894326360422,12.620913653333412,12.782242774963379,98809092,1263001802.3176918
2007-08-27,GOOGL,12.768095328845165,12.843050696370506,12.692891200982908,12.739055633544922,92910996,1183598347.0120697
2007-08-28,GOOGL,12.696118876952504,12.781747301707298,12.553652019629885,12.568793296813965,130825044,1644312936.082592
2007-08-29,GOOGL,12.604532347122287,12.74004809031074,12.589392017114417,12.72962474822998,101870028,1296767229.531681
2007-08-30,GOOGL,12.716718199266893,12.792170141133287,12.67253817453814,12.692891120910645,105961932,1344963265.8373375
2007-08-31,GOOGL,12.735084031231034,12.81947148304341,12.694628790119742,12.788447380065918,118984896,1521632081.5186157
2007-09-04,GOOGL,12.782738664802789,13.104901285666827,12.772810951480018,13.034165382385254,147600252,1923846095.0497398
2007-09-05,GOOGL,12.990727863312827,13.141632678217915,12.962184745787201,13.099935531616211,132383484,1734215105.8507462
2007-09-06,GOOGL,13.138656445003923,13.150322643511826,12.862660142619138,12.993708610534668,144890964,1882670966.5154686
2007-09-07,GOOGL,12.853227143271432,12.937118019761053,12.826918136590422,12.890209197998047,146397456,1887093833.8947144
2007-09-10,GOOGL,12.938110642503247,12.957718253011503,12.679984442651637,12.769335746765137,128902968,1646005277.1465225
2007-09-11,GOOGL,12.831635027125948,12.947295349207918,12.800361216073387,12.939352989196777,108035856,1397914076.2740326
2007-09-12,GOOGL,12.9194965464309,13.104405885436273,12.881523231479807,12.972114562988281,119320560,1547839974.039917
2007-09-13,GOOGL,13.00711237869966,13.085294069338286,12.986262855891582,13.024982452392578,75568356,984276510.8561554
2007-09-14,GOOGL,12.985766227062859,13.16124253722026,12.96144351795878,13.123517036437988,110485404,1449957081.6717339
2007-09-17,GOOGL,13.068414144988195,13.136669057130144,13.007358148290836,13.037886619567871,87812100,1144884203.6261559
2007-09-18,GOOGL,13.068168753397623,13.334487056528024,13.012324416836634,13.285343170166016,168459372,2238040567.250656
2007-09-19,GOOGL,13.38462111035353,13.637287840423635,13.374445582774845,13.572755813598633,220854924,2997609953.682884
2007-09-20,GOOGL,13.576479002799935,13.819713637116648,13.55240316466969,13.721179008483887,220779000,3029348180.314064
2007-09-21,GOOGL,13.808297895559123,13.918746549582192,13.721180693255977,13.901620864868164,320147532,4450569610.687248
2007-09-24,GOOGL,13.923956888988158,14.183573769539246,13.899137606766411,14.098193168640137,211668120,2984138043.4029007
2007-09-25,GOOGL,13.998416431463383,14.136415043769498,13.970122071783846,14.122515678405762,109114776,1540975134.8057327
2007-09-26,GOOGL,14.157265835827678,14.191765967235105,13.9937025808925,14.101669311523438,133710156,1885536403.5042114
2007-09-27,GOOGL,14.190274346584431,14.19052216104964,14.042595842454208,14.085286140441895,82169748,1157384412.668003
2007-09-28,GOOGL,14.072877003983049,14.136168068232482,14.001395765400355,14.079578399658203,105474420,1485035365.5484772
2007-10-01,GOOGL,14.146593041425515,14.503502676783187,14.137658477330564,14.458827018737793,188263548,2722070074.4658394
2007-10-02,GOOGL,14.479426624148308,14.812757912538556,14.39578356101868,14.504494667053223,282417300,4096320221.73357
2007-10-03,GOOGL,14.550660441226551,14.618665655645053,14.404471647033663,14.495311737060547,155024820,2247133092.8816986
2007-10-04,GOOGL,14.521869164783904,14.521869164783904,14.322564839073848,14.3714599609375,119348532,1715212649.034668
2007-10-05,GOOGL,14.572004130887134,14.792653604561552,14.569523148507814,14.744254112243652,202545252,2986378664.716427
2007-10-08,GOOGL,14.76783257521427,15.146584829581318,14.74177233014875,15.13070011138916,200918880,3040043319.9961853
2007-10-09,GOOGL,15.266959246243202,15.482148263027607,15.100169716019026,15.268696784973145,350361288,5349560271.66465
2007-10-10,GOOGL,15.422087520692921,15.52930890982006,15.308908179130496,15.522110939025879,215208576,3340491391.701782
2007-10-11,GOOGL,15.726874562813427,15.91972341462077,15.115311929833195,15.437971115112305,471488040,7278818742.640915
2007-10-12,GOOGL,15.487114429197447,15.845017193541713,15.344647582369936,15.81994915008545,272675052,4313705457.136906
2007-10-15,GOOGL,15.84675478642751,15.881253968411949,15.27788243856349,15.391060829162598,277474248,4270623029.4941483
2007-10-16,GOOGL,15.350853340878407,15.535265154408718,15.189524217314622,15.289051055908203,240770988,3681159928.3134613
2007-10-17,GOOGL,15.647699121481219,15.735809468002389,15.427794031053045,15.72290325164795,240978780,3788886043.640156
2007-10-18,GOOGL,15.770805916592243,15.918733200968767,15.59930031228901,15.875299453735352,491076432,7795985412.6719055
2007-10-19,GOOGL,16.246106390176656,16.343648818533296,15.964897488396316,16.001630783081055,630928440,10095883947.425308
2007-10-22,GOOGL,15.851717406781255,16.257026485006758,15.792398000370873,16.151540756225586,266309424,4301307515.50296
2007-10-23,GOOGL,16.41215252722353,16.81795727768175,16.381128422339,16.772537231445312,271476252,4553345544.12323
2007-10-24,GOOGL,16.696585628626572,16.814728803312924,16.370204538607105,16.773775100708008,295871832,4962887568.602463
2007-10-25,GOOGL,16.844765153265968,16.85196312492144,16.46923912138703,16.59234619140625,231588180,3842591256.397705
2007-10-26,GOOGL,16.729351613103365,16.79164763853802,16.58117556693802,16.743497848510742,134021844,2243994456.6674423
2007-10-29,GOOGL,16.822174124671662,16.877523770674998,16.681197957710847,16.85841178894043,122529348,2065650204.8143845
2007-10-30,GOOGL,16.815722136114665,17.37168730366429,16.815722136114665,17.24411392211914,275747976,4755029511.937775
2007-10-31,GOOGL,17.391049650685172,17.547664642333984,17.27563807893131,17.547664642333984,274796928,4822044337.287598
2007-11-01,GOOGL,17.443168974436723,17.7144501548488,17.418099986585386,17.453594207763672,260826912,4552367080.512085
2007-11-02,GOOGL,17.634782000960424,17.710978344754864,17.307903299255806,17.653148651123047,233426340,4120709879.1075897
2007-11-05,GOOGL,17.547414521661686,18.12422833571784,17.524579644024985,18.01055335998535,354992652,6393614101.248711
2007-11-06,GOOGL,18.306156043352043,18.411144256591797,17.9944186670391,18.411144256591797,337114548,6206664574.22374
2007-11-07,GOOGL,18.39476426243592,18.546413486319288,17.948255525330122,18.191490173339844,330609060,6014271466.207123
2007-11-08,GOOGL,18.232689350573132,18.239887320790864,16.807530973447648,17.221031188964844,659827512,11362910163.489075
2007-11-09,GOOGL,16.77278292863863,16.92418432479049,16.41115730587108,16.479660034179688,455068476,7499373776.752258
2007-11-12,GOOGL,16.325034472206024,16.62758758067564,15.54246281776835,15.687907218933105,408682908,6411379542.667774
2007-11-13,GOOGL,16.008578293929034,16.403959659720865,15.687906369826795,16.394775390625,337478184,5532879025.916016
2007-11-14,GOOGL,16.71073518753908,16.765587319143798,15.792152100390926,15.926426887512207,323464212,5151629123.144749
2007-11-15,GOOGL,15.84923774157091,16.070880386692465,15.487612060101428,15.627843856811523,278429292,4351249500.538582
2007-11-16,GOOGL,15.734318095243236,15.772789871645514,15.289546941940879,15.726625442504883,361350288,5682820632.917267
2007-11-19,GOOGL,15.626354721042436,15.804561721972604,15.351101859520169,15.533528327941895,220874904,3430966578.2154465
2007-11-20,GOOGL,15.797364325793255,16.358789986808212,15.70776519306998,16.09669303894043,393230376,6329708656.059128
2007-11-21,GOOGL,15.978300941877995,16.628583270973824,15.936355969519814,16.39403533935547,280259460,4594583491.42868
2007-11-23,GOOGL,16.62932697857096,16.83483518995822,16.58241626181057,16.79561996459961,109438452,1838086649.306076
2007-11-26,GOOGL,16.882489778536723,17.210111902112093,16.50522719404754,16.530048370361328,271332396,4485137630.326035
2007-11-27,GOOGL,16.748462132027687,16.7889183232725,16.13938325764843,16.717933654785156,355823820,5948639015.552216
2007-11-28,GOOGL,16.92989470833046,17.232447815762754,16.682439651412576,17.18181610107422,316343340,5435353092.679596
2007-11-29,GOOGL,17.14433706919001,17.4431691689522,17.070372960607934,17.299461364746094,248071680,4291506443.8476562
2007-11-30,GOOGL,17.646942333183055,17.648431111888616,16.929895810656323,17.200183868408203,315504180,5426729907.251358
2007-12-03,GOOGL,17.15079389706279,17.24982322363583,16.905820741270787,16.91550064086914,172830996,2923522823.600052
2007-12-04,GOOGL,16.835577342936862,17.1753593297497,16.80604013053877,16.980772018432617,169102728,2871494871.863022
2007-12-05,GOOGL,17.193482660980795,17.34736599928801,17.063673270541916,17.33694076538086,168215616,2916344170.4040527
2007-12-06,GOOGL,17.3193147056255,17.78493724243845,17.29970898862313,17.752670288085938,196163640,3482428423.430786
2007-12-07,GOOGL,17.745971865600694,17.82067941715027,17.634529128607454,17.74299430847168,153929916,2731177623.4915237
2007-12-10,GOOGL,17.77079266199636,17.98945584997409,17.721401908688026,17.831104278564453,154093752,2747661760.5872498
2007-12-11,GOOGL,17.868830447381107,17.894890692314554,17.343639708404783,17.35406494140625,245318436,4257272069.668213
2007-12-12,GOOGL,17.721401962119835,17.729343376307032,17.088495086993003,17.357789993286133,246117636,4272058239.332039
2007-12-13,GOOGL,17.282335169960014,17.314849941710005,16.907554565189667,17.22624397277832,201430368,3469888662.694519
2007-12-14,GOOGL,17.063920025097065,17.36647501182141,17.057717096434722,17.12472915649414,146793060,2513791394.552994
2007-12-17,GOOGL,17.0760808049166,17.260244780841685,16.472213724262915,16.610212326049805,219220560,3641300047.835541
2007-12-18,GOOGL,16.732572337367987,16.79586338665422,16.1949739235097,16.71246910095215,286381332,4786139162.139519
2007-12-19,GOOGL,16.733815880337612,16.865114040210145,16.604504019654875,16.812246322631836,176667156,2970171743.790825
2007-12-20,GOOGL,17.022222809431028,17.150541521047767,16.892663133743927,17.11802864074707,176711112,3024945876.3542633
2007-12-21,GOOGL,17.32130626432413,17.355557636365486,17.206142504955196,17.291770935058594,215064720,3718849874.4525146
2007-12-24,GOOGL,17.24957340997238,17.392040252685547,17.20167143826595,17.392040252685547,65070864,1131715085.9650269
2007-12-26,GOOGL,17.3488549647122,17.702041689787247,17.32949516704309,17.64297103881836,101098800,1783683200.4592896
2007-12-27,GOOGL,17.5493988069486,17.771039540637112,17.392288208007812,17.392288208007812,117582300,2045025249.760437
2007-12-28,GOOGL,17.49628426868196,17.57124153313086,17.28804631407692,17.436717987060547,102405492,1785615684.330185
2007-12-31,GOOGL,17.338429389442435,17.435724004853835,17.140119157909684,17.162456512451172,94952952,1629625909.4288635
2008-01-02,GOOGL,17.196956669873337,17.308647232346654,16.82118476139697,17.00634002685547,172103724,2926854450.232086
2008-01-03,GOOGL,17.00807862284234,17.04754166337231,16.791152023750602,17.009815216064453,129969900,2210763982.6503754
2008-01-04,GOOGL,16.869828545536425,16.901350168485518,16.25702685687717,16.306665420532227,214177608,3492522594.2259064
2008-01-07,GOOGL,16.230717834102787,16.437716709880025,15.818957033953916,16.11431312561035,255879864,4123328251.0345917
2008-01-08,GOOGL,16.20738701864293,16.380134523538246,15.661349555650776,15.678227424621582,213350436,3344956656.7501717
2008-01-09,GOOGL,15.63752244787322,16.2158259232614,15.450628708827214,16.212350845336914,269318412,4366284584.452995
2008-01-10,GOOGL,16.009075144877837,16.311628224315154,15.887456888343818,16.05176544189453,253114632,4062936702.7754517
2008-01-11,GOOGL,15.951741975639688,16.119771538795767,15.639260220988294,15.841293334960938,198880920,3150530992.4468994
2008-01-14,GOOGL,16.161222909995466,16.316595037452522,16.01503316120078,16.227741241455078,177722100,2884028251.6880035
2008-01-15,GOOGL,16.031165504336013,16.109348132768616,15.770059852807087,15.826400756835938,222505272,3521457605.180786
2008-01-16,GOOGL,15.610966098383836,15.884481412476234,14.939835269383682,15.287810325622559,421977600,6451113510.461426
2008-01-17,GOOGL,15.407195517966668,15.530797252932395,14.842541681921315,14.911541938781738,328343328,4896105305.791168
2008-01-18,GOOGL,15.099427731117927,15.139883919681283,14.853462390358613,14.898138046264648,341242416,5083876620.808868
2008-01-22,GOOGL,13.949521142509438,14.829882057972663,13.928920382117294,14.503500938415527,379679940,5506688366.087551
2008-01-23,GOOGL,13.916759888761579,14.097696618241375,12.881522465708844,13.616686820983887,677949372,9231424279.006702
2008-01-24,GOOGL,13.869355106309515,14.38784264562103,13.753693832861657,14.258779525756836,375659964,5356452603.32975
2008-01-25,GOOGL,14.688658045258299,14.767833828470806,14.052524874328137,14.057985305786133,278361360,3913199908.578644
2008-01-28,GOOGL,14.171413090151093,14.20293377029582,13.616192270736413,13.799362182617188,232435332,3207459330.3048706
2008-01-29,GOOGL,13.910803561658984,13.932147767105745,13.419369452692143,13.663846015930176,251068680,3430563782.942848
2008-01-30,GOOGL,13.630833730036668,13.909809456485922,13.489856615320088,13.607999801635742,317266416,4317361325.993683
2008-01-31,GOOGL,13.378169859663501,14.221797608472125,13.261019806288203,14.005865097045898,594257148,8323085447.843239
2008-02-01,GOOGL,13.121532622837844,13.32009069212506,12.65814501875871,12.804581642150879,703315980,9005666886.139355
2008-02-04,GOOGL,12.63505936709915,12.727141361721317,12.225035184395614,12.296516418457031,525757716,6464988386.924469
2008-02-05,GOOGL,12.147599472230638,12.633324419326167,12.125013355357602,12.578721046447754,447683868,5631290492.566738
2008-02-06,GOOGL,12.686438176431805,12.687182565761606,12.358567308715287,12.452385902404785,305150544,3799852332.216751
2008-02-07,GOOGL,12.332010418637612,12.762138812371697,12.2798880321283,12.53280258178711,316838844,3970878682.093643
2008-02-08,GOOGL,12.643499312220957,12.8500006561286,12.625877054554103,12.824187278747559,272882844,3499500696.6132545
2008-02-11,GOOGL,12.919248260989278,12.99842404329066,12.742530994602387,12.93513298034668,232806960,3011388986.3502502
2008-02-12,GOOGL,12.990481335065684,13.169432710449064,12.733347329134777,12.858935356140137,266225508,3423376597.527569
2008-02-13,GOOGL,12.968391452306326,13.278391277737722,12.873827530516047,13.269207954406738,264723012,3512664696.5449104
2008-02-14,GOOGL,13.361788654729038,13.428554802706524,13.179362177221956,13.210387229919434,258808932,3418966210.281887
2008-02-15,GOOGL,13.112596589236414,13.220563315435175,13.013813187563606,13.145606994628906,209394396,2752616436.693695
2008-02-19,GOOGL,13.277150639884358,13.280129142910395,12.571272852560345,12.632081985473633,253761984,3205542186.6844482
2008-02-20,GOOGL,12.497061643516549,12.683210985272682,12.380655996604196,12.633322715759277,266221512,3363262274.973381
2008-02-21,GOOGL,12.728880076031839,12.737815585810933,12.397535066850732,12.480929374694824,226884888,2831734263.313545
2008-02-22,GOOGL,12.461073572490568,12.633323560519319,12.34913614547798,12.603540420532227,220415364,2778013949.480324
2008-02-25,GOOGL,12.557623298531398,12.571273904841307,12.05601364705621,12.073387145996094,334577088,4039478713.604004
2008-02-26,GOOGL,11.446933882751843,11.577733591783213,11.090767694790584,11.52114486694336,930560508,10721122420.124405
2008-02-27,GOOGL,11.420376029160769,11.801609313083357,11.408215147468418,11.736332893371582,404471124,4747007757.020176
2008-02-28,GOOGL,11.67775806933911,11.890960830988648,11.59982419174829,11.799128532409668,263212524,3105678402.0159645
2008-02-29,GOOGL,11.711761065879546,11.907092782560431,11.532560936207675,11.694634437561035,376638984,4404655232.8144
2008-03-03,GOOGL,11.702826690875131,11.732858591710395,11.17168077691835,11.343186378479004,301877820,3424256375.7889366
2008-03-04,GOOGL,11.19252882753893,11.25234386604661,10.816010663213264,11.03492259979248,544323132,6006563630.8966255
2008-03-05,GOOGL,11.051055905382594,11.272449785683236,11.020030854146233,11.111865043640137,297166536,3302074443.5180283
2008-03-06,GOOGL,11.111615795745424,11.250856325520811,10.701839403789794,10.7395658493042,298505196,3205816208.8014565
2008-03-07,GOOGL,10.644752992935919,10.920750203578056,10.579228767904617,10.755698204040527,322549128,3469241076.744438
2008-03-10,GOOGL,10.643510105581106,10.69737002046094,10.251604809558838,10.266000747680664,319184496,3276748274.584076
2008-03-11,GOOGL,10.55490697318412,10.924475017661154,10.539766641829315,10.916780471801758,352722924,3850598728.6800156
2008-03-12,GOOGL,10.920999122667594,11.116331799344637,10.872849335055513,10.925219535827637,265809924,2904031774.5016594
2008-03-13,GOOGL,10.738822099376415,11.093995143550332,10.642272811866572,10.99545955657959,308754936,3394902411.6823196
2008-03-14,GOOGL,10.994714342417788,11.1525693321611,10.687939872264232,10.869125366210938,262713024,2855460793.192383
2008-03-17,GOOGL,10.622663876498347,10.764635098365796,10.228524380146707,10.421127319335938,315212472,3284869303.3546143
2008-03-18,GOOGL,10.647235618675204,10.941599494606127,10.56160720321823,10.89990234375,289198512,3152235538.7578125
2008-03-19,GOOGL,10.948299792309028,11.106899151719874,10.714000683785425,10.722190856933594,246912840,2647446595.5075073
2008-03-20,GOOGL,10.60603530605252,10.814025436539458,10.362304084046366,10.760663032531738,396139464,4262723285.9917374
2008-03-24,GOOGL,10.881784578301984,11.560608093831863,10.864162318665967,11.431049346923828,270269460,3089463534.2264557
2008-03-25,GOOGL,11.354107989562676,11.354355804073624,11.069671790694585,11.188310623168945,233030736,2607220259.113678
2008-03-26,GOOGL,11.23323303932158,11.48838170073747,11.15132751359574,11.372224807739258,208818972,2374736293.7050095
2008-03-27,GOOGL,11.069669725645614,11.134448615894446,10.93291208367681,11.022015571594238,233054712,2568732664.6974106
2008-03-28,GOOGL,11.105908761333296,11.257558949259677,10.779527584601235,10.873098373413086,174872952,1901410809.9451447
2008-03-31,GOOGL,10.812538069302452,10.987517819739573,10.722441412357776,10.932417869567871,177678144,1942451716.4972534
2008-04-01,GOOGL,11.112858131364117,11.578478874241833,11.091264219112205,11.558870315551758,243480276,2814356934.678749
2008-04-02,GOOGL,11.662865227748417,11.807813049460936,11.426827615033242,11.558621406555176,239720040,2770833185.924263
2008-04-03,GOOGL,11.460086990326769,11.498806584050191,11.122536238644656,11.296027183532715,270864864,3059696866.807892
2008-04-04,GOOGL,11.34293805529106,11.85968800482067,11.322832922995193,11.692400932312012,235652112,2755338974.0500946
2008-04-07,GOOGL,11.83983309327701,12.048567636828196,11.752962755809369,11.834620475769043,237502260,2810749109.237423
2008-04-08,GOOGL,11.740800879035353,11.768102090976575,11.467037749289103,11.610992431640625,181698120,2109695496.16333
2008-04-09,GOOGL,11.643755347191158,11.714988773954785,11.35609284306567,11.52114486694336,241682076,2784454209.339615
2008-04-10,GOOGL,11.540254807467193,11.761151127714308,11.463064387801923,11.642512321472168,202693104,2359856960.7974396
2008-04-11,GOOGL,11.518166585438331,11.597342373866875,11.293298568749337,11.353858947753906,166621212,1891793738.7518005
2008-04-14,GOOGL,11.346659605925229,11.353857575977598,11.172672089864387,11.210150718688965,153550296,1721321961.0593033
2008-04-15,GOOGL,11.370734669018624,11.410198648521849,11.013079763053193,11.0905179977417,182920896,2028687489.2510376
2008-04-16,GOOGL,11.029958283731093,11.374457289132124,10.945569888938744,11.293793678283691,304922772,3443734874.7783394
2008-04-17,GOOGL,11.308685333576632,11.401511717286098,11.082576380259784,11.157532691955566,533585880,5953501900.06588
2008-04-18,GOOGL,13.283852979101093,13.593852812102938,13.024732674442427,13.38809585571289,728694576,9755832833.026062
2008-04-21,GOOGL,13.387599791620433,13.467023389143522,13.161739586440712,13.347887992858887,297290412,3968199120.7268715
2008-04-22,GOOGL,13.34242747973487,13.919737768886714,13.342177773552526,13.77503776550293,317222460,4369751366.5657425
2008-04-23,GOOGL,13.848007264971743,13.882010813925351,13.426316910967904,13.563819885253906,196663140,2667503409.028473
2008-04-24,GOOGL,13.682957101767698,13.762380700885963,13.40323696583293,13.478193283081055,165238596,2227117734.712944
2008-04-25,GOOGL,13.626615630653543,13.725399030416972,13.470499116729941,13.503509521484375,166409424,2247111241.4487305
2008-04-28,GOOGL,13.548681475751499,13.819962678997122,13.377920263418764,13.703557968139648,160183656,2195086015.5445404
2008-04-29,GOOGL,13.671539664257553,13.98352484725105,13.651186718114364,13.861163139343262,173666160,2407214975.543289
2008-04-30,GOOGL,13.953990364291949,14.516161357971587,13.861164914097154,14.253815650939941,315803880,4501410287.371559
2008-05-01,GOOGL,14.353590976934308,14.766097133730641,14.320332757307847,14.72018051147461,263847888,3883888538.9313354
2008-05-02,GOOGL,14.854453282891857,14.952740089293123,14.378159578949056,14.42755126953125,279672048,4034982811.1748047
2008-05-05,GOOGL,14.863639071855642,14.867114149917455,14.572501496281387,14.765352249145508,250988760,3705937451.976242
2008-05-06,GOOGL,14.66855423437588,14.693373516532652,14.469995247837751,14.553389549255371,184986828,2692185369.365101
2008-05-07,GOOGL,14.650436222907924,14.87927493567563,14.306928447549938,14.370715141296387,264255480,3797540227.6065445
2008-05-08,GOOGL,14.549420195151392,14.626360922847562,14.368482503779596,14.470244407653809,204711084,2962219418.435749
2008-05-09,GOOGL,14.370713623857304,14.51963403870436,14.17960137729071,14.22675895690918,179216604,2549671426.1838455
2008-05-12,GOOGL,14.265231013365263,14.563069031068812,14.12028318438858,14.518145561218262,194361444,2821767735.4805717
2008-05-13,GOOGL,14.55016253809863,14.59285283917641,14.359545907717923,14.469995498657227,206333460,2985644237.422371
2008-05-14,GOOGL,14.556615940702441,14.673270350858958,14.277641154359856,14.303701400756836,174856968,2501101858.113693
2008-05-15,GOOGL,14.370714394726441,14.46875339721818,14.286576649527168,14.420355796813965,173534292,2502426233.5882072
2008-05-16,GOOGL,14.431027857159904,14.51169336712377,14.353838371129495,14.397273063659668,170793036,2458953976.663456
2008-05-19,GOOGL,14.35954613212661,14.615936702940074,14.234702490363986,14.33398151397705,223955820,3210178583.827572
2008-05-20,GOOGL,14.262251808209847,14.457088845772216,14.2195615084218,14.360786437988281,132411456,1901532641.559082
2008-05-21,GOOGL,14.358803029039082,14.430533033318204,13.598570541311041,13.650691986083984,258465276,3528229871.774185
2008-05-22,GOOGL,13.699338334741455,13.755430482857443,13.408945151496455,13.63753604888916,202848948,2766359840.8292427
2008-05-23,GOOGL,13.575486818122977,13.725398505244948,13.348384700670724,13.51740837097168,177082740,2393699712.0306015
2008-05-27,GOOGL,13.525847155608577,13.963669145299328,13.498297183922965,13.921476364135742,154465380,2150386136.747246
2008-05-28,GOOGL,14.096207161962537,14.184317501479956,13.926439117663595,14.103652000427246,161853984,2282732265.2187195
2008-05-29,GOOGL,14.266223891819973,14.541476735049992,14.226759908307141,14.469995498657227,193606200,2801480842.5121307
2008-05-30,GOOGL,14.481660075534444,14.641749180497522,14.427801096285583,14.539491653442383,128878992,1873835028.4880676
2008-06-02,GOOGL,14.457585088576138,14.492085215994114,14.178858109884318,14.271435737609863,146821032,2095346923.1175613
2008-06-03,GOOGL,14.308666316158696,14.407946290207871,13.914278054586136,14.080324172973633,172039788,2422375985.689659
2008-06-04,GOOGL,14.031426491564083,14.345894541285327,14.01206764134453,14.202436447143555,134393472,1908714744.9909668
2008-06-05,GOOGL,14.32306026283638,14.59508773123497,14.301468243919059,14.551899909973145,156511332,2277537238.040577
2008-06-06,GOOGL,14.389330358111996,14.41340619786097,14.072876930236816,14.072876930236816,189190620,2662456311.6152
2008-06-09,GOOGL,14.099187012526183,14.14733680075002,13.536768240178324,13.846271514892578,211320468,2926000576.5821686
2008-06-10,GOOGL,13.640019043317787,13.869849961052049,13.571018786313445,13.754438400268555,146149704,2010207100.8854828
2008-06-11,GOOGL,13.805815021433153,13.833116232618737,13.513436491235257,13.531804084777832,152363484,2061752815.1621819
2008-06-12,GOOGL,13.62016227556954,13.849498503522463,13.57350126693579,13.72415828704834,219444336,3011688802.4602203
2008-06-13,GOOGL,13.93611843233204,14.288809505758909,13.932396485931228,14.184813499450684,247128624,3505473441.815872
2008-06-16,GOOGL,14.060466101452889,14.373196610440521,14.060466101452889,14.217080116271973,141570288,2012716126.5796967
2008-06-17,GOOGL,14.304943045835362,14.347633348422201,14.107129384025995,14.133934020996094,138377484,1955818228.8474426
2008-06-18,GOOGL,14.011075822266644,14.12226886131599,13.878289817290202,13.958209991455078,135112752,1885932164.939392
2008-06-19,GOOGL,13.783725961628763,13.99295800970249,13.671043197441195,13.904102325439453,227096676,3157575420.87117
2008-06-20,GOOGL,13.824182219291762,13.824182219291762,13.514677993235304,13.562332153320312,239084676,3242545788.680969
2008-06-23,GOOGL,13.535773978636554,13.729121288409186,13.452875308687124,13.532051086425781,145290564,1966079334.4236145
2008-06-24,GOOGL,13.530315508886204,13.680475966581398,13.281123833972845,13.459826469421387,186717096,2513179711.034294
2008-06-25,GOOGL,13.526095439327294,13.844534229427293,13.493829424402513,13.675759315490723,164723112,2252713633.4106216
2008-06-26,GOOGL,13.504503577473892,13.525104342922528,13.111357169783782,13.125256538391113,226153620,2968324279.5858192
2008-06-27,GOOGL,13.096957103552004,13.154538967840445,12.784474424998635,13.106637001037598,217682100,2853080266.3235664
2008-06-30,GOOGL,13.215847639850946,13.353100936684019,12.982292867146034,13.06568717956543,150461388,1965881428.2112198
2008-07-01,GOOGL,12.89591955869415,13.32133098578713,12.831883156328795,13.271940231323242,198197604,2630466754.2794724
2008-07-02,GOOGL,13.316118230215956,13.412170934229806,13.056751053344687,13.081073760986328,168751080,2207445324.7261047
2008-07-03,GOOGL,13.176383405984772,13.383629164752046,13.092492520250522,13.32828140258789,95923980,1278501798.6962128
2008-07-07,GOOGL,13.459823907168186,13.626117814315952,13.293530945877137,13.499783515930176,170037792,2295473381.526764
2008-07-08,GOOGL,13.551409700459732,13.779753706402898,13.402738991522208,13.763371467590332,197098704,2712742678.9326324
2008-07-09,GOOGL,13.669801637030735,13.791915534549933,13.42085874579754,13.441210746765137,165993840,2231158186.1048126
2008-07-10,GOOGL,13.526841262895177,13.638529936184051,13.172412606632687,13.416888236999512,173094732,2322392673.657383
2008-07-11,GOOGL,13.315870499276732,13.390330238844225,12.89219475139193,13.248856544494629,199056744,2637274245.470192
2008-07-14,GOOGL,13.377919718573361,13.404228725794038,12.793411422145542,12.946550369262695,176815008,2289144407.1135864
2008-07-15,GOOGL,12.814011696181238,13.092490848125504,12.437245729088596,12.809295654296875,242597160,3107498747.3327637
2008-07-16,GOOGL,12.758414852397943,13.315869716746901,12.673034255153363,13.29353141784668,189498312,2519101764.2009125
2008-07-17,GOOGL,13.257790688240547,13.329520682792289,13.018031128942141,13.239920616149902,351144504,4649125357.757332
2008-07-18,GOOGL,12.368990717001296,12.384627621098923,11.868622082015216,11.946308135986328,451244304,5390703500.192688
2008-07-21,GOOGL,11.935389158738523,12.01506057864963,11.558623135048588,11.635565757751465,235823940,2743944961.122036
2008-07-22,GOOGL,11.583937571145826,11.919749813293292,11.556139787872425,11.841815948486328,187472340,2220012945.7120514
2008-07-23,GOOGL,11.953505455425493,12.34119226076112,11.86638732249983,12.14238452911377,195568236,2374664723.1924706
2008-07-24,GOOGL,12.32803886726464,12.332258334620857,11.804835319519043,11.804835319519043,141494364,1670317665.6600838
2008-07-25,GOOGL,12.074627787894157,12.239432938208946,11.950777292986482,12.21088981628418,127212660,1553379774.4964218
2008-07-28,GOOGL,12.213619175936708,12.213619175936708,11.792673168411188,11.842065811157227,126273600,1495340281.4117432
2008-07-29,GOOGL,11.896173031430969,12.093739826082215,11.863907016829302,11.990736961364746,111999888,1342961196.710312
2008-07-30,GOOGL,12.050055236252186,12.062962397560206,11.735090611263004,11.980560302734375,139488372,1671148852.276245
2008-07-31,GOOGL,11.778527993594098,11.935636715989832,11.701089743535332,11.758423805236816,114489396,1346214839.3735847
2008-08-01,GOOGL,11.72764661168961,11.745267924335824,11.479198399516715,11.61223316192627,120195684,1395740307.6652107
2008-08-04,GOOGL,11.618686371755953,11.740054932209853,11.46430646331426,11.491608619689941,99380520,1142042040.2612686
2008-08-05,GOOGL,11.60553274652768,11.915533563614645,11.57425987968767,11.90982437133789,143236620,1705922987.7440643
2008-08-06,GOOGL,11.87308919582735,12.156036569001131,11.727645748438938,12.070904731750488,134896968,1628328449.3299942
2008-08-07,GOOGL,11.96318771043941,12.012827226589494,11.824443744699598,11.891706466674805,110841048,1318089207.2746124
2008-08-08,GOOGL,11.91727008535006,12.304459413803624,11.806572677816135,12.286093711853027,149422428,1835817953.0606117
2008-08-11,GOOGL,12.223049560343476,12.630343991374597,12.205923877953536,12.430792808532715,169402428,2105806483.730381
2008-08-12,GOOGL,12.459584439681763,12.562090725289492,12.360304471642896,12.474724769592285,110117772,1373688897.9407158
2008-08-13,GOOGL,12.449657711619787,12.497807502049193,12.258046970343736,12.410689353942871,144874980,1797998371.9386864
2008-08-14,GOOGL,12.3528591478743,12.598824490444382,12.317863390564025,12.5462064743042,116627256,1463229634.3075333
2008-08-15,GOOGL,12.583434796583106,12.67452364370712,12.546453687532974,12.661866188049316,141686172,1794011350.5609398
2008-08-18,GOOGL,12.654172662297297,12.658144315307926,12.298503993976063,12.367751121520996,133222644,1647664504.7429924
2008-08-19,GOOGL,12.172418649858109,12.367254764750562,12.07810347593918,12.174156188964844,121738140,1482059130.5140686
2008-08-20,GOOGL,12.278895613180978,12.32779168495081,11.977334682919379,12.037647247314453,159124716,1915487199.537094
2008-08-21,GOOGL,11.986020572812658,12.159263707795994,11.895428298394478,12.0756196975708,140423436,1695700009.7621727
2008-08-22,GOOGL,12.198975809758524,12.282866690700034,12.148839721959197,12.176389694213867,91796112,1117745232.125702
2008-08-25,GOOGL,12.065197166956457,12.335485229757936,11.950777805712644,11.98825454711914,80491428,964951727.7251129
2008-08-26,GOOGL,11.999426457452733,11.999426457452733,11.679994472910387,11.768600463867188,132195672,1555758046.8204346
2008-08-27,GOOGL,11.75792523705706,11.785227391776143,11.537276723261371,11.630102157592773,175308516,2038855950.1759872
2008-08-28,GOOGL,11.72714946299386,11.825436286348095,11.67353829646303,11.759166717529297,121066812,1423644826.2677765
2008-08-29,GOOGL,11.659142927176369,11.690415791364403,11.474979874164507,11.498806953430176,153774072,1768218368.3708725
2008-09-02,GOOGL,11.83337786818844,11.967654536038221,11.452392427264508,11.547452926635742,244215540,2820067452.102928
2008-09-03,GOOGL,11.633826981217178,11.771824653294999,11.406724867662899,11.526604652404785,172411416,1987318229.7932968
2008-09-04,GOOGL,11.417148496132038,11.497565238096037,11.154057491732736,11.175402641296387,193746060,2165190230.664768
2008-09-05,GOOGL,11.057009947907012,11.230004285727338,10.922734250735113,11.026232719421387,181190628,1997850030.9061089
2008-09-08,GOOGL,11.219086341813968,11.241920270434555,10.36354374705073,10.423111915588379,360355284,3756023454.5056343
2008-09-09,GOOGL,10.503032587895392,10.731623482960831,10.300253179843311,10.391095161437988,288894816,3001933524.702118
2008-09-10,GOOGL,10.53529867096504,10.535548377192017,10.168212546027583,10.27940559387207,248822928,2557751797.9668274
2008-09-11,GOOGL,10.135201987904694,10.79888512478131,10.086306865557706,10.765626907348633,258597144,2783960371.609909
2008-09-12,GOOGL,10.677764410457694,10.970142941686152,10.647732510533606,10.862671852111816,240878880,2616588229.54422
2008-09-15,GOOGL,10.523632904449748,10.969645998272942,10.516433988426877,10.768356323242188,262433304,2825975328.5577393
2008-09-16,GOOGL,10.572281105204793,11.151080245062372,10.56061490657945,10.993474006652832,279348372,3071009066.382786
2008-09-17,GOOGL,10.883024928777443,10.899405277398854,10.261534563419062,10.287596702575684,364710924,3751998899.1357307
2008-09-18,GOOGL,10.489878882138628,10.900398730037583,10.188564829559395,10.897917747497559,343232424,3740518725.026207
2008-09-19,GOOGL,11.441968955686223,11.468524830694559,11.00215973995922,11.147852897644043,399839760,4457354827.109299
2008-09-22,GOOGL,11.27145743258571,11.27145743258571,10.64773293589942,10.676027297973633,176115708,1880216106.2099533
2008-09-23,GOOGL,10.753215685274533,10.940358174942489,10.566322901791777,10.65443229675293,207959832,2215693950.4881134
2008-09-24,GOOGL,10.680991205727873,11.044850990762798,10.675282959557766,10.799383163452148,169510320,1830606895.839386
2008-09-25,GOOGL,10.891961550962645,11.168951023307882,10.82097593430524,10.9108247756958,200611188,2188833520.312168
2008-09-26,GOOGL,10.62291232088235,10.850263196504656,10.449917945250734,10.698365211486816,211488300,2262579071.3564873
2008-09-29,GOOGL,10.412189785475032,10.511468793141495,9.449178114313007,9.456377029418945,430085484,4067050491.5841293
2008-09-30,GOOGL,9.828178939573922,10.550439002638981,9.737338849086225,9.940861701965332,123328548,1225992039.5721931
2008-10-01,GOOGL,10.204696280551623,10.349396284980982,10.004897282390782,10.218843460083008,249142608,2545949310.3888245
2008-10-02,GOOGL,10.170943872669334,10.175659915569975,9.580479411111638,9.691920280456543,239156604,2317886740.5127144
2008-10-03,GOOGL,9.86218391352406,10.238204587323931,9.50775526060611,9.603063583374023,319396284,3067182823.5453873
2008-10-06,GOOGL,9.2821408890307,9.332028207937626,8.864670017610566,9.213390350341797,448375176,4131055519.891205
2008-10-07,GOOGL,9.26601078179715,9.306963549213433,8.572045958070646,8.587930679321289,441733824,3793579459.2235107
2008-10-08,GOOGL,8.194534356033115,8.910092044105115,8.09401342553331,8.391852378845215,472582944,3965846302.808075
2008-10-09,GOOGL,8.550949450131206,8.65146944795689,7.983814589522955,8.165247917175293,322677000,2634737702.170372
2008-10-10,GOOGL,7.772595905523613,8.485671642567704,7.701610774389059,8.240201950073242,423488088,3489627368.570389
2008-10-13,GOOGL,8.830669349046948,9.47995659304289,8.581476730981588,9.45687484741211,355863780,3365359230.1869965
2008-10-14,GOOGL,9.76737081137987,9.791445705568107,8.86070081876531,9.002422332763672,311080608,2800479012.7489014
2008-10-15,GOOGL,8.802374147646034,8.910340875124712,8.409723410631123,8.41816234588623,268587144,2261010182.209923
2008-10-16,GOOGL,8.259065584096433,8.848289920425467,7.68026648150898,8.761917114257812,648938412,5685944578.202087
2008-10-17,GOOGL,9.40574459659218,9.58047744996355,9.02327037972979,9.246400833129883,569398032,5264882437.467316
2008-10-20,GOOGL,9.425352575673138,9.4558810504914,8.924983911895607,9.414679527282715,269865864,2540700624.9132614
2008-10-21,GOOGL,9.242678098553254,9.525376725449812,8.98479970000307,9.00341510772705,231048720,2080227536.2689972
2008-10-22,GOOGL,8.860452712711606,9.17566516993031,8.538042285165483,8.827690124511719,262137600,2314069502.783203
2008-10-23,GOOGL,8.777554444822975,8.885521178797084,8.388875337544526,8.744544982910156,258896844,2263935098.2914734
2008-10-24,GOOGL,8.10294785204837,8.698625679086764,8.060009742885374,8.421138763427734,294065640,2476367559.9961853
2008-10-27,GOOGL,8.309946680164689,8.513221704750963,8.081354853236627,8.17790412902832,247779972,2026320856.1093216
2008-10-28,GOOGL,8.415183505884768,9.166233579835309,8.153582198582452,9.152334213256836,323891784,2964365856.095993
2008-10-29,GOOGL,9.07886633059491,9.20817724133683,8.745782884121144,8.885519027709961,389873736,3464230499.63237
2008-10-30,GOOGL,9.145137382511296,9.232998974089796,8.894703801856036,8.92746639251709,319236444,2849972625.076664
2008-10-31,GOOGL,8.839851689791457,9.232004857650495,8.792941922666031,8.919275283813477,296635068,2645769830.32473
2008-11-03,GOOGL,8.875094904755919,9.009370619940553,8.474254058365792,8.59984302520752,237941820,2046262301.132183
2008-11-04,GOOGL,8.772341595040793,9.241933972576371,8.575271378831825,9.107410430908203,293702004,2674864694.808243
2008-11-05,GOOGL,8.988523872641228,9.155561261843573,8.471277277404287,8.494359970092773,277582140,2357882618.428688
2008-11-06,GOOGL,8.43801672943279,8.548464413506064,8.086566655991517,8.220842361450195,342649008,2816863480.075287
2008-11-07,GOOGL,8.268000699189253,8.467304069487518,8.074653388929182,8.218857765197754,187064748,1537458556.694561
2008-11-10,GOOGL,8.140923274316789,8.176663419390971,7.6810103364350875,7.912083625793457,322880796,2554659859.1147575
2008-11-11,GOOGL,7.66165097313514,7.850529577984852,7.458873003527134,7.730401515960693,405458136,3134354189.192997
2008-11-12,GOOGL,7.4968477680341215,7.755967146911169,7.142171308026761,7.222587585449219,401641956,2900894205.2011414
2008-11-13,GOOGL,7.241698951775024,7.768624886947301,6.949568720415382,7.745790958404541,528858612,4096428255.1039753
2008-11-14,GOOGL,7.526631570982618,8.066215933112312,7.509505887296894,7.694661617279053,380303316,2926305328.5491467
2008-11-17,GOOGL,7.520426278878199,7.698136685719384,7.395085123622182,7.448945045471191,301450248,2245486331.295662
2008-11-18,GOOGL,7.484933690956418,7.538544854010863,7.082355284945095,7.381931304931641,333510156,2461949061.089035
2008-11-19,GOOGL,7.331545605488612,7.4506809840355865,6.914323020266494,6.954035758972168,313070616,2177104258.747444
2008-11-20,GOOGL,6.822739128339158,7.0225400330431915,6.429343558510217,6.442249774932861,390784824,2517533444.461178
2008-11-21,GOOGL,6.515468400921989,6.685733503427577,6.13795897820773,6.513483047485352,409370220,2666425988.115349
2008-11-24,GOOGL,6.683001960448727,6.700128587452714,6.18039925591513,6.3896307945251465,401785812,2567262997.158491
2008-11-25,GOOGL,6.668607625879742,7.1148694751411625,6.6348528350127305,7.000449180603027,430417152,3013113399.0358887
2008-11-26,GOOGL,6.956518490696731,7.333284963007285,6.85525363681104,7.2496418952941895,254009736,1841479623.9182167
2008-11-28,GOOGL,7.212163385932639,7.357856548098275,7.155077143962771,7.271234035491943,102517380,745427862.685461
2008-12-01,GOOGL,7.11536609116962,7.132740536750678,6.601594588901428,6.601842403411865,228219552,1506669515.6812592
2008-12-02,GOOGL,6.694668996516584,6.89446849143409,6.517206857463107,6.828200340270996,233354412,1593390675.4221382
2008-12-03,GOOGL,6.697646789611351,6.983323437119749,6.585708897161425,6.935421466827393,235955808,1636452976.0258026
2008-12-04,GOOGL,6.863442824640383,7.0361893668673,6.670840858127718,6.80908727645874,195268536,1329600503.9703255
2008-12-05,GOOGL,6.726685413852877,7.05480454030181,6.552946662009354,7.048599720001221,260587152,1836774526.6231155
2008-12-08,GOOGL,7.197520249400735,7.680267163008304,6.99920905579576,7.4983367919921875,325446228,2440305425.227478
2008-12-09,GOOGL,7.3886328100921075,7.892724831024958,7.371755414146887,7.594141483306885,275320404,2090822101.2172108
2008-12-10,GOOGL,7.675302652390935,7.81578272485329,7.557903850776658,7.664877891540527,209270520,1604032982.0991898
2008-12-11,GOOGL,7.549465988917677,7.765647242007661,7.391362709684681,7.451426982879639,246920832,1839912550.1998901
2008-12-12,GOOGL,7.339489232761715,7.85475089813422,7.297047217259813,7.837128639221191,228655116,1791999558.1080437
2008-12-15,GOOGL,7.793692648534797,7.904885675955403,7.572795372212784,7.710794925689697,269246484,2076104422.5869923
2008-12-16,GOOGL,7.8063516413250476,8.178153295840106,7.725687080142012,8.073412895202637,282101616,2277522824.3719025
2008-12-17,GOOGL,7.908609536458693,7.995230156884725,7.754229153244355,7.824221611022949,231356412,1810183838.6191292
2008-12-18,GOOGL,7.86045794049746,7.9510506820779066,7.672074960329863,7.701114654541016,190349460,1465903015.8899689
2008-12-19,GOOGL,7.718737230303505,7.887512123554189,7.669345064271403,7.6983842849731445,224279496,1726589747.4480972
2008-12-22,GOOGL,7.658425420874378,7.681755452565069,7.2134045106835725,7.374237060546875,156547296,1154416871.8916016
2008-12-23,GOOGL,7.456638436694722,7.528119668110527,7.36331548143768,7.396822929382324,150956892,1116601400.0938911
2008-12-24,GOOGL,7.48270052819448,7.603324226364446,7.405758388490938,7.519184589385986,76783140,577346603.0126667
2008-12-26,GOOGL,7.546983231300413,7.576519502912176,7.4040212259558125,7.454902648925781,78285636,583611795.1892395
2008-12-29,GOOGL,7.451426714047391,7.480217648984127,7.236983007686407,7.381931304931641,147927924,1091993773.0491486
2008-12-30,GOOGL,7.465823526678784,7.614990835578601,7.4139494235650965,7.523156642913818,153586260,1155453492.1792889
2008-12-31,GOOGL,7.550211509143476,7.718986432742055,7.510747521286185,7.635839462280273,115356528,880843928.7340393
2009-01-02,GOOGL,7.659417719641078,7.9875363843406255,7.582475580650468,7.97512674331665,144275580,1150616036.4655209
2009-01-05,GOOGL,7.967185438983258,8.221340974295483,7.818265943547024,8.142165184020996,195364440,1590689541.5637589
2009-01-06,GOOGL,8.264526663889209,8.458618365690398,8.100963435335526,8.291332244873047,256750992,2128807778.8727417
2009-01-07,GOOGL,8.148864442830043,8.213147699185612,7.911338553093693,7.992250442504883,179600220,1435409937.7689743
2009-01-08,GOOGL,7.899674734655762,8.07118034362793,7.876343755664062,8.07118034362793,143883972,1161313486.5695114
2009-01-09,GOOGL,8.128514109325877,8.128514109325877,7.778553693532206,7.820003032684326,173446380,1356351217.608118
2009-01-12,GOOGL,7.850779854071535,7.916304088269032,7.6998750125475866,7.760931491851807,132039828,1024752059.303896
2009-01-13,GOOGL,7.738096723704538,7.957256004932943,7.703845829517319,7.801387786865234,177122700,1381802868.5565948
2009-01-14,GOOGL,7.694165836697475,7.788481002354743,7.390121584859412,7.4700422286987305,218497284,1632183938.3359795
2009-01-15,GOOGL,7.385655341153577,7.534822173248885,7.118096549319786,7.420898914337158,237142620,1759811411.3010693
2009-01-16,GOOGL,7.570562567393796,7.650731029448124,7.339241451254673,7.4377760887146,208767024,1552762379.219307
2009-01-20,GOOGL,7.424622576163682,7.433557613531482,7.017824649810791,7.017824649810791,201726072,1415678200.5911064
2009-01-21,GOOGL,7.1568154576653695,7.53283659237201,7.1568154576653695,7.5224127769470215,196783020,1480283103.9342213
2009-01-22,GOOGL,7.397319085329339,7.6780318874256395,7.325590034337369,7.607295513153076,330349320,2513064899.80917
2009-01-23,GOOGL,7.6760459378756,8.239209510217355,7.5507057327718625,8.059017181396484,428882688,3456372951.395508
2009-01-26,GOOGL,8.062740515592596,8.14092314579701,7.956263525496398,8.038416862487793,184243572,1481026635.9697838
2009-01-27,GOOGL,8.102453178716901,8.286617189744735,8.048346381356593,8.227296829223633,196894908,1619912852.278679
2009-01-28,GOOGL,8.388625572749408,8.744790764355173,8.347176238853388,8.653949737548828,307348344,2659777120.894867
2009-01-29,GOOGL,8.5514436528114,8.564102053798639,8.441491588165018,8.521163940429688,291060648,2480175498.2156982
2009-01-30,GOOGL,8.555167157029567,8.657176858501623,8.339481557292194,8.402276039123535,186693120,1568647128.8452148
2009-02-02,GOOGL,8.297041716551545,8.562862506112321,8.240203282870976,8.452910423278809,208067724,1758777832.9474983
2009-02-03,GOOGL,8.502549160017487,8.513222208456828,8.285623517672237,8.449931144714355,261997740,2213862863.070774
2009-02-04,GOOGL,8.440498596693832,8.79716132368243,8.418161243087392,8.513221740722656,272423304,2319199994.2922974
2009-02-05,GOOGL,8.461348941631133,8.820491740061069,8.364302135316406,8.779292106628418,290285424,2548500531.5924835
2009-02-06,GOOGL,8.847296537997307,9.277922430943342,8.821980681188029,9.215127944946289,281242476,2591685399.893486
2009-02-09,GOOGL,9.2151280547848,9.456378288849379,9.116345608713278,9.401029586791992,198892908,1869798112.7110977
2009-02-10,GOOGL,9.331782557790213,9.369509006103993,8.882790908354,8.898179054260254,283863852,2525871382.1280327
2009-02-11,GOOGL,8.909098870607592,9.059259310971518,8.761420358457494,8.886512756347656,209054736,1857767578.2388916
2009-02-12,GOOGL,8.76539169044641,9.025007614770315,8.72369454129404,9.010859489440918,221789988,1998518418.0327873
2009-02-13,GOOGL,8.98951615594394,9.009371582849846,8.81676959092106,8.877577781677246,165702132,1471033565.4197502
2009-02-17,GOOGL,8.600339766212482,8.614735707727595,8.431068275444654,8.504783630371094,226988784,1930490494.44104
2009-02-18,GOOGL,8.618458405683766,8.77085202307534,8.45166884710225,8.764151573181152,240739020,2109873260.859089
2009-02-19,GOOGL,8.872366015599807,8.930195702530462,8.473758298642808,8.504287719726562,199348452,1695316592.2901
2009-02-20,GOOGL,8.39036448219935,8.66015691829333,8.31466282594705,8.598851203918457,248435316,2136258316.0824623
2009-02-23,GOOGL,8.612503288340006,8.681998235967194,8.179395391309948,8.19205379486084,208635156,1709150421.4511833
2009-02-24,GOOGL,8.215878449137886,8.677528389029902,8.212652132037737,8.574028968811035,243592164,2088566270.7113686
2009-02-25,GOOGL,8.492124847995141,8.744046246384103,8.411955915252083,8.479467391967773,257306436,2181821533.805443
2009-02-26,GOOGL,8.586687449764673,8.748760937496026,8.368272117260348,8.368768692016602,223999776,1874602312.4075317
2009-02-27,GOOGL,8.26378165307335,8.533574066537701,8.218112848647193,8.388874053955078,216583200,1816889187.0025635
2009-03-02,GOOGL,8.273214181101018,8.456136277248218,8.09128428880224,8.120075225830078,231308460,1878242095.5709076
2009-03-03,GOOGL,8.192300502691303,8.282149333870327,8.000691665381288,8.078377723693848,260731008,2106283566.9034424
2009-03-04,GOOGL,8.020794844136978,8.165743617467475,7.827696283828926,7.915558815002441,312423264,2473004721.367035
2009-03-05,GOOGL,7.854998899891962,7.919530457732843,7.511492060644572,7.585951805114746,260934804,1979438847.4210625
2009-03-06,GOOGL,7.625165833188533,7.6988816542239755,7.303252463939436,7.65867280960083,289078632,2213958658.7350044
2009-03-09,GOOGL,7.445470072822221,7.609033302317479,7.184116129653657,7.219857692718506,258593148,1867005728.872095
2009-03-10,GOOGL,7.402532843439283,7.706575704069025,7.3032533393255425,7.648746013641357,268938792,2057044513.2235222
2009-03-11,GOOGL,7.6966466539566545,7.94236367956109,7.5876872693174215,7.890490531921387,236707056,1867734784.2069855
2009-03-12,GOOGL,7.881306612480405,8.06646327752943,7.7847578096972825,8.029977798461914,200763036,1612122721.83181
2009-03-13,GOOGL,8.093765862411576,8.127521600629276,7.918289559175592,8.052068710327148,156099744,1256925864.352478
2009-03-16,GOOGL,8.091035698520916,8.183862082074706,7.907368284776689,7.934669494628906,197674128,1568478873.3189697
2009-03-17,GOOGL,7.946831680893483,8.323101043701172,7.919777341653478,8.323101043701172,188311500,1567335642.1909332
2009-03-18,GOOGL,8.309946228960161,8.438761509798432,8.142163542971877,8.267504692077637,200287512,1655877945.224556
2009-03-19,GOOGL,8.232259490091275,8.33948181121592,8.125534689616872,8.18907356262207,164283552,1345330092.4568481
2009-03-20,GOOGL,8.198009379586184,8.264774572474389,8.099722563478515,8.194534301757812,189326484,1551442367.3692017
2009-03-23,GOOGL,8.278923104216695,8.673311397146318,8.265768125901864,8.652215003967285,170689140,1476839138.1222725
2009-03-24,GOOGL,8.600092043503787,8.782269753165687,8.538042886512155,8.616721153259277,152647200,1315318357.2257996
2009-03-25,GOOGL,8.696889305945742,8.720218863713852,8.34568794989109,8.539778709411621,173278548,1479760455.0081596
2009-03-26,GOOGL,8.764645977665111,8.914310777147573,8.649730062121339,8.768617630004883,239891868,2103520063.0396042
2009-03-27,GOOGL,8.68696143692082,8.736601897577318,8.574527429866245,8.629876136779785,132779088,1145867082.9945831
2009-03-30,GOOGL,8.502052418422522,8.533326227947217,8.340724243550742,8.50552749633789,123640236,1051625426.9517059
2009-03-31,GOOGL,8.660402156820428,8.77407709585439,8.592147252171074,8.638808250427246,146065788,1261834334.479557
2009-04-01,GOOGL,8.532581957784014,8.817018161101547,8.453903686897805,8.788475036621094,131915952,1159340051.0841064
2009-04-02,GOOGL,9.017312787774706,9.177400930125605,8.943101815019824,8.997209548950195,179340480,1613563879.1693115
2009-04-03,GOOGL,9.046849004852428,9.226048181316285,8.88551895352913,9.177897453308105,151440408,1389904534.9111404
2009-04-06,GOOGL,9.108898852081978,9.178891308834972,8.969907088207615,9.13967514038086,131080788,1198035819.4651337
2009-04-07,GOOGL,8.99969231237726,9.028235436404634,8.81875556029148,8.901654243469238,147056796,1309048752.14439
2009-04-08,GOOGL,9.022030210983,9.059260083220884,8.841092521144176,8.984800338745117,110497392,992797005.072052
2009-04-09,GOOGL,9.170949270848837,9.291325631419284,9.090283763226836,9.24540901184082,135168696,1249689880.1171722
2009-04-13,GOOGL,9.216370923208224,9.409220739284846,9.19080535724471,9.384648323059082,121881996,1143819669.3724937
2009-04-14,GOOGL,9.355608692053147,9.356849656180358,9.074151028661271,9.156305313110352,137006856,1254476603.5253448
2009-04-15,GOOGL,9.111381769434198,9.457866139420474,9.038410809296556,9.419147491455078,197030772,1855861901.8232574
2009-04-16,GOOGL,9.468785629156068,9.751732027813222,9.456872564531167,9.648481369018555,406996596,3926899073.7599716
2009-04-17,GOOGL,9.58097355512633,9.923488177372509,9.550941654819697,9.735353469848633,428802768,4174546515.3294983
2009-04-20,GOOGL,9.584198512869794,9.69588810944078,9.329547405550253,9.414182662963867,176978844,1666111164.8961868
2009-04-21,GOOGL,9.336497343002796,9.53828264344999,9.334759804111462,9.468042373657227,147668184,1398128623.353012
2009-04-22,GOOGL,9.474991671537328,9.67975642272381,9.406985514808685,9.527361869812012,139931928,1333182115.1964798
2009-04-23,GOOGL,9.617953695595029,9.673551154635446,9.459106515070228,9.547962188720703,104255640,995428908.6808777
2009-04-24,GOOGL,9.581718390442258,9.758684428718327,9.443968524147229,9.667098999023438,135280584,1307770798.173706
2009-04-27,GOOGL,9.539276416891838,9.66709856364823,9.499812432186335,9.579236030578613,91532376,876810234.1436691
2009-04-28,GOOGL,9.524630929018212,9.656176903269467,9.469779749858581,9.523638725280762,117626256,1120229966.7513885
2009-04-29,GOOGL,9.579732943621597,9.80311217668242,9.576257865488989,9.716242790222168,144255600,1401622433.449173
2009-04-30,GOOGL,9.822717826464654,10.021028975323071,9.798890750867661,9.827929496765137,174053772,1710588199.8620338
2009-05-01,GOOGL,9.804602397931442,9.86814128210721,9.718228636094432,9.771343231201172,97010892,947926722.8969879
2009-05-04,GOOGL,9.882535489320793,9.987523706876717,9.798644608587018,9.977099418640137,127991880,1276987711.5386581
2009-05-05,GOOGL,9.927461089813816,10.052055988671553,9.859701789409415,10.002168655395508,95935968,959567732.0546265
2009-05-06,GOOGL,10.096482145710285,10.13346420052868,9.952775285311724,10.014080047607422,105210684,1053588211.4395294
2009-05-07,GOOGL,10.029716371096756,10.051805909401933,9.741805146304868,9.843814849853516,119872008,1179997852.4321594
2009-05-08,GOOGL,9.998693122794531,10.179382060047235,9.803857003737269,10.109886169433594,154449396,1561465812.4977722
2009-05-11,GOOGL,9.99745010468713,10.225793157875144,9.957738310474289,10.126017570495605,102269628,1035584050.0560493
2009-05-12,GOOGL,10.176402917882092,10.20072562453825,9.806586165610438,9.903383255004883,151480368,1500168139.9131775
2009-05-13,GOOGL,9.781270308416776,9.838356552995407,9.638803457322853,9.668339729309082,113598288,1098306841.0518951
2009-05-14,GOOGL,9.649973267995437,9.734609486807287,9.547963550148749,9.617707252502441,117362520,1128758359.7759628
2009-05-15,GOOGL,9.70705833032616,9.781766833575963,9.657171002518291,9.679757118225098,120227652,1163774470.25449
2009-05-18,GOOGL,9.79715429957829,9.861189749700916,9.565584912475119,9.84952449798584,133933932,1319185544.3455696
2009-05-19,GOOGL,9.83115672368476,9.968659705241082,9.754216005023245,9.90015697479248,113386500,1122544148.8223076
2009-05-20,GOOGL,9.979828689588652,10.068684368675479,9.803855816205205,9.857962608337402,91268640,899722840.4338074
2009-05-21,GOOGL,9.836121584960269,9.998444810507989,9.77506557859526,9.841086387634277,108683208,1069560838.8132248
2009-05-22,GOOGL,9.845055845487606,9.894447538750407,9.729395537096623,9.76662540435791,68675256,670725499.900383
2009-05-26,GOOGL,9.728156457020935,10.052054725472118,9.679756962814238,10.03617000579834,124055820,1245045299.7287178
2009-05-27,GOOGL,10.067939561892059,10.222319478592022,10.04733879980401,10.065954208374023,121250628,1220503269.1845932
2009-05-28,GOOGL,10.143392536767676,10.216363501254104,10.042375024879483,10.18608283996582,106645248,1086297330.6166992
2009-05-29,GOOGL,10.228524503012043,10.355602264404297,10.193528744900872,10.355602264404297,105822072,1095851288.4271545
2009-06-01,GOOGL,10.392832975530895,10.66262445536293,10.387869118759607,10.587172508239746,132763104,1405585884.7773743
2009-06-02,GOOGL,10.579476810362706,10.671558802667919,10.508740913219883,10.632840156555176,104839056,1114736924.6121368
2009-06-03,GOOGL,10.573272060565785,10.73360802296747,10.523632552072074,10.71350383758545,141170688,1512432707.6425781
2009-06-04,GOOGL,10.804096423867646,10.951527121005173,10.784240998228903,10.92770004272461,145378476,1588652378.3964386
2009-06-05,GOOGL,11.04658762878301,11.102929479964457,10.907347105434985,11.027972221374512,147084768,1622046735.6913147
2009-06-08,GOOGL,10.908342347000632,10.94358686932568,10.774811935462973,10.89022445678711,123824052,1348471719.4288788
2009-06-09,GOOGL,10.885507873573376,10.933162982804044,10.716236373205604,10.812040328979492,130065804,1406276718.2691422
2009-06-10,GOOGL,10.827179115772532,10.868379687898825,10.589900557399426,10.737082481384277,134221644,1441148862.414997
2009-06-11,GOOGL,10.716481365355794,10.765128665684099,10.632093924838395,10.647730827331543,114493392,1219094819.5241547
2009-06-12,GOOGL,10.59461831968277,10.61546689651665,10.454385582118519,10.544482231140137,116619264,1229689757.0566406
2009-06-15,GOOGL,10.46158369205678,10.46158369205678,10.275434330909407,10.344185829162598,149326524,1544661313.4789085
2009-06-16,GOOGL,10.407228488741527,10.451408518746229,10.310679199680319,10.325074195861816,121866012,1258275615.8537865
2009-06-17,GOOGL,10.329788630632747,10.41740334176745,10.214872710146949,10.304224014282227,139464396,1437072378.400566
2009-06-18,GOOGL,10.31713060585357,10.391839104302084,10.250613227194435,10.276923179626465,123284592,1266986281.2155914
2009-06-19,GOOGL,10.379927046841043,10.43577138292481,10.289830395542399,10.42658805847168,170193636,1774538932.7454758
2009-06-22,GOOGL,10.348651902501233,10.36205469277276,9.974864445150256,10.110381126403809,164811024,1666302266.4728851
2009-06-23,GOOGL,10.093007427118208,10.15108681981117,9.991246474374659,10.06893253326416,115868016,1166667235.8671722
2009-06-24,GOOGL,10.144882482098105,10.231503108713683,10.09077473965121,10.15853214263916,98213688,997706906.395134
2009-06-25,GOOGL,10.101696403360028,10.322593726803436,10.089534574717492,10.319367408752441,121658220,1255435870.4748344
2009-06-26,GOOGL,10.267492995370457,10.628622129933586,10.253345812765748,10.556397438049316,130137732,1373785620.6783485
2009-06-29,GOOGL,10.573271659969295,10.617947310506654,10.479949652376764,10.527106285095215,86685228,912544608.5037117
2009-06-30,GOOGL,10.523633575785173,10.603304989938533,10.380174521553357,10.46381664276123,103652244,1084598075.826748
2009-07-01,GOOGL,10.528597186781722,10.583201501433129,10.378436740275594,10.399285316467285,92339568,960265513.6313324
2009-07-02,GOOGL,10.310431008381661,10.310431008381661,10.096979489256704,10.138676643371582,100603296,1019984287.4013977
2009-07-06,GOOGL,10.089286755882743,10.19203992542832,9.969158194202475,10.166476249694824,90413496,919186659.735878
2009-07-07,GOOGL,10.132471751541352,10.156051017208448,9.828179195200274,9.844313621520996,130241628,1282139432.6094704
2009-07-08,GOOGL,9.927955245879758,10.076874725905045,9.879804513113521,9.98975658416748,137510352,1373694944.2831879
2009-07-09,GOOGL,10.079852565968919,10.286602663782288,10.071910206834765,10.185832977294922,130892976,1333253991.4370728
2009-07-10,GOOGL,10.165730267792865,10.359077585529247,10.14388854257129,10.285361289978027,116946936,1202841488.5159378
2009-07-13,GOOGL,10.329293976751122,10.536539723854384,10.30472156181611,10.531079292297363,161666172,1702519276.2141838
2009-07-14,GOOGL,10.516434486408286,10.591391748791038,10.445946397566301,10.540759086608887,115716168,1219736249.3135605
2009-07-15,GOOGL,10.664114452119879,10.887990282388866,10.635075697519627,10.87533187866211,150928920,1641402095.0880432
2009-07-16,GOOGL,10.838351590131658,11.063468401911962,10.774316123039487,10.985284805297852,261917820,2877241848.2827377
2009-07-17,GOOGL,10.747012588146285,10.808565167249924,10.590646374493383,10.678757667541504,273889836,2924803186.246685
2009-07-20,GOOGL,10.669573186423143,10.743287584659178,10.579476549659018,10.676770210266113,126013860,1345421026.5286446
2009-07-21,GOOGL,10.695880974132761,10.719708050362122,10.56632225210835,10.620429039001465,118609272,1259681356.6436234
2009-07-22,GOOGL,10.622912715907562,10.677517032416798,10.51122310034615,10.615219116210938,103364532,1097237156.0245972
2009-07-23,GOOGL,10.63978937286778,10.95078234359525,10.560861410352157,10.854728698730469,138988872,1508686497.7025757
2009-07-24,GOOGL,10.816755064866811,11.181112348663211,10.79665182430492,11.087540626525879,144930924,1606927507.8899345
2009-07-27,GOOGL,11.07066180705696,11.08828406370264,10.861430732606982,11.039885520935059,100075824,1104825640.3732452
2009-07-28,GOOGL,10.945569646584014,10.990494058540106,10.823952332180646,10.917027473449707,101198700,1104788988.1773949
2009-07-29,GOOGL,10.8520012333201,10.866148414493225,10.719462093849266,10.827428817749023,79400520,859703478.3922577
2009-07-30,GOOGL,10.985531569226522,11.205435722925138,10.985531569226522,11.060735702514648,127816056,1413739613.9538116
2009-07-31,GOOGL,11.168452563589648,11.235962138922764,10.981062273900534,10.99644947052002,114301584,1256911592.8563995
2009-08-03,GOOGL,11.137676629809159,11.265747532151103,11.110374473296698,11.22380256652832,103508388,1161757710.8916092
2009-08-04,GOOGL,11.153311594694854,11.268227510431736,11.129982038818431,11.261527061462402,95496408,1075435382.9644547
2009-08-05,GOOGL,11.317868814254513,11.34045492845259,11.116331325388101,11.197244644165039,93586320,1047908920.3871155
2009-08-06,GOOGL,11.275674336758193,11.290069330227444,11.132463116166457,11.177884101867676,84351564,942872006.2032738
2009-08-07,GOOGL,11.309679595362685,11.402753802699452,11.292801725444214,11.345171928405762,101622276,1152922192.9759026
2009-08-10,GOOGL,11.296524238322666,11.377685375702729,11.263017259967885,11.333009719848633,69610320,788894433.1617737
2009-08-11,GOOGL,11.260039410707492,11.348398523727843,11.228022155007363,11.266741752624512,68431500,771000038.2447243
2009-08-12,GOOGL,11.303227287608564,11.46058382384163,11.29106451381483,11.381905555725098,93562344,1064917762.9802628
2009-08-13,GOOGL,11.47051140693138,11.534299043985614,11.390094661393176,11.473738670349121,79728192,914780439.6674194
2009-08-14,GOOGL,11.486147895637266,11.49607560830017,11.339959110762972,11.41714859008789,66936996,764229629.5061188
2009-08-17,GOOGL,11.20617979387101,11.21834162106471,10.998189659123344,11.042119979858398,104703192,1156145208.33815
2009-08-18,GOOGL,11.047333438233899,11.111864520240516,10.978333182720776,11.051799774169922,93949956,1038316102.5040741
2009-08-19,GOOGL,10.920503704400838,11.0448507745018,10.88501042629991,11.019286155700684,90109800,992945671.6329575
2009-08-20,GOOGL,11.218589780189173,11.471256524477164,11.199478742236346,11.427326202392578,159796044,1826041520.6398773
2009-08-21,GOOGL,11.554650755894112,11.56830136095861,11.48292170690116,11.547204971313477,142277580,1642908379.0824509
2009-08-24,GOOGL,11.599574895874698,11.667582002374937,11.526852693047566,11.633827209472656,98037864,1140555569.7617798
2009-08-25,GOOGL,11.643754792396164,11.773314476897308,11.633578318812853,11.69935131072998,93546360,1094431729.4800186
2009-08-26,GOOGL,11.733851562343574,11.739808569172357,11.583443287986725,11.61570930480957,79432488,922664689.9657745
2009-08-27,GOOGL,11.63010402120018,11.63010402120018,11.43526885239885,11.567558288574219,79876044,923970794.830719
2009-08-28,GOOGL,11.646980171911826,11.724169649492934,11.501039204808391,11.535041809082031,70793136,816601783.5560303
2009-08-31,GOOGL,11.411937125988201,11.463314179235747,11.36750928313518,11.458598136901855,78237684,896494180.1179161
2009-09-01,GOOGL,11.409205231589718,11.586419048872312,11.278652416421712,11.311910629272461,103692204,1172956944.6002884
2009-09-02,GOOGL,11.313401763205684,11.375699675842636,11.233232832085761,11.243658065795898,72119808,810890460.9228516
2009-09-03,GOOGL,11.313400904159815,11.373713458782401,11.293047958964664,11.35559368133545,65782152,746995389.5958481
2009-09-04,GOOGL,11.356836625283927,11.4816812127853,11.312408784601404,11.449414253234863,59908032,685911875.4640503
2009-09-08,GOOGL,11.523627663564843,11.590640682021707,11.313899020471585,11.382899284362793,106161732,1208428303.2095146
2009-09-09,GOOGL,11.393818042444954,11.572768467578609,11.387363515868465,11.5156831741333,87728184,1010249972.3860703
2009-09-10,GOOGL,11.582200797566749,11.688677787780762,11.466788298286966,11.688677787780762,101282616,1183859863.9275284
2009-09-11,GOOGL,11.675276060744878,11.74725292538309,11.606523621925708,11.718461990356445,76039884,891070490.4051132
2009-09-14,GOOGL,11.67800674923957,11.834124209561795,11.666589310925142,11.792426109313965,78948972,930999918.7162971
2009-09-15,GOOGL,11.791433466696034,11.886493024755953,11.732610629950663,11.852489471435547,95828076,1135801261.8579254
2009-09-16,GOOGL,11.908580999757506,12.146107375219847,11.875819360772272,12.119301795959473,103308588,1252027956.0864372
2009-09-17,GOOGL,12.17589411816094,12.34466903046242,12.091009141308826,12.204435348510742,179144676,2186359616.271904
2009-09-18,GOOGL,12.329775626226144,12.334988242932928,12.19227358875286,12.197981834411621,131208660,1600480851.1974907
2009-09-21,GOOGL,12.105652645994356,12.382643034385664,12.067927146445149,12.335484504699707,84571344,1043228503.4536285
2009-09-22,GOOGL,12.43278114068948,12.459337967137541,12.355591644205761,12.386615753173828,121526352,1505300226.1089478
2009-09-23,GOOGL,12.429305051640535,12.583684977913876,12.35310776532444,12.371723175048828,108059832,1336886327.846283
2009-09-24,GOOGL,12.421610007022478,12.444941458332675,12.2362050358901,12.329776763916016,101002896,1245343160.1890259
2009-09-25,GOOGL,12.268223433630395,12.408207403662283,12.211385006316624,12.223298072814941,81902016,1001112754.3324585
2009-09-28,GOOGL,12.281873444485852,12.447174222571526,12.243651369776433,12.373459815979004,73498428,909429845.3956261
2009-09-29,GOOGL,12.398279099333994,12.403739530843458,12.236454345117586,12.373459815979004,83884032,1037935699.1542969
2009-09-30,GOOGL,12.40994484582849,12.413418977857631,12.093242667377703,12.306941986083984,125542332,1545042196.721695
2009-10-01,GOOGL,12.236204550287086,12.32233048964697,12.087286013665247,12.092249870300293,112415472,1359355976.7117462
2009-10-02,GOOGL,12.006374056423832,12.204933058043759,11.9780787484164,12.027222633361816,103927968,1249964808.9689026
2009-10-05,GOOGL,12.10341848648474,12.222058253717938,11.996445863169885,12.125012397766113,85698216,1039091931.4664383
2009-10-06,GOOGL,12.203939727284906,12.394308551518098,12.203939727284906,12.378671646118164,109182708,1351536891.7659988
2009-10-07,GOOGL,12.385125091301182,12.881275278860546,12.355590709312507,12.84528636932373,194773032,2501915373.061455
2009-10-08,GOOGL,12.895667640356521,12.987005239985113,12.741039930296227,12.76188850402832,171979848,2194787645.115738
2009-10-09,GOOGL,12.823195420854612,12.943820539252467,12.769832071605258,12.813267707824707,109414476,1401956972.0993614
2009-10-12,GOOGL,12.991226533286797,13.049304031294016,12.889464639894033,13.006613731384277,132755112,1726694462.6506577
2009-10-13,GOOGL,13.015301680760693,13.0914989585949,12.940594127384196,13.057991981506348,121374504,1584907299.9913101
2009-10-14,GOOGL,13.215597328990164,13.293034619935888,13.15453943913528,13.286581039428711,130205664,1729988106.5286255
2009-10-15,GOOGL,13.247615827463001,13.325798460881478,13.086783278842853,13.152307510375977,243771984,3206164095.9824524
2009-10-16,GOOGL,13.584669165048725,13.768833152438617,13.515173285057942,13.647214889526367,353322324,4821865680.894859
2009-10-19,GOOGL,13.717705665167436,13.740291781746455,13.619418838580238,13.702813148498535,128587284,1762007525.9249153
2009-10-20,GOOGL,13.691643911309054,13.724158686291938,13.420113948583275,13.693629264831543,161586252,2212702229.1816444
2009-10-21,GOOGL,13.648705450890326,13.883005536361686,13.626119335801148,13.678240776062012,146677176,2006285729.6808243
2009-10-22,GOOGL,13.650938757126378,13.77503800260293,13.601298302250344,13.752450942993164,93366540,1284018761.067009
2009-10-23,GOOGL,13.781243742253997,13.84676797419866,13.680722807574545,13.742524147033691,95612292,1313954231.5632362
2009-10-26,GOOGL,13.793654197871778,13.93984300067662,13.673029069138032,13.755431175231934,118697184,1632730945.205841
2009-10-27,GOOGL,13.675014045058914,13.764117538569668,13.505990381659503,13.60849666595459,128531340,1749118311.8606758
2009-10-28,GOOGL,13.598071758007453,13.650939478970042,13.359305338114986,13.410185813903809,102609288,1376009618.3123703
2009-10-29,GOOGL,13.477447899018994,13.696359843571509,13.42756057172228,13.677000045776367,100803096,1378683948.6063995
2009-10-30,GOOGL,13.650939358977565,13.655157880346952,13.259776492072728,13.306438446044922,138601260,1844289134.7342682
2009-11-02,GOOGL,13.33026441157633,13.389336001952579,13.110856863423198,13.253571510314941,127955916,1695872882.8738518
2009-11-03,GOOGL,13.154788915227787,13.340689499876367,13.112347375334194,13.335477828979492,95112792,1268374528.968338
2009-11-04,GOOGL,13.422595885227881,13.539248402057469,13.313884781933533,13.410930633544922,93214692,1250095768.4392548
2009-11-05,GOOGL,13.489361688607955,13.645230380501614,13.46876092697993,13.617432594299316,73834092,1005430770.9712944
2009-11-06,GOOGL,13.594349896812274,13.695117699364337,13.539249007557276,13.678240776062012,72994932,998442255.3282738
2009-11-09,GOOGL,13.786206837083103,13.963172856895088,13.755927124036106,13.961435317993164,105890004,1478376441.6680374
2009-11-10,GOOGL,13.966895918156533,14.117057314711262,13.948778030120062,14.066920280456543,89142768,1253964211.0352325
2009-11-11,GOOGL,14.15925046355591,14.234207729453018,14.044583288334174,14.161236763000488,92695212,1312678843.928524
2009-11-12,GOOGL,14.136413733884757,14.219312397720131,14.03564594544099,14.093971252441406,75376548,1062354900.6202698
2009-11-13,GOOGL,14.129712765373998,14.209632928899433,14.063195391565769,14.198216438293457,66605328,945676862.8875275
2009-11-16,GOOGL,14.271436050629616,14.32082774886549,14.216336106374984,14.303205490112305,87880032,1256966156.173645
2009-11-17,GOOGL,14.268209996995578,14.333486416180774,14.239666874659907,14.33323860168457,76591332,1097801836.3768387
2009-11-18,GOOGL,14.312390327453613,14.365256159952297,14.19871441055693,14.312390327453613,61922016,886252062.8548279
2009-11-19,GOOGL,14.240908832306644,14.246616132593255,14.147337104969251,14.221549034118652,86633280,1232059439.5065308
2009-11-20,GOOGL,14.134928645307923,14.187050091877422,14.132446716702564,14.146345138549805,80167752,1134080688.7736664
2009-11-23,GOOGL,14.308417787480353,14.55934698006058,14.292780882579974,14.453862190246582,101798100,1471375708.6289406
2009-11-24,GOOGL,14.458080870588493,14.502012133924675,14.309657972783507,14.472228050231934,64143792,928303585.8306427
2009-11-25,GOOGL,14.55463207783833,14.570764612974315,14.46230225740568,14.538002967834473,58389552,848867480.2665253
2009-11-27,GOOGL,14.196975888714963,14.456591828425122,14.171412216704026,14.389578819274902,55328616,796155480.8933945
2009-11-30,GOOGL,14.411171718041102,14.486623661305062,14.323805762449943,14.469995498657227,68934996,997489081.8199539
2009-12-01,GOOGL,14.597320822879636,14.674013728991794,14.469995256936322,14.640507698059082,92719188,1357455985.6717873
2009-12-02,GOOGL,14.668556499234665,14.718443831586569,14.549916717951236,14.581933975219727,66461472,969136796.5999146
2009-12-03,GOOGL,14.619908499469416,14.679724489267711,14.519636318721517,14.538002967834473,57090852,829986975.8121986
2009-12-04,GOOGL,14.718690931558854,14.763616296245864,14.375184084949987,14.51988410949707,100443456,1458427340.6773682
2009-12-07,GOOGL,14.500026522069541,14.611219549740461,14.420355116407851,14.5506591796875,65382552,951359230.4501953
2009-12-08,GOOGL,14.482403391023754,14.66011378382717,14.445173525782431,14.570513725280762,60899040,887330298.1764221
2009-12-09,GOOGL,14.581683119294613,14.627104105723049,14.484389457626008,14.619409561157227,71168760,1040445250.399704
2009-12-10,GOOGL,14.654657366174693,14.760638745786274,14.653912976754494,14.6809663772583,66665268,978710558.0389137
2009-12-11,GOOGL,14.759890582760567,14.761628121646112,14.587392791995939,14.656392097473145,68731200,1007351416.5298462
2009-12-14,GOOGL,14.776521429699386,14.825167791822183,14.708514324322685,14.7859525680542,76459464,1130526008.0828476
2009-12-15,GOOGL,14.725638942234736,14.802084030772745,14.668305835223794,14.721667289733887,91124784,1341508751.8968658
2009-12-16,GOOGL,14.857186612299392,14.901116934153324,14.808539302285585,14.836337089538574,112263624,1665580968.5572128
2009-12-17,GOOGL,14.803574795342318,14.833358880692854,14.737057414597404,14.741524696350098,105446448,1554441417.3343964
2009-12-18,GOOGL,14.793398744655896,14.86537655886994,14.767834125840984,14.803077697753906,141118740,2088991672.829132
2009-12-21,GOOGL,14.832614098636835,14.88796280413559,14.784464309650396,14.859171867370605,102745152,1526707872.1071167
2009-12-22,GOOGL,14.925193479394869,14.929165132536749,14.863391189256651,14.919733047485352,75156768,1121318915.2717896
2009-12-23,GOOGL,14.978803179596607,15.21136477731683,14.962669699959418,15.181829452514648,82825092,1257436421.1328354
2009-12-24,GOOGL,15.212854203243245,15.376417435053563,15.196472909442875,15.350604057312012,34313652,526735285.6123924
2009-12-28,GOOGL,15.429531349764455,15.537000539766584,15.350603387249446,15.459562301635742,67848084,1048901681.6446152
2009-12-29,GOOGL,15.505978941239846,15.50846086975733,15.345890768434451,15.373440742492676,56935008,875286971.6613464
2009-12-30,GOOGL,15.35110175345598,15.456089973449707,15.338940871778298,15.456089973449707,58565376,905191720.7849121
2009-12-31,GOOGL,15.506225556822441,15.522359036795573,15.387834548950195,15.387834548950195,48743208,750052420.0890656
2010-01-04,GOOGL,15.560829144501684,15.624368969757269,15.493568318419097,15.555865287780762,78169752,1215998131.6912308
2010-01-05,GOOGL,15.566537689423313,15.582918983435603,15.426553719798234,15.487361907958984,120067812,1859533657.9407806
2010-01-06,GOOGL,15.53377555304552,15.53377555304552,15.049788178517582,15.096945762634277,158988852,2400246075.5074883
2010-01-07,GOOGL,15.125241271670488,15.140133788634198,14.709508786369819,14.74549674987793,256315428,3779498310.5175705
2010-01-08,GOOGL,14.693374919866347,14.97259849179563,14.621644917526195,14.942070960998535,188783028,2820809400.6081734
2010-01-11,GOOGL,15.002630629433716,15.002630629433716,14.744006886730208,14.91948413848877,288227484,4300205375.814526
2010-01-12,GOOGL,14.83360549450115,14.846263895275461,14.594093758651738,14.655647277832031,193937868,2842284987.222748
2010-01-13,GOOGL,14.308416458814277,14.603524704204368,14.244133197922654,14.571507453918457,259604136,3782823602.792061
2010-01-14,GOOGL,14.492333268362037,14.74797850733287,14.465279871224102,14.64001178741455,169434396,2480521554.633465
2010-01-15,GOOGL,14.726631691432999,14.732093068520234,14.346887216937448,14.395535469055176,217162620,3126172198.762951
2010-01-19,GOOGL,14.425320562231036,14.65415927752993,14.303454473577993,14.584663391113281,172495332,2515786353.7583313
2010-01-20,GOOGL,14.543957603681072,14.543957603681072,14.278634367274961,14.40571117401123,129897972,1871272666.721798
2010-01-21,GOOGL,14.480917980467707,14.564808867533909,14.203183177925114,14.469500541687012,252055692,3647119971.9292946
2010-01-22,GOOGL,14.010827234006092,14.162227693341691,13.275165358298876,13.6511869430542,271743984,3709627926.234329
2010-01-25,GOOGL,13.566303739495943,13.647962404678243,13.291299624417205,13.402741432189941,176619204,2367181523.1712074
2010-01-26,GOOGL,13.352356139948576,13.641010832084872,13.310658987964695,13.462803840637207,174045780,2343144195.4306984
2010-01-27,GOOGL,13.434261831393838,13.59261340961583,13.286335487887543,13.454862594604492,158417424,2131484672.5112
2010-01-28,GOOGL,13.514181092159438,13.576479002214521,13.16943238041088,13.261017799377441,129034836,1711133256.935749
2010-01-29,GOOGL,13.365261913381628,13.427311064471787,13.04558123647957,13.153051376342773,165454380,2176229960.5809402
2010-02-01,GOOGL,13.26871313621268,13.298745984189614,13.16198831986633,13.229497909545898,89941968,1189887077.636444
2010-02-02,GOOGL,13.277647026655869,13.277647026655869,13.095220576356372,13.18233871459961,163684152,2157739933.876007
2010-02-03,GOOGL,13.121530051207381,13.45486037095013,13.110609189282668,13.423090934753418,119844036,1608677393.2158623
2010-02-04,GOOGL,13.32828013308655,13.353099415690544,13.044340540756483,13.074621200561523,134972892,1764719435.2443008
2010-02-05,GOOGL,13.11482777764199,13.241409894146406,12.967398978472083,13.18655776977539,126113760,1663006381.8035889
2010-02-08,GOOGL,13.216589590519492,13.452379379604983,13.192514698922285,13.2406644821167,107664228,1425545919.6741142
2010-02-09,GOOGL,13.391323272020907,13.44071497168923,13.2803780451055,13.31438159942627,112671216,1500147565.0953827
2010-02-10,GOOGL,13.255558721942904,13.347888539613395,13.097207149386197,13.26499080657959,106873020,1417669627.7713966
2010-02-11,GOOGL,13.236942776372604,13.414901954482094,13.142131034137758,13.313387870788574,96303600,1282127180.1532745
2010-02-12,GOOGL,13.228258376792015,13.332004693599876,13.1669526602045,13.231980323791504,91096812,1205391223.9441338
2010-02-16,GOOGL,13.325055015103754,13.505247373971832,13.261267372184049,13.435007095336914,146029824,1961911721.5708008
2010-02-17,GOOGL,13.452380907837703,13.487128850833882,13.343421036608953,13.358312606811523,81106812,1083450149.2378922
2010-02-18,GOOGL,13.34168222781496,13.527087177647049,13.306934288125843,13.482659339904785,93382524,1259044759.3924828
2010-02-19,GOOGL,13.415895910215086,13.50276435205678,13.395295147338897,13.42160415649414,102021876,1369297234.9749298
2010-02-22,GOOGL,13.585165306551271,13.588889144777673,13.427560025334461,13.472235679626465,85698216,1154546563.2755356
2010-02-23,GOOGL,13.477199787581847,13.49283574665455,13.211379024777727,13.280377388000488,114789096,1524442514.9074173
2010-02-24,GOOGL,13.253323645841967,13.364020104039396,13.16719865544467,13.191025733947754,92970936,1226382009.2852097
2010-02-25,GOOGL,13.083057963417366,13.117061512427307,12.906340715234485,13.065933227539062,132235632,1727781938.0134277
2010-02-26,GOOGL,13.090506201780228,13.197976346169817,12.992715010300627,13.075117111206055,81890028,1070721706.3399429
2010-03-01,GOOGL,13.134686180384486,13.236200271274738,13.098449457010654,13.221307754516602,89426484,1182335066.3683548
2010-03-02,GOOGL,13.29055429438253,13.543221034635907,13.278889987712352,13.429049491882324,174097728,2337967005.736267
2010-03-03,GOOGL,13.461314874035558,13.604277346718424,13.38412539187458,13.534782409667969,123452424,1670901696.7860718
2010-03-04,GOOGL,13.564068957183492,13.803084133998919,13.556623172421936,13.764862060546875,127224648,1751229730.4216309
2010-03-05,GOOGL,13.932645962753607,14.089507814520633,13.8966570541129,14.003629684448242,156331512,2189208602.0578766
2010-03-08,GOOGL,14.017776740463669,14.027705399433177,13.924205963491536,13.96069049835205,95360544,1331299040.5384827
2010-03-09,GOOGL,13.895412583333552,14.014797671578156,13.812266103269296,13.903852462768555,126936936,1764912430.2198944
2010-03-10,GOOGL,13.992460842695504,14.358306931489457,13.953990006036879,14.307426452636719,225969804,3233046351.2467346
2010-03-11,GOOGL,14.253070713839215,14.54966874503335,14.251580989181937,14.423831939697266,169162668,2439973893.7028046
2010-03-12,GOOGL,14.597568636086974,14.601043713933521,14.374685996229047,14.38411808013916,110025864,1582625019.6453323
2010-03-15,GOOGL,14.064932956379312,14.133684443886501,13.799856610211632,13.978063583374023,185969844,2599498304.022148
2010-03-16,GOOGL,13.944558038904974,14.108121275078812,13.918001217015538,14.02820110321045,137122740,1923585372.5432396
2010-03-17,GOOGL,14.105144151263787,14.18332773765899,14.004623208061592,14.037137985229492,132731136,1863165270.9682617
2010-03-18,GOOGL,14.016287207600493,14.108617967552615,13.972604701793365,14.057985305786133,71016912,998354705.3583069
2010-03-19,GOOGL,13.899138450622559,14.097697449735572,13.831627917995709,13.899138450622559,191576232,2662744572.416588
2010-03-22,GOOGL,13.802588450291147,14.069153597181192,13.757167460883549,13.837087631225586,160031808,2214374151.079468
2010-03-23,GOOGL,13.825670793420935,13.857191470501858,13.452379903816139,13.626118659973145,219831948,2995456208.701046
2010-03-24,GOOGL,13.539496892844186,13.895414304689899,13.395294398344552,13.832868576049805,262345392,3628989329.068268
2010-03-25,GOOGL,13.874814311868407,14.196976948929478,13.865879747771453,13.970620155334473,157078764,2194487746.313427
2010-03-26,GOOGL,14.029938735049997,14.082556750204324,13.8996346613181,13.965903282165527,107740152,1504688542.4378128
2010-03-29,GOOGL,13.973598184283805,14.016287541440137,13.913285622320863,13.959946632385254,124055820,1731812626.6367912
2010-03-30,GOOGL,13.969377138177318,14.088512524102661,13.906086080150176,14.065678596496582,79036884,1111707407.6125832
2010-03-31,GOOGL,14.02447820448963,14.140883857217727,13.968881686587439,14.075855255126953,121110768,1704737640.2052612
2010-04-01,GOOGL,14.180842863999487,14.232965247581214,14.036887245888856,14.117551803588867,84023892,1186211648.0491562
2010-04-05,GOOGL,14.169675507823046,14.268457961303145,14.122516976214412,14.172406196594238,75983940,1076875262.0976448
2010-04-06,GOOGL,14.133934287550257,14.169427566115921,14.033165535556915,14.103157997131348,82321596,1160994474.964016
2010-04-07,GOOGL,14.08032438801034,14.11631235053344,13.945304264424081,13.987001419067383,103136760,1442574008.478012
2010-04-08,GOOGL,13.981541590756548,14.14361606564122,13.900380446057744,14.085040092468262,77822100,1096127398.5800743
2010-04-09,GOOGL,14.085038018818341,14.116807456356142,13.998416454875516,14.05351734161377,82181736,1154942452.0399246
2010-04-12,GOOGL,14.081566075649155,14.246617163615262,14.053519526039294,14.215097427368164,94001904,1336246223.7181091
2010-04-13,GOOGL,14.210131664949426,14.61593736437791,14.175384667212167,14.563567161560059,156335508,2276802670.49461
2010-04-14,GOOGL,14.64522362010503,14.701813289191767,14.495064116923217,14.618915557861328,135971892,1987761607.3906403
2010-04-15,GOOGL,14.697594886701973,14.838324207350896,14.601294356922567,14.775280952453613,270201528,3992303489.9822617
2010-04-16,GOOGL,13.973597478715591,14.117799969029996,13.64175591621315,13.654662132263184,488930580,6676181876.031475
2010-04-19,GOOGL,13.619912519238214,13.749969714161882,13.526839269120515,13.653419494628906,155604240,2124529963.862915
2010-04-20,GOOGL,13.754438527975065,13.890699612506873,13.677248095813992,13.776031494140625,118976904,1639029576.5793457
2010-04-21,GOOGL,13.81127394318761,13.905342237436567,13.704549139377903,13.75766372680664,95564340,1314742053.994217
2010-04-22,GOOGL,13.70057907154424,13.712988713064375,13.485886598104969,13.57796859741211,131096772,1780027853.438095
2010-04-23,GOOGL,13.582684385138185,13.634061435097475,13.459080763656726,13.526590347290039,83492424,1129367816.5502472
2010-04-26,GOOGL,13.526094135128792,13.526589764073487,13.134932232523465,13.195244789123535,174577248,2303589521.971527
2010-04-27,GOOGL,13.128478685184275,13.361289015491876,13.085788388934205,13.131209373474121,153634212,2017403004.7007103
2010-04-28,GOOGL,13.206663188851424,13.274421534842443,12.931906912390174,13.134437561035156,136107756,1787698822.7546082
2010-04-29,GOOGL,13.238183305270969,13.315869355735908,13.071889396727602,13.204178810119629,122233644,1613994891.9885063
2010-04-30,GOOGL,13.182586655091386,13.345155778150309,13.041360788828534,13.04781436920166,97318584,1269794818.7055588
2010-05-03,GOOGL,13.067670745705682,13.227013551585237,13.032425286880711,13.169431686401367,74237688,977668160.6723785
2010-05-04,GOOGL,13.06816839373491,13.07362882540263,12.514437302383929,12.568047523498535,242808948,3051634397.5946846
2010-05-05,GOOGL,12.434266669658271,12.800111758045151,12.42160826899361,12.652185440063477,183104712,2316674771.173416
2010-05-06,GOOGL,12.627115969888047,12.844786917497588,11.417147706983208,12.376932144165039,199803996,2472960500.625023
2010-05-07,GOOGL,12.409198617750087,12.541985552738453,11.946555497518169,12.239679336547852,203356440,2489017616.621933
2010-05-10,GOOGL,12.75667949063035,12.976335841518722,12.72267688046764,12.947296142578125,164954880,2135719681.5234375
2010-05-11,GOOGL,12.79887200606853,12.903362693306912,12.613962685960448,12.634563446044922,132771096,1677504836.2129211
2010-05-12,GOOGL,12.708777030958625,12.708777030958625,12.459585361561667,12.543724060058594,153917928,1930704016.7279663
2010-05-13,GOOGL,12.819471494381853,12.955981331030753,12.667326644846627,12.679985046386719,132898968,1685156926.920227
2010-05-14,GOOGL,12.652433558035263,12.682714216228455,12.316869119065652,12.596837043762207,164475360,2071869307.6341248
2010-05-17,GOOGL,12.578224148961155,12.617439374956305,12.36899209572524,12.607759475708008,111640248,1407533394.592392
2010-05-18,GOOGL,12.658141444344066,12.682216333877633,12.33721984690474,12.369485855102539,112906980,1396601292.0523453
2010-05-19,GOOGL,12.317117086369171,12.396044104370157,12.105651888760203,12.271697044372559,137690172,1689692076.7715492
2010-05-20,GOOGL,12.039382995804374,12.052041396639478,11.7596628885215,11.789694786071777,196335468,2314735243.4005623
2010-05-21,GOOGL,11.642016555228036,12.037645740957544,11.526356243710785,11.716227531433105,387244368,4537043125.754013
2010-05-24,GOOGL,11.931665510727266,12.15653352016361,11.834124022239324,11.843058586120605,173650176,2056549207.8581543
2010-05-25,GOOGL,11.619429328280098,11.850255264900852,11.516676179706325,11.840824127197266,120575304,1427710968.747345
2010-05-26,GOOGL,11.964924179405646,12.15578862688202,11.789446930658375,11.80111312866211,138884976,1638997313.647522
2010-05-27,GOOGL,12.036405756134979,12.219080034567279,11.939607712421214,12.173163414001465,112251636,1366457508.5170097
2010-05-28,GOOGL,12.229751228468498,12.247374431904529,11.988005370428874,12.053281784057617,115676208,1394277930.73526
2010-06-01,GOOGL,11.92421940610399,12.188054819311034,11.916524860769762,11.972369194030762,106565328,1275839450.0989838
2010-06-02,GOOGL,12.079343816236063,12.257798626434587,11.949784129578125,12.245388984680176,101530368,1243278849.9177246
2010-06-03,GOOGL,12.28857461327056,12.60850406086355,12.278399085625628,12.548935890197754,145881972,1830663514.1636238
2010-06-04,GOOGL,12.402994055162875,12.639527290788141,12.328037745111029,12.378173828125,156655188,1939105148.1416016
2010-06-07,GOOGL,12.386612417531213,12.432529032295855,11.99172858469856,12.050551414489746,145162692,1749290483.4117393
2010-06-08,GOOGL,12.10838380504344,12.132956222428973,11.85249072325048,12.032187461853027,107296596,1291012757.0907097
2010-06-09,GOOGL,12.092745436945274,12.133946011095293,11.714987276629772,11.765122413635254,109050840,1282996481.909752
2010-06-10,GOOGL,11.922730687751567,12.124516963903666,11.810297622413986,12.08753490447998,103012884,1245171830.9611473
2010-06-11,GOOGL,11.975597001134568,12.129728150277327,11.953755275886923,12.124515533447266,71196732,863225883.064682
2010-06-14,GOOGL,12.272938251670801,12.273434826483813,11.992721557617188,11.992721557617188,81534384,977819164.6838379
2010-06-15,GOOGL,11.989992278920134,12.419872854823604,11.967654924181314,12.360055923461914,170213616,2103849812.6946716
2010-06-16,GOOGL,12.314884201218566,12.509223720648075,12.313394476774862,12.441465377807617,91480428,1138150577.7090225
2010-06-17,GOOGL,12.495573146200195,12.555635998347787,12.327790447441046,12.411930084228516,79012908,980702689.84758
2010-06-18,GOOGL,12.472242882245517,12.496069962957165,12.363532713239447,12.410689353942871,114801084,1424760591.0199013
2010-06-21,GOOGL,12.407461879299886,12.434019646353413,12.034915372251422,12.126004219055176,119220660,1445670226.1585426
2010-06-22,GOOGL,12.159265413156659,12.325558415556285,12.055765962069264,12.068672180175781,88699212,1070481712.2679138
2010-06-23,GOOGL,12.084554579722143,12.084554579722143,11.867877710852564,11.964426040649414,81082836,970109594.4881058
2010-06-24,GOOGL,11.90510858393071,11.98180149488455,11.746260438715327,11.791929244995117,75668256,892274720.8441772
2010-06-25,GOOGL,11.840576035612285,11.85521979071945,11.67924691494966,11.731864929199219,89718192,1052561710.2359619
2010-06-28,GOOGL,11.729631706355669,11.852737806958908,11.64077602647991,11.716973304748535,70421508,825126929.3161354
2010-06-29,GOOGL,11.502530469273735,11.530079496636787,11.196749129197364,11.274683952331543,139943916,1577823423.9516335
2010-06-30,GOOGL,11.292055940548247,11.363289364153442,11.037901373181105,11.043609619140625,143983872,1590101673.8203125
2010-07-01,GOOGL,11.052048139377598,11.12923857300012,10.762649040953228,10.908093452453613,140403456,1531534019.095459
2010-07-02,GOOGL,10.960959856340224,10.977340205123049,10.821471510338979,10.835123062133789,77362560,838232858.001709
2010-07-06,GOOGL,11.020031241957561,11.111121045299317,10.76264939035906,10.823210716247559,102301596,1107231730.1164284
2010-07-07,GOOGL,10.878805672437064,11.200968299186863,10.806083468476869,11.173913955688477,125062812,1397441100.3444443
2010-07-08,GOOGL,11.2570604781986,11.350880965320497,11.160512139912187,11.331768035888672,106649244,1208524494.2108917
2010-07-09,GOOGL,11.713995457823081,11.746260526926395,11.48614894541607,11.603050231933594,173086740,2008334138.7016296
2010-07-12,GOOGL,11.724170922188627,11.899648177045028,11.692153667755786,11.81004810333252,133242624,1573601798.854248
2010-07-13,GOOGL,11.969392708079921,12.235957887965977,11.920497580592448,12.141890525817871,158892948,1929260779.9404716
2010-07-14,GOOGL,12.158766797742166,12.25680485433721,12.073882771567455,12.1950044631958,124595280,1519439995.6931305
2010-07-15,GOOGL,12.204684802670819,12.278399208640835,11.98006366920721,12.261521339416504,194133672,2380374161.9272842
2010-07-16,GOOGL,11.64350835595553,11.679248506185964,11.405236589039246,11.407470703125,312679008,3566876623.2421875
2010-07-19,GOOGL,11.442216943389106,11.656660650368872,11.355594432135465,11.570535659790039,181829988,2103870360.173195
2010-07-20,GOOGL,11.442712308753757,11.987757545729595,11.432041152624747,11.953009605407715,162017820,1936600558.7072182
2010-07-21,GOOGL,12.012825806463164,12.055020477938024,11.800119639446585,11.851495742797852,131052816,1553171890.9056702
2010-07-22,GOOGL,11.993716100887044,12.136430772872703,11.975100691305181,12.032931327819824,85822092,1032691339.4458351
2010-07-23,GOOGL,11.93265753108428,12.176388740773529,11.913794309549166,12.16323471069336,90485424,1100595450.008606
2010-07-26,GOOGL,12.139159388825897,12.180360914626533,12.034668687305052,12.136181831359863,79728192,967595835.1975708
2010-07-27,GOOGL,12.176141694659366,12.347895106814068,12.165965221044406,12.227022171020508,97949952,1197636234.7543945
2010-07-28,GOOGL,12.284356192601813,12.292050737876991,11.979815832935586,12.021512985229492,99740160,1199027628.5888672
2010-07-29,GOOGL,12.061223507738227,12.133945702068889,11.896915898402696,12.037396430969238,106912980,1286953923.8762856
2010-07-30,GOOGL,11.904859090368863,12.096220107154146,11.892200688927362,12.03392219543457,85678236,1031045225.8660812
2010-08-02,GOOGL,12.136677214347866,12.243154204865398,12.085796740065543,12.171921730041504,74273652,904053078.7483406
2010-08-03,GOOGL,12.174155124762954,12.222802432071505,12.081328737703124,12.157526016235352,72019908,875583905.1968765
2010-08-04,GOOGL,12.215853245230104,12.583683716255926,12.187806699129554,12.56680679321289,152347500,1914521597.9290009
2010-08-05,GOOGL,12.556134570104996,12.623396343926895,12.498303935145428,12.61098575592041,96719184,1219724251.7482452
2010-08-06,GOOGL,12.54397179699898,12.552409785510612,12.311905831151115,12.415404319763184,132647220,1646868868.1925774
2010-08-09,GOOGL,12.465789607309475,12.546454169773922,12.44370006682268,12.542730331420898,74813112,938360689.0703888
2010-08-10,GOOGL,12.46826891643432,12.558863071777091,12.374450335579297,12.50202465057373,82877040,1036130797.0465851
2010-08-11,GOOGL,12.353602929858491,12.360304325257106,12.19897520672931,12.20493221282959,88831080,1084177309.7924423
2010-08-12,GOOGL,12.011338092265566,12.279640799413505,11.975845758871058,12.211634635925293,88095816,1075793917.9457016
2010-08-13,GOOGL,12.13692568789628,12.191281242975212,12.062713760155264,12.07115364074707,77310612,933228275.5121841
2010-08-16,GOOGL,12.00488361968978,12.158519140565387,11.925956598576287,12.052289962768555,52147800,628500406.520462
2010-08-17,GOOGL,12.125259451565356,12.278398390972978,12.063210301977145,12.174651145935059,75552372,919823772.3479118
2010-08-18,GOOGL,12.172666369521375,12.183338471897645,11.95201783896799,11.966909408569336,107348544,1284630301.1898193
2010-08-19,GOOGL,11.93861397334592,11.975844788661297,11.597092513137127,11.61496353149414,156843000,1821725725.1701355
2010-08-20,GOOGL,11.614963671747505,11.704811556009691,11.442464927692304,11.46728515625,156547296,1795172483.671875
2010-08-23,GOOGL,11.454379845442,11.621913800342297,11.360809061378735,11.518166542053223,119328552,1374446135.1580582
2010-08-24,GOOGL,11.360062321204538,11.37669237490005,11.19178305189069,11.203449249267578,110397492,1236832698.8684235
2010-08-25,GOOGL,11.168949858085577,11.362793756872264,11.168949858085577,11.283617973327637,103580316,1168760715.3005562
2010-08-26,GOOGL,11.319360062128375,11.349143204621193,11.179871705521306,11.19327449798584,71008920,794822333.3655167
2010-08-27,GOOGL,11.232488334305327,11.416900142177662,11.110622252948962,11.38810920715332,92403504,1052301194.6756287
2010-08-30,GOOGL,11.396051838896748,11.411192168997719,11.229014470526591,11.235715866088867,49206744,552872994.2793732
2010-08-31,GOOGL,11.17168105912589,11.28982331192378,11.119310855748013,11.16944694519043,77794128,868917385.3433533
2010-09-01,GOOGL,11.292552750898395,11.539758092597035,11.23099922994719,11.425338745117188,129002868,1473901465.9916382
2010-09-02,GOOGL,11.487638594896847,11.527100688566602,11.424843158576168,11.496076583862305,67300632,773693219.6143341
2010-09-03,GOOGL,11.678254773867307,11.712010514559614,11.601809674156117,11.672794342041016,101514384,1184956527.190979
2010-09-07,GOOGL,11.528838633363648,11.605532492948385,11.492105335415436,11.526357650756836,68327604,787568401.1232834
2010-09-08,GOOGL,11.54596271787078,11.727396014362544,11.529085795828113,11.679741859436035,95975928,1120974063.759819
2010-09-09,GOOGL,11.859687876605868,11.923474567286648,11.679742404390563,11.818734169006348,97126776,1147915546.2366257
2010-09-10,GOOGL,11.889222632034175,11.908334615081696,11.791433332255195,11.817741394042969,78893028,932337402.696991
2010-09-13,GOOGL,11.93588607850315,12.021513555115103,11.90188157815877,11.969888687133789,89570340,1072146999.4687271
2010-09-14,GOOGL,11.963434354851374,12.031441459558089,11.915532382518037,11.924219131469727,88571340,1056144066.9279099
2010-09-15,GOOGL,11.912306223818382,11.96045601127839,11.876316371682025,11.929430961608887,96015888,1145414907.1135712
2010-09-16,GOOGL,11.912304653818442,11.974353799122767,11.898900918538375,11.939854621887207,78701220,939681125.3651619
2010-09-17,GOOGL,12.006621025827013,12.191528462352164,11.942834335300633,12.165468215942383,225438336,2742562911.2629395
2010-09-20,GOOGL,12.223796152640022,12.668319551230628,12.21287528943388,12.615453720092773,175963860,2219863932.238884
2010-09-21,GOOGL,12.65020091865152,12.905846147540906,12.631088936237276,12.744019508361816,178473348,2274467828.6346474
2010-09-22,GOOGL,12.729128284069441,12.8512412372774,12.699840773452872,12.807063102722168,101382516,1298412279.9247398
2010-09-23,GOOGL,12.77256291902434,12.898647524471011,12.69040863345262,12.744516372680664,92603304,1180184323.9923248
2010-09-24,GOOGL,12.94953040039426,13.100683066042455,12.863156637860785,13.0872802734375,134141724,1755550338.3500977
2010-09-27,GOOGL,13.125997134667093,13.324557068067412,13.125997134667093,13.164717674255371,124171704,1634685426.2912064
2010-09-28,GOOGL,13.24091406402988,13.243643806750217,12.867870980290173,13.08430004119873,146041812,1910854886.7683372
2010-09-29,GOOGL,13.10117872233997,13.227512093459604,13.023244846598553,13.097207069396973,86801112,1136852137.7179184
2010-09-30,GOOGL,13.1336918995193,13.200953669001416,12.879536391209555,13.050049781799316,129634236,1691733233.225521
2010-10-01,GOOGL,13.154540890816076,13.169929981602992,12.980802123016204,13.045830726623535,88911000,1159917855.7348251
2010-10-04,GOOGL,13.029200308711962,13.111105833633921,12.877798900263242,12.964669227600098,77542380,1005311307.8208733
2010-10-05,GOOGL,13.114333846532851,13.402740739208124,13.068912853888454,13.358809471130371,140143716,1872153200.620205
2010-10-06,GOOGL,13.38437352405138,13.401499207773321,13.15305194070392,13.262507438659668,110381508,1463935570.9404716
2010-10-07,GOOGL,13.30867326883489,13.333244738335377,13.133196958372192,13.154789924621582,95736168,1259389178.228279
2010-10-08,GOOGL,13.223290506918213,13.343169323058845,13.095467440876085,13.31214427947998,114253632,1520960833.6386108
2010-10-11,GOOGL,13.36501448680081,13.516912480969186,13.33250065649975,13.37394905090332,104946948,1403555135.5998
2010-10-12,GOOGL,13.405718016004608,13.55141022772274,13.347887386546713,13.437238693237305,149993856,2015503245.5910645
2010-10-13,GOOGL,13.576480989921544,13.588641872146217,13.460571901382975,13.484646797180176,122101776,1646499322.6684113
2010-10-14,GOOGL,13.506486816344974,13.533043637301041,13.331009573854276,13.425822257995605,265098636,3559167167.773075
2010-10-15,GOOGL,14.873815454005678,14.932638291058456,14.683446630685783,14.927922248840332,592399008,8843286331.714142
2010-10-18,GOOGL,14.90558445824578,15.380637260230607,14.90558445824578,15.331493377685547,283644072,4348687211.487762
2010-10-19,GOOGL,15.111590005982912,15.259765104634432,14.962919278334963,15.086274147033691,183332484,2765804113.680668
2010-10-20,GOOGL,15.093967044818571,15.32330327268364,15.078083271249968,15.089996337890625,140862996,2125622093.7843018
2010-10-21,GOOGL,15.177609684735144,15.289050532083062,15.040852034466546,15.189523696899414,116703180,1772665718.1135178
2010-10-22,GOOGL,15.187785360052812,15.25976411684228,15.1413731126264,15.202926635742188,90153756,1370600938.404602
2010-10-25,GOOGL,15.278877009812794,15.505979147322396,15.26348886362849,15.30146312713623,126209664,1931192519.984253
2010-10-26,GOOGL,15.2170753842203,15.418860711767424,15.165698329144247,15.353584289550781,100415484,1541737597.5700378
2010-10-27,GOOGL,15.283344808130352,15.388333031262437,15.1979641983384,15.300718307495117,89586324,1370735107.7279892
2010-10-28,GOOGL,15.389571004546621,15.413150267836562,15.222037070936473,15.353086471557617,87284628,1340088441.3217392
2010-10-29,GOOGL,15.31560908502813,15.363511058909449,15.214343759862627,15.231966018676758,91040868,1386731407.6868362
2010-11-01,GOOGL,15.28235146986901,15.40471319085638,15.170165277184148,15.264232635498047,123360516,1883003614.259079
2010-11-02,GOOGL,15.355321544518853,15.388332895563204,15.253808400497652,15.27912425994873,79824096,1219642281.7220764
2010-11-03,GOOGL,15.32628198787746,15.433751187044399,15.227002017166415,15.39279842376709,135084780,2079332788.658924
2010-11-04,GOOGL,15.503495602410148,15.634545010468369,15.440452353744337,15.494311332702637,142689168,2210870392.7963104
2010-11-05,GOOGL,15.467257213912195,15.524591268145052,15.415880165644074,15.514415740966797,70557372,1094656402.79805
2010-11-08,GOOGL,15.488107229203157,15.62387268564544,15.466018633898138,15.55636215209961,83967948,1306235808.256668
2010-11-09,GOOGL,15.636529701184926,15.657626090770306,15.400988662801241,15.507962226867676,89398512,1386388747.2341766
2010-11-10,GOOGL,15.439957698212888,15.462792574964475,15.326530541388673,15.459814071655273,99780120,1542582103.2474518
2010-11-11,GOOGL,15.380886174564136,15.384609067254804,15.244625086172269,15.318588256835938,90373536,1384394987.2983398
2010-11-12,GOOGL,15.239164772834426,15.311390404965781,14.921965989583475,14.973591804504395,135584280,2030183663.827629
2010-11-15,GOOGL,14.968377191161071,14.991212065157901,14.744253593357618,14.779499053955078,139016844,2054599314.3818207
2010-11-16,GOOGL,14.712235899857985,14.839561458463418,14.481163099352036,14.48786449432373,132163704,1914769834.6199112
2010-11-17,GOOGL,14.519635291310747,14.6313239568321,14.429538645373423,14.48364543914795,97602300,1413637107.24535
2010-11-18,GOOGL,14.618915704014633,14.89143787218752,14.607994840790983,14.806553840637207,103496400,1532425018.9121246
2010-11-19,GOOGL,14.81747419941068,14.839562793744598,14.652173423853872,14.664335250854492,91808100,1346304757.1439743
2010-11-22,GOOGL,14.580939889332438,14.729114980160505,14.463789847843062,14.6740140914917,87376536,1282164520.5297318
2010-11-23,GOOGL,14.56952438308159,14.619163897867045,14.350860244295825,14.470244407653809,86417496,1250482288.2174454
2010-11-24,GOOGL,14.576966950243293,14.807544120457173,14.570514315631193,14.767087936401367,95760144,1414098467.2504578
2010-11-26,GOOGL,14.6551514241168,14.717698099990178,14.569275189055542,14.6437349319458,52391556,767208058.7361946
2010-11-29,GOOGL,14.623134998110297,14.638771904428623,14.394295324885684,14.447906494140625,114273612,1651014460.923706
2010-11-30,GOOGL,14.254558570291692,14.254558570291692,13.73309349328572,13.792661666870117,284411304,3922788890.3053436
2010-12-01,GOOGL,13.973597895481438,14.186304070954344,13.958705379705071,14.007104873657227,150013836,2101259533.351616
2010-12-02,GOOGL,14.11407919870684,14.229988284191297,14.031924907693623,14.192509651184082,101814084,1444997369.7964668
2010-12-03,GOOGL,14.133684743202586,14.308167882148007,14.097695840048516,14.221795082092285,105142752,1495318673.3112488
2010-12-06,GOOGL,14.409681904338363,14.445174232573676,14.311395093126444,14.354828834533691,83668248,1201043378.9253159
2010-12-07,GOOGL,14.675257340885915,14.718195460709211,14.54445668192645,14.57275104522705,121566312,1771555600.2623978
2010-12-08,GOOGL,14.692630203558206,14.706281755601275,14.487121992132892,14.657137870788574,70205724,1029014975.9865303
2010-12-09,GOOGL,14.740037981400116,14.782230768256762,14.618917215435696,14.6809663772583,74681244,1096392832.1758232
2010-12-10,GOOGL,14.721667252509954,14.742765533162473,14.650931355504726,14.698585510253906,68119812,1001264881.6244202
2010-12-13,GOOGL,14.820451013091835,14.966391983920126,14.745246886907664,14.758400917053223,95844060,1414505062.998104
2010-12-14,GOOGL,14.819706039517072,14.849490122275585,14.705286696025237,14.765599250793457,65666268,969601797.5832024
2010-12-15,GOOGL,14.747980228412953,14.803824568208073,14.622639049701718,14.651182174682617,86621292,1269104329.298378
2010-12-16,GOOGL,14.71447161519169,14.737305545131253,14.595831846074853,14.686177253723145,63812124,937156164.0005608
2010-12-17,GOOGL,14.668554287662765,14.70727293548206,14.585903429381453,14.663590431213379,123360516,1808908082.007145
2010-12-20,GOOGL,14.759146867733728,14.839314853607378,14.610475202200586,14.769322395324707,78853068,1164606383.152462
2010-12-21,GOOGL,14.856439555386602,15.009081917733264,14.83261247799241,14.96812915802002,75104820,1124178646.1498451
2010-12-22,GOOGL,14.991212365316045,15.065672102983623,14.973342293115726,15.028193473815918,48251700,725135883.0405235
2010-12-23,GOOGL,15.02447245738587,15.04085280616698,14.942318169703647,14.99692153930664,44387568,665676874.6166382
2010-12-27,GOOGL,14.959940499436115,14.985752932763033,14.879524696247353,14.951005935668945,48275676,721769918.4244308
2010-12-28,GOOGL,14.942813630382016,14.987986806766443,14.842541456030249,14.865128517150879,42549408,632502418.2486877
2010-12-29,GOOGL,14.941573043400183,14.951748570799156,14.865127951383789,14.916752815246582,40727232,607518052.5932007
2010-12-30,GOOGL,14.842293726644535,14.924943642854693,14.827154342123189,14.863638877868652,39540420,587714523.9592552
2010-12-31,GOOGL,14.811019108569107,14.852717204922309,14.694118776835301,14.742268562316895,61510428,906803248.9590569
2011-01-03,GOOGL,14.804568128008343,15.030678055227613,14.804568128008343,14.999900817871094,94513392,1417691505.9605713
2011-01-04,GOOGL,15.0314227577641,15.045322125058012,14.894912905070889,14.944552421569824,72907020,1089562782.2904396
2011-01-05,GOOGL,14.893670942835671,15.148323981678429,14.893174367991142,15.117050170898438,101190708,1529705009.664734
2011-01-06,GOOGL,15.157011582109698,15.349365782548581,15.141375620722759,15.227004051208496,82229688,1252111792.3056107
2011-01-07,GOOGL,15.286819455634502,15.344897908239242,15.14336133621752,15.299973487854004,83963952,1284646239.5354462
2011-01-10,GOOGL,15.259265992779719,15.273910693068864,15.104390460257278,15.244623184204102,63104832,962009384.9425049
2011-01-11,GOOGL,15.331492736132146,15.358546131627175,15.251821328211815,15.289299011230469,57514428,879355287.151886
2011-01-12,GOOGL,15.372199586135759,15.372199586135759,15.258524613056153,15.310646057128906,65242692,998907765.0262756
2011-01-13,GOOGL,15.313126349130314,15.380140302817123,15.243381706886076,15.306177139282227,53306640,815920874.5399475
2011-01-14,GOOGL,15.32380043945725,15.494312902977015,15.315858078947493,15.492079734802246,94529376,1464456630.2731018
2011-01-18,GOOGL,15.538739139198329,15.934121476309937,15.51913152739415,15.8755464553833,144535320,2294577187.103691
2011-01-19,GOOGL,15.93734878546045,15.958197363942194,15.628093294886375,15.679966926574707,136107756,2134165112.5303001
2011-01-20,GOOGL,15.691382273334408,15.737796415423759,15.469989341006023,15.55636215209961,219212568,3410150096.099762
2011-01-21,GOOGL,15.874305675768799,15.927667134543675,15.173887344793513,15.185552597045898,355819824,5403320652.4236145
2011-01-24,GOOGL,15.079820627160947,15.201934532152947,14.922463149437608,15.166937828063965,183784032,2787440987.134918
2011-01-25,GOOGL,15.095455024298644,15.40545579702647,15.05375787447856,15.386096000671387,145726128,2242156195.2141266
2011-01-26,GOOGL,15.396523639018639,15.45013480907988,15.271182463792183,15.30146312713623,81442476,1246189043.4966774
2011-01-27,GOOGL,15.335960755309817,15.380884222255839,15.220796073449685,15.308658599853516,80687232,1235213288.0551758
2011-01-28,GOOGL,15.365248677231234,15.397266877338366,14.885977338024563,14.916505813598633,169074756,2522004580.8067703
2011-01-31,GOOGL,14.981286121076373,15.002879087691063,14.781486152230286,14.900869369506836,112083804,1670146121.8414078
2011-02-01,GOOGL,15.003374018446852,15.223279110807962,14.969123596715926,15.165945053100586,109702188,1663737355.4129105
2011-02-02,GOOGL,15.164951423887173,15.24785009741903,15.078826432804574,15.18977165222168,70357572,1068715452.6847458
2011-02-03,GOOGL,15.127225040554316,15.176121108117728,15.044078552204779,15.143855094909668,59744196,904757446.9858818
2011-02-04,GOOGL,15.14385560557291,15.175872859520757,15.055993072228054,15.164456367492676,61969968,939740875.8309174
2011-02-07,GOOGL,15.144102459547542,15.34837063506539,15.120523195942148,15.246609687805176,71912016,1096414439.8152008
2011-02-08,GOOGL,15.262494176151863,15.379146690755698,15.252068942908016,15.348121643066406,67728204,1039500713.6584167
2011-02-09,GOOGL,15.310646451944356,15.37468191108896,15.19821244020865,15.30146312713623,73626300,1126590114.6374702
2011-02-10,GOOGL,15.236931178120628,15.326283444006854,15.178852725515888,15.299973487854004,93282624,1427221674.0774536
2011-02-11,GOOGL,15.234198335672891,15.512429659639931,15.21458977980441,15.500019073486328,103492404,1604134235.9609528
2011-02-14,GOOGL,15.47123109714923,15.627596378199302,15.389325563823661,15.590614318847656,85034880,1325746017.7294922
2011-02-15,GOOGL,15.570013162306772,15.638763711806325,15.46527276044971,15.4913330078125,83596320,1295018431.3476562
2011-02-16,GOOGL,15.528066357235943,15.549659321552864,15.440451644165877,15.493070602416992,67292640,1042569622.5430298
2011-02-17,GOOGL,15.419355921682248,15.568275402210544,15.395281028146217,15.51888370513916,59092848,917055035.9174652
2011-02-18,GOOGL,15.537252046295398,15.665818593871665,15.492079811556295,15.638517379760742,128587284,2010914475.6502304
2011-02-22,GOOGL,15.389075975212823,15.510694250245722,15.084784364847028,15.145345687866211,145450404,2202896649.0197983
2011-02-23,GOOGL,15.148323002450947,15.256785345910027,14.991212406939207,15.172893524169922,115468416,1751989981.3725586
2011-02-24,GOOGL,15.17463034533605,15.216825014544932,14.925438711821247,15.110843658447266,108359532,1637403946.9545135
2011-02-25,GOOGL,15.186297901470343,15.257281618652845,15.12772287998144,15.141124725341797,77218704,1169178028.3932495
2011-02-28,GOOGL,15.140133225110485,15.301214541690602,15.0907405793881,15.224520683288574,91168740,1388000367.7993584
2011-03-01,GOOGL,15.333232915234051,15.36897401136695,14.87456040178936,14.910798072814941,132795072,1980080503.6569214
2011-03-02,GOOGL,14.88696952379919,15.040852865665347,14.772550167087076,14.911541938781738,80986932,1207640033.0112648
2011-03-03,GOOGL,15.050284404193002,15.177114343970919,15.01603209149871,15.12921142578125,77734188,1176056965.2634277
2011-03-04,GOOGL,15.09868200476941,15.114816430249517,14.896896696162045,14.90732192993164,120319560,1793642415.3877258
2011-03-07,GOOGL,14.905585056458191,14.983518931870723,14.56927524790725,14.684935569763184,138369492,2031947074.8408623
2011-03-08,GOOGL,14.716457023137211,14.841797242562052,14.64869867654296,14.701068878173828,91304604,1342275272.2983856
2011-03-09,GOOGL,14.668554902029124,14.755673045592314,14.538249881347953,14.687665939331055,85953960,1262463050.642624
2011-03-10,GOOGL,14.530555126303346,14.559841689080919,14.381883469470852,14.40298080444336,124998876,1800356411.6049957
2011-03-11,GOOGL,14.351356699805045,14.395536728326439,14.229988129727522,14.313879013061523,121158720,1734251259.4573975
2011-03-14,GOOGL,14.21683270445482,14.353093786650758,14.098193881040874,14.147089004516602,112531356,1591991109.1309433
2011-03-15,GOOGL,13.837087744380467,14.172156572772906,13.787447287380752,14.136415481567383,160063776,2262728041.0845337
2011-03-16,GOOGL,14.097945459330207,14.14212548752084,13.682709567407267,13.827159881591797,151788060,2098797773.7366486
2011-03-17,GOOGL,14.0103310430245,14.122516282782737,13.912540798198101,13.932892799377441,115856028,1614209618.2856712
2011-03-18,GOOGL,14.014300282793563,14.097447709496775,13.892683917422826,13.925445556640625,131812056,1835541609.5368652
2011-03-21,GOOGL,14.152797531667332,14.390572703915971,14.12301439090466,14.308666229248047,120715164,1727272990.4849396
2011-03-22,GOOGL,14.327777628604714,14.376424939782225,14.209635374703893,14.329018592834473,75400524,1080415510.305462
2011-03-23,GOOGL,14.276150960473752,14.456343294863244,14.196975182538687,14.449146270751953,72575352,1048651876.6993103
2011-03-24,GOOGL,14.530306867437988,14.603773456029675,14.365750486543618,14.566544532775879,83864052,1221609448.157032
2011-03-25,GOOGL,14.56629673750447,14.567040180942378,14.3766713679983,14.389081954956055,114221664,1643544884.3274536
2011-03-28,GOOGL,14.44691342892009,14.5193878228131,14.264239138342177,14.280372619628906,88647264,1265915961.6306152
2011-03-29,GOOGL,14.296255619704434,14.44244535415739,14.222044641460379,14.43847370147705,64127808,925907669.3413696
2011-03-30,GOOGL,14.504246382846986,14.532045115260708,14.409931214289593,14.441205024719238,56835108,820767447.2300606
2011-03-31,GOOGL,14.46999529214063,14.598065247689343,14.438721483156483,14.563318252563477,81094824,1181009730.5476227
2011-04-01,GOOGL,14.612957862595907,14.772549442697336,14.612957862595907,14.688409805297852,104423472,1533814750.0280457
2011-04-04,GOOGL,14.718195608608681,14.761381543373687,14.472478063138928,14.586153984069824,82097820,1197491444.2764473
2011-04-05,GOOGL,14.42234127947339,14.432516806947877,14.040113924841217,14.124750137329102,241658100,3413360281.1616898
2011-04-06,GOOGL,14.201443863647173,14.275406081466619,14.097696615402457,14.251083374023438,106625268,1519525584.0455933
2011-04-07,GOOGL,14.289554107802921,14.411420187933427,14.251331089189783,14.395535469055176,101158740,1456234229.6749306
2011-04-08,GOOGL,14.516903259423847,14.516903259423847,14.347383977496346,14.349864959716797,75995928,1090531304.2883606
2011-04-11,GOOGL,14.301220579248083,14.348378165091624,14.221796978083107,14.330260276794434,74253672,1064074446.2677231
2011-04-12,GOOGL,14.27143449842429,14.318840838000646,14.09893576802607,14.1624755859375,83340576,1180308872.9179688
2011-04-13,GOOGL,14.284094452695735,14.335968079275142,14.190771487751126,14.303205490112305,82693224,1182778175.5118866
2011-04-14,GOOGL,14.276151786292553,14.381884390684572,14.199458877924542,14.358553886413574,218033748,3130649319.714718
2011-04-15,GOOGL,13.53403630376269,13.54545279475163,13.156029382364599,13.171914100646973,561186252,7391897105.808025
2011-04-18,GOOGL,13.065685598378538,13.096462832788113,12.881522550168196,13.076109886169434,201390408,2633403105.028496
2011-04-19,GOOGL,13.153299183910855,13.176381872930971,12.928679951800117,12.944315910339355,107256636,1388363779.864277
2011-04-20,GOOGL,13.052778655791936,13.075613529382311,12.940841239047133,13.048559188842773,122277600,1595546501.069641
2011-04-21,GOOGL,13.092241202580585,13.11184881221811,12.965660036398187,13.032922744750977,98705196,1286417193.973503
2011-04-25,GOOGL,13.036646824976229,13.080081518153174,12.956230074167149,13.031682968139648,65166768,849232660.6343079
2011-04-26,GOOGL,13.068167814885284,13.339200249283914,13.035653040817198,13.224533081054688,139860000,1849583196.7163086
2011-04-27,GOOGL,13.353100179726303,13.35583086848307,13.262507901324613,13.347143173217773,91844064,1225855871.8181763
2011-04-28,GOOGL,13.354590078782799,13.384126351357027,13.25580667867689,13.352356910705566,79920000,1067120364.3035889
2011-04-29,GOOGL,13.402740388466794,13.504501342773438,13.36575833176392,13.504501342773438,168970860,2281867205.7595825
2011-05-02,GOOGL,13.54421347692076,13.544958812131425,13.33125853275181,13.366999626159668,85262652,1139705837.4093819
2011-05-03,GOOGL,13.33150775125107,13.452628501980547,13.145357451626964,13.251091003417969,83176740,1102182551.1076355
2011-05-04,GOOGL,13.282860146563372,13.377919701889192,13.229496797020861,13.298248291015625,84595320,1124969569.61792
2011-05-05,GOOGL,13.250347314074002,13.388344995541985,13.191772289104678,13.260522842407227,79832088,1058615226.4810638
2011-05-06,GOOGL,13.356823886618445,13.438977229299962,13.283108532907887,13.286087036132812,82161756,1091608241.2575073
2011-05-09,GOOGL,13.278639291622053,13.36526180131459,13.181842200556057,13.3451566696167,77870052,1039188043.8111992
2011-05-10,GOOGL,13.402740635237649,13.512692711828755,13.341683683186748,13.468761444091797,81634284,1099512696.8552399
2011-05-11,GOOGL,13.406215839710754,13.490851112374852,13.246127672869626,13.289810180664062,93458448,1242045033.699463
2011-05-12,GOOGL,13.284597527510927,13.326792202335795,13.177127378599222,13.279882431030273,57874068,768560818.8454514
2011-05-13,GOOGL,13.268962481076173,13.301476313108287,13.130962900577167,13.143373489379883,84263652,1107508649.8151321
2011-05-16,GOOGL,13.062955700682421,13.086782779044196,12.816990372089373,12.867125511169434,118209672,1521018686.258171
2011-05-17,GOOGL,12.792916248121593,13.184821627609892,12.782988534671714,13.165958404541016,132011856,1738062605.0022583
2011-05-18,GOOGL,13.143124653963113,13.16273226663719,13.04781633348599,13.149826049804688,78049872,1026342240.0095215
2011-05-19,GOOGL,13.222301154772856,13.316864145158455,13.147592646774873,13.185567855834961,98649252,1300746406.1733627
2011-05-20,GOOGL,13.199215566996566,13.203931608850711,12.984027476730017,13.006365776062012,92607300,1204484417.3335075
2011-05-23,GOOGL,12.82195380744403,12.906341255638603,12.742530215513048,12.866381645202637,91908000,1182523404.247284
2011-05-24,GOOGL,12.915524608387198,13.004628098578333,12.860424668707413,12.863154411315918,75924000,976622135.5247498
2011-05-25,GOOGL,12.840072957323123,12.975093076894138,12.838087603793644,12.898152351379395,52011936,670857874.6181946
2011-05-26,GOOGL,12.849256036278966,12.958960295149264,12.782243025547299,12.859929084777832,84655260,1088660640.2534294
2011-05-27,GOOGL,12.868614724984084,12.950769004812148,12.814506989538875,12.928679466247559,69762168,901932708.9425125
2011-05-31,GOOGL,13.030441957061026,13.130961949353948,12.993213030920584,13.130218505859375,107384508,1409982054.184204
2011-06-01,GOOGL,13.105894236855981,13.233964196007898,13.038135891911958,13.045333862304688,118117764,1540885666.4489136
2011-06-02,GOOGL,13.094227227307703,13.16198651390902,12.967894814962044,13.106389999389648,88091820,1154565748.676033
2011-06-03,GOOGL,12.955980598422911,13.09497235545279,12.943571903779398,12.982786178588867,69870060,907108049.2651749
2011-06-06,GOOGL,12.994204095616997,13.075613988706415,12.887726160276516,12.93265151977539,77606316,1003655440.5615692
2011-06-07,GOOGL,12.978071903036037,13.021258782053664,12.881274802247455,12.882267951965332,76227696,981985605.2329559
2011-06-08,GOOGL,12.820217003192207,12.937118284125924,12.801601595280298,12.885741233825684,66069864,851359170.8580551
2011-06-09,GOOGL,12.906343103474217,12.906343103474217,12.798128562206985,12.82518196105957,67496436,865654073.4230118
2011-06-10,GOOGL,12.759409900829805,12.824188801810253,12.640522310470534,12.64598274230957,97498404,1232963134.3867264
2011-06-13,GOOGL,12.658143442590752,12.663107299119151,12.463803919391298,12.527342796325684,96994908,1215088462.0140724
2011-06-14,GOOGL,12.612226801406845,12.75940969836267,12.583435863920094,12.617688179016113,93566340,1180590902.1718025
2011-06-15,GOOGL,12.534787744976496,12.617189844954131,12.42508443385371,12.483162879943848,82849068,1034218410.2955437
2011-06-16,GOOGL,12.479687834236953,12.573009844326583,12.327293286867892,12.419127464294434,110169720,1368211795.3856277
2011-06-17,GOOGL,12.563329120745127,12.57598752075884,12.03267987411187,12.038141250610352,209606184,2523268849.9934235
2011-06-20,GOOGL,12.037646921830808,12.068175397887899,11.894435680309925,12.027222633361816,121022856,1455568832.837288
2011-06-21,GOOGL,12.092001657611759,12.259535596954814,12.030943763783638,12.236204147338867,110505384,1352166438.004074
2011-06-22,GOOGL,12.197735747503952,12.220073104350668,12.080585693743496,12.08753490447998,96187716,1162672374.5322075
2011-06-23,GOOGL,11.966412698205328,11.984531531033854,11.757925996863886,11.919007301330566,191875932,2286970634.4576073
2011-06-24,GOOGL,11.930424139131132,11.932161678120064,11.740303133724884,11.786469459533691,152071776,1792389343.4810486
2011-06-27,GOOGL,11.764627349797802,12.122033527602591,11.754699636878534,11.983041763305664,137650212,1649468239.1238785
2011-06-28,GOOGL,12.01332322674412,12.315878243404748,12.01332322674412,12.252339363098145,108495396,1329322411.125721
2011-06-29,GOOGL,12.324066693922026,12.416148683757221,12.220816027867567,12.349631309509277,93626280,1156250038.8808823
2011-06-30,GOOGL,12.459335605050713,12.57549249540525,12.447173778298124,12.568294525146484,97038864,1219613023.1376343
2011-07-01,GOOGL,12.577231183854979,12.935631492376107,12.568295673835346,12.931907653808594,145322532,1879297563.8416443
2011-07-05,GOOGL,13.037887401537049,13.288567821286152,13.037887401537049,13.215100288391113,153814032,2032667858.6418
2011-07-06,GOOGL,13.241411286719881,13.365758356812592,13.22999384874712,13.287575721740723,107716176,1431286845.0563507
2011-07-07,GOOGL,13.427560393137586,13.667816539939574,13.30048169084244,13.56655216217041,157262580,2133510994.727497
2011-07-08,GOOGL,13.22775888671954,13.344413295614196,13.086782716478949,13.20393180847168,190617192,2516896404.6903534
2011-07-11,GOOGL,13.109368710231163,13.30296383744918,13.042851332501339,13.087030410766602,113458428,1484833897.593773
2011-07-12,GOOGL,13.108872739736904,13.388344108190303,13.05526157523593,13.254069328308105,113534352,1504792172.552536
2011-07-13,GOOGL,13.328280472705185,13.502020184644252,13.315373310394053,13.359553337097168,111496392,1489541995.817894
2011-07-14,GOOGL,13.380897778167496,13.452379958494461,13.073378929988717,13.1282320022583,265714020,3488355300.812702
2011-07-15,GOOGL,14.82988244361754,14.89813736143554,14.598065240058048,14.832860946655273,548734716,8139305739.030373
2011-07-18,GOOGL,14.705534931322228,14.942812558894335,14.69337310506327,14.766343116760254,178553268,2636578819.906849
2011-07-19,GOOGL,14.79612808257363,15.008089866521392,14.780988698322004,14.95522403717041,118581300,1773409908.1189156
2011-07-20,GOOGL,14.946040982539659,14.962174462599112,14.776521682739258,14.776521682739258,89022888,1315448634.7920685
2011-07-21,GOOGL,14.743758876774171,15.09198174113501,14.743262301942334,15.065424919128418,138641220,2088688890.6063652
2011-07-22,GOOGL,15.025712864279134,15.375921076140232,14.997914132738446,15.344399452209473,140986872,2163358881.485527
2011-07-25,GOOGL,15.223524941162973,15.522604832350998,15.21458943283896,15.36301326751709,125138736,1922508061.4483185
2011-07-26,GOOGL,15.339931971112522,15.57447986377892,15.319331210136475,15.45087718963623,93622284,1446546412.297245
2011-07-27,GOOGL,15.318338953196342,15.411909727944023,15.00982789787044,15.07113265991211,157218624,2369462738.912842
2011-07-28,GOOGL,15.020748925940028,15.288555999944467,14.966393369718789,15.163463592529297,124211664,1883479044.831482
2011-07-29,GOOGL,14.996922346303464,15.263239704640835,14.983519554138184,14.983519554138184,165330504,2477232839.579521
2011-08-01,GOOGL,15.170411856218024,15.276640081148747,14.87157976860116,15.059962272644043,158485356,2386783482.12656
2011-08-02,GOOGL,15.04085316795655,15.131942021554622,14.682702574593756,14.703303337097168,127895976,1880493330.7220993
2011-08-03,GOOGL,14.74971598660426,14.966392869034193,14.485631814038696,14.92097282409668,152874972,2281043302.696541
2011-08-04,GOOGL,14.75542315414377,14.863389872654855,14.332741495685129,14.33398151397705,196387416,2815013590.521721
2011-08-05,GOOGL,14.458579203421948,14.643735417090024,13.948778424328383,14.371708869934082,236926836,3405043510.4666176
2011-08-08,GOOGL,13.973100532263386,14.122515635434382,13.51070520538335,13.552154541015625,299564136,4059739466.0178223
2011-08-09,GOOGL,13.923956326426932,14.261755824042195,13.427807166235613,14.231971740722656,258529212,3679380439.3352966
2011-08-10,GOOGL,13.933390840914047,14.001397007518467,13.594599080455568,13.626368522644043,214569216,2923799210.8308105
2011-08-11,GOOGL,13.745749006710419,14.110105315377053,13.611474239413823,13.95200252532959,193030776,2693165874.2183304
2011-08-12,GOOGL,14.134927249147145,14.159747478606095,13.90906609322692,13.992709159851074,126045828,1763722612.016613
2011-08-15,GOOGL,13.73607005791631,14.022988130278144,13.55289922690279,13.8303861618042,285510204,3948716374.455494
2011-08-16,GOOGL,13.711252398148073,13.711500212640773,13.16198765464095,13.377920150756836,277298424,3709676174.202713
2011-08-17,GOOGL,13.403485408797762,13.494326450128957,13.173653535420925,13.2327241897583,163000836,2156945105.4880257
2011-08-18,GOOGL,12.992466208433715,13.027709776983626,12.422105126571148,12.531064987182617,251376372,3150013653.774193
2011-08-19,GOOGL,12.393563110683536,12.779015822831212,12.183090117017473,12.184578895568848,216183600,2634106130.1280975
2011-08-22,GOOGL,12.509223898948425,12.583683638204896,12.274179429225942,12.364523887634277,196039764,2423938344.9041862
2011-08-23,GOOGL,12.496812237629813,12.941336521189074,12.38661236268264,12.877053260803223,173698128,2236720045.5578156
2011-08-24,GOOGL,12.88971308784584,13.154540703130426,12.837591647420902,12.987998962402344,143636220,1865547076.3233948
2011-08-25,GOOGL,13.16397272110332,13.334981742761721,12.864148404747876,12.90733528137207,131588280,1698454049.0590668
2011-08-26,GOOGL,12.90609430383812,13.16571024643183,12.736077486162044,13.076606750488281,143708148,1879214938.236969
2011-08-29,GOOGL,13.267718564998464,13.38908901642892,13.242899282859286,13.379904747009277,93338568,1248861149.0622482
2011-08-30,GOOGL,13.35781659918151,13.476952003431473,13.17464668365591,13.420114517211914,119440440,1602904382.7861786
2011-08-31,GOOGL,13.520385669303971,13.55910526390106,13.303460029679187,13.426567077636719,107624268,1445024453.483551
2011-09-01,GOOGL,13.421353729204604,13.497798818719158,13.18482049068772,13.21658992767334,96523380,1275709931.8929863
2011-09-02,GOOGL,13.017286860791394,13.102915275623356,12.924460475818357,13.026470184326172,95951952,1249915241.855896
2011-09-06,GOOGL,12.677999347606013,12.974845167729068,12.670553562532158,12.960450172424316,108523368,1406511703.5076675
2011-09-07,GOOGL,13.165710501630624,13.301971583728394,13.090009795369994,13.254565238952637,110121768,1459616158.1848068
2011-09-08,GOOGL,13.248857035688609,13.380402076011173,13.201699451109338,13.277647972106934,95124780,1263033342.2641182
2011-09-09,GOOGL,13.189289187923835,13.269954698977527,12.93587899996773,13.026719093322754,130621248,1701566305.3152466
2011-09-12,GOOGL,12.855710597890338,13.203933492504007,12.844293159193478,13.157520294189453,106709184,1404028254.0563965
2011-09-13,GOOGL,13.204182211561209,13.250844173438265,12.990731615107851,13.142629623413086,94073832,1236377531.231186
2011-09-14,GOOGL,13.218824528091298,13.327039058576132,13.050794013655366,13.205918312072754,107668224,1421857770.9499512
2011-09-15,GOOGL,13.291051481336778,13.526343787954685,13.267720029351363,13.466279983520508,118313568,1593243632.5372925
2011-09-16,GOOGL,13.521874806174232,13.57250746516154,13.48067328508389,13.568536758422852,141230628,1916292967.4331436
2011-09-19,GOOGL,13.411426017831301,13.6484558311708,13.288071162100273,13.56828784942627,98637264,1338338790.6318512
2011-09-20,GOOGL,13.636047525471668,13.862405259104866,13.46900920459908,13.567296028137207,111052836,1506686700.7761726
2011-09-21,GOOGL,13.593605796630106,13.775039110522767,13.374446036671502,13.38288402557373,100471428,1344597468.8077812
2011-09-22,GOOGL,13.061466781734484,13.124261271945754,12.757422990000434,12.922723770141602,175835988,2272279901.7739334
2011-09-23,GOOGL,12.820961151885308,13.065685517765067,12.769831917029313,13.043099403381348,110980908,1447535014.9215202
2011-09-26,GOOGL,13.086284721755796,13.22726277860298,12.738807219287883,13.20145034790039,105262632,1389619409.8373108
2011-09-27,GOOGL,13.358064858728357,13.577722156859718,13.304703394792108,13.386360168457031,120315564,1610587473.5750427
2011-09-28,GOOGL,13.43996886598387,13.502514589095634,13.097454275672115,13.125748634338379,90441468,1187111975.0885582
2011-09-29,GOOGL,13.30445195985706,13.335724820879692,12.891697108852064,13.092490196228027,116147736,1520663094.894081
2011-09-30,GOOGL,12.911554282376036,13.005622584363358,12.766854262839905,12.783236503601074,108835056,1391264260.730667
2011-10-03,GOOGL,12.654422427139504,12.707784838591477,12.285846566669516,12.298752784729004,178797024,2198980396.8212585
2011-10-04,GOOGL,12.162490121002916,12.495325787972657,11.92843879513788,12.457101821899414,166185648,2070191538.4743347
2011-10-05,GOOGL,12.319351290914568,12.603539634079574,11.932657611481286,12.526597023010254,181182636,2269601868.7387505
2011-10-06,GOOGL,12.596094014404361,12.787952565403605,12.474476685417955,12.775046348571777,136835028,1748073824.808117
2011-10-07,GOOGL,12.827663586221512,12.918752433714317,12.665589131681289,12.785221099853516,114121764,1459071985.0453033
2011-10-10,GOOGL,13.034908376086914,13.339944334609909,12.985764497858655,13.332498550415039,92795112,1237190696.2256012
2011-10-11,GOOGL,13.240416342995127,13.571514432487632,13.240416342995127,13.48166561126709,114021864,1537204642.821373
2011-10-12,GOOGL,13.604525172364264,13.780746808033927,13.517655791587313,13.61370849609375,126984888,1728735248.6411133
2011-10-13,GOOGL,13.65168221558992,13.87431607464908,13.60179394964231,13.874068260192871,227276496,3153249619.441452
2011-10-14,GOOGL,14.87877783406234,14.88200415143288,14.583420822219939,14.685430526733398,340854804,5005599543.845329
2011-10-17,GOOGL,14.48786661324452,14.689156306299635,14.34589633403802,14.455352783203125,160167672,2315280203.224365
2011-10-18,GOOGL,14.400250300869367,14.707272570674084,14.331002235061787,14.656392097473145,151879968,2226012362.759674
2011-10-19,GOOGL,14.577714673345366,14.69486377783061,14.376177163441938,14.412910461425781,117142740,1688367822.8260803
2011-10-20,GOOGL,14.44269439515855,14.616185354862989,14.383374035393508,14.486624717712402,135024840,1956054184.6491623
2011-10-21,GOOGL,14.631573478899062,14.71198927922815,14.561828835126892,14.655896186828613,135504360,1985937833.0226517
2011-10-24,GOOGL,14.562325917347806,14.891188992178323,14.55686548577986,14.803077697753906,136938924,2027117531.8188171
2011-10-25,GOOGL,14.720677297537092,14.767834884696706,14.466273952210003,14.473967552185059,101518380,1469373738.0703926
2011-10-26,GOOGL,14.632566523450514,14.648202483313861,14.218322833539913,14.552149772644043,114809076,1670718869.2108727
2011-10-27,GOOGL,14.852717192015044,14.95894731326841,14.72563944138837,14.858922958374023,151060788,2244600610.923271
2011-10-28,GOOGL,14.755920291081361,14.94901884771666,14.749218895681066,14.895408630371094,100219680,1492813086.4050293
2011-10-31,GOOGL,14.770067211881868,14.884238746163103,14.685183186920588,14.709258079528809,102209688,1503428679.0201187
2011-11-01,GOOGL,14.39801798196668,14.53229276273668,14.314870546029004,14.362029075622559,124878996,1793515771.4865532
2011-11-02,GOOGL,14.51715162807304,14.593100138556666,14.40744832913633,14.515165328979492,84751164,1230177157.283455
2011-11-03,GOOGL,14.56927260635554,14.829880714416504,14.487863667624895,14.829880714416504,106685208,1582128908.6327133
2011-11-04,GOOGL,14.730603091550643,14.885479570886906,14.704046271001705,14.796127319335938,113278608,1676084706.5251465
2011-11-07,GOOGL,14.726136825763737,15.109852026939235,14.699083428544201,15.098682403564453,134161704,2025664959.4170227
2011-11-08,GOOGL,15.115312042008574,15.248595562649324,14.981285077915313,15.198210716247559,121054824,1839816723.3702621
2011-11-09,GOOGL,14.997668287733221,15.124993872592928,14.858675557634205,14.91551399230957,148291560,2211844838.121414
2011-11-10,GOOGL,15.039115111881253,15.039611686717915,14.682454255340968,14.769820213317871,114621264,1692935461.903244
2011-11-11,GOOGL,14.924200486903834,15.19200661325756,14.857186528763005,15.099180221557617,158920920,2399575612.0557404
2011-11-14,GOOGL,15.090491775600023,15.340676576307898,15.085032290107497,15.214591026306152,127420452,1938650065.5670738
2011-11-15,GOOGL,15.209627892728225,15.34067730548447,15.152542594115602,15.302950859069824,106932960,1636389832.0948792
2011-11-16,GOOGL,15.191757953145258,15.346137872383691,15.155273416456163,15.176617622375488,104235660,1581944754.4359398
2011-11-17,GOOGL,15.141373033058361,15.196969549741826,14.812012454273143,14.91352653503418,139592268,2081812992.9036026
2011-11-18,GOOGL,14.941573599816143,15.00362369958246,14.736809783958225,14.76485538482666,131376492,1939754905.3458366
2011-11-21,GOOGL,14.588137636133558,14.606504283456104,14.199210778961984,14.418866157531738,119931948,1729282706.2240562
2011-11-22,GOOGL,14.395535469055176,14.518890327768174,14.277392281237686,14.395535469055176,96115788,1383638235.2901878
2011-11-23,GOOGL,14.280122643238096,14.401740914164904,14.150067329406738,14.150067329406738,92938968,1315092654.7255783
2011-11-25,GOOGL,14.027953079521069,14.253317650989601,13.932147243816926,13.973597526550293,62433504,872420657.0682678
2011-11-28,GOOGL,14.379899199793226,14.614447101013608,14.308665776172974,14.598810195922852,113042844,1650291023.5633163
2011-11-29,GOOGL,14.591116189956152,14.652669713077358,14.428546106209506,14.468257904052734,73198728,1059058074.9526062
2011-11-30,GOOGL,14.841053720484187,14.879773318433157,14.695609305382241,14.876794815063477,135744120,2019437420.5913544
2011-12-01,GOOGL,14.891933376064792,15.289051372420877,14.867114092453065,15.23370361328125,144679176,2203999686.197754
2011-12-02,GOOGL,15.315113048300669,15.48761084760762,15.29550449064142,15.397266387939453,163264572,2513828106.796921
2011-12-05,GOOGL,15.577957109605522,15.683688780194558,15.447900836456744,15.528565406799316,127772100,1984117412.014103
2011-12-06,GOOGL,15.462541379923476,15.60227753235799,15.394287408313318,15.481902122497559,92966940,1439305065.7081032
2011-12-07,GOOGL,15.43002874294493,15.52881118977733,15.341173063249716,15.4724702835083,90201708,1395643246.551693
2011-12-08,GOOGL,15.41414321520989,15.57323821267712,15.271676379449858,15.290291786193848,96427476,1474404244.2462044
2011-12-09,GOOGL,15.338690997018661,15.61493700330898,15.314120473578523,15.572495460510254,110537352,1721342412.236824
2011-12-12,GOOGL,15.434993737708243,15.5417185519777,15.395529751447324,15.522110939025879,87268644,1354593573.6663551
2011-12-13,GOOGL,15.605751732579321,15.799346851294784,15.459066378579452,15.52806568145752,160966872,2499504160.9547653
2011-12-14,GOOGL,15.434249805595034,15.495554574698202,15.201935054866233,15.34043025970459,155991852,2392982126.68816
2011-12-15,GOOGL,15.450877180220639,15.4876104746549,15.355816680755398,15.376913070678711,96247656,1479991839.5685883
2011-12-16,GOOGL,15.495553747998825,15.619653004201545,15.424816897664787,15.536258697509766,178193628,2768462302.8558197
2011-12-19,GOOGL,15.587139779426666,15.599300661410071,15.388332958127306,15.433752059936523,85654260,1321966611.7173386
2011-12-20,GOOGL,15.586890970165586,15.682199287344709,15.586641263963616,15.645713806152344,95432472,1493109144.725647
2011-12-21,GOOGL,15.636779536486202,15.681703009981899,15.362518869577848,15.532784461975098,99816084,1550421718.6104012
2011-12-22,GOOGL,15.585648942460477,15.67946848028757,15.562318438175335,15.629083633422852,72819108,1138095929.043251
2011-12-23,GOOGL,15.686168874884633,15.75268625140111,15.650428731421403,15.714463233947754,58089852,912850843.5194664
2011-12-27,GOOGL,15.687412078872773,15.996170982090023,15.686171114628898,15.890934944152832,64191744,1020066827.8557129
2011-12-28,GOOGL,15.952983800986008,16.008829079308665,15.83757035190009,15.877283096313477,85002912,1349615297.835022
2011-12-29,GOOGL,15.921709776313858,15.95918840641453,15.765593272830964,15.944296836853027,62952984,1003741063.6616592
2011-12-30,GOOGL,15.934866508501402,16.05251219105595,15.934866508501402,16.03116798400879,71220708,1141751133.8880386
2012-01-03,GOOGL,16.205898567610433,16.5834089464379,16.191752332829555,16.51540184020996,146912940,2426326239.6266556
2012-01-04,GOOGL,16.505969138547822,16.635530710849444,16.396514590030954,16.58663558959961,114445440,1898264808.1713867
2012-01-05,GOOGL,16.433993219030068,16.4796610768875,16.287555669767666,16.35655403137207,131184684,2145729371.9344711
2012-01-06,GOOGL,16.360027416031674,16.381125695554868,16.127713660528606,16.1334228515625,107608284,1736089948.1030273
2012-01-09,GOOGL,16.046057665797314,16.058467307004648,15.418859076298522,15.449387550354004,232671096,3594625933.8696213
2012-01-10,GOOGL,15.630324525068293,15.7308445060485,15.311636062117405,15.466264724731445,175648176,2716621188.4322205
2012-01-11,GOOGL,15.475200800314928,15.621390543233765,15.416130148360535,15.536258697509766,95904000,1489989354.1259766
2012-01-12,GOOGL,15.666811127810842,15.708260468087362,15.54966107785218,15.627595901489258,74932992,1171022518.6655273
2012-01-13,GOOGL,15.543703869570908,15.56082955405156,15.414640753859581,15.51218318939209,92199708,1430218760.5044594
2012-01-17,GOOGL,15.685674347384923,15.685674347384923,15.529309071146752,15.601286888122559,76295628,1190309980.7374763
2012-01-18,GOOGL,15.552886805479126,15.735809844346495,15.440950322900969,15.708756446838379,110357532,1733579592.2621727
2012-01-19,GOOGL,15.909300379291643,15.909300379291643,15.672767126488454,15.874055862426758,251959788,3999623749.797203
2012-01-20,GOOGL,14.656887472297043,14.668553669489608,14.43772867917996,14.544205665588379,422628948,6146802339.943256
2012-01-23,GOOGL,14.544454332935809,14.610474188022424,14.47396530471943,14.532540321350098,136379484,1981940350.2349205
2012-01-24,GOOGL,14.552397348979705,14.5861521402351,14.345895057073644,14.418618202209473,122109768,1760654123.5523758
2012-01-25,GOOGL,14.333733459359472,14.363517544287152,14.057488412650828,14.134678840637207,199308492,2817161524.63171
2012-01-26,GOOGL,14.196480183328484,14.258529335604448,14.012068373738078,14.100178718566895,128918952,1817780263.410347
2012-01-27,GOOGL,14.166696477536124,14.403478493052226,14.130706625136199,14.395039558410645,144555300,2080879261.8779182
2012-01-30,GOOGL,14.347137986228883,14.395536535741138,14.231724532546274,14.338202476501465,93126780,1335270627.624607
2012-01-31,GOOGL,14.469995837033148,14.49481606605735,14.275158789028287,14.398265838623047,85610304,1232639915.517334
2012-02-01,GOOGL,14.51814453971155,14.532043904760611,14.3741898705287,14.41613483428955,92735172,1336882743.433033
2012-02-02,GOOGL,14.51640856356937,14.554631585104888,14.447162382910262,14.52236557006836,96491412,1401283559.436081
2012-02-03,GOOGL,14.660115830839471,14.819211786165361,14.59533598869421,14.800844192504883,126613260,1873983133.9651108
2012-02-06,GOOGL,14.768081305958903,15.160732003713319,14.743262023404226,15.117545127868652,147036816,2222835701.3381195
2012-02-07,GOOGL,15.069394356083563,15.124990869570487,14.985254723668199,15.059962272644043,83600316,1259017604.9411201
2012-02-08,GOOGL,15.106375961557617,15.173638674330444,15.009578871015162,15.136408805847168,73382544,1110748185.1970673
2012-02-09,GOOGL,15.190268078944989,15.251821601431825,15.115311765708144,15.176368713378906,90497412,1373422092.1185608
2012-02-10,GOOGL,15.087513217210482,15.093718037844523,14.991212698427907,15.038619041442871,92914992,1397313167.926712
2012-02-13,GOOGL,15.15254370297098,15.235441441151892,15.140630635043268,15.194737434387207,72579348,1102824136.0190163
2012-02-14,GOOGL,15.178355326433326,15.189771818155064,15.010076049283553,15.134175300598145,72075852,1090808579.1079674
2012-02-15,GOOGL,15.212854095780534,15.212854095780534,14.955471330476918,15.02993106842041,96938964,1456985946.7640877
2012-02-16,GOOGL,14.961925382924138,15.110596103162319,14.835592017258996,15.05375862121582,101134764,1522458325.4696274
2012-02-17,GOOGL,15.015287418233674,15.08130916824502,14.951500727824293,15.007097244262695,97866036,1468685119.1625137
2012-02-21,GOOGL,14.987987471384931,15.335713779385463,14.963415055686728,15.239412307739258,99132768,1510725124.7594604
2012-02-22,GOOGL,15.188779163715607,15.308411137207239,15.058475087465387,15.089003562927246,78601320,1186015597.5307846
2012-02-23,GOOGL,15.065672456086562,15.089002960041675,14.900620443592949,15.043582916259766,82117800,1235345933.2008362
2012-02-24,GOOGL,15.074359426618713,15.181085180793698,15.028690621825602,15.137650489807129,77346576,1170845434.0713043
2012-02-27,GOOGL,15.05549628983606,15.198706579907153,15.01752203004943,15.123006820678711,72483444,1096167617.9982834
2012-02-28,GOOGL,15.14013261165483,15.382622873305811,15.082549793633095,15.348371505737305,113790096,1746492667.0815125
2012-02-29,GOOGL,15.353583065602367,15.527322776367413,15.276641396375737,15.34489631652832,125350524,1923490794.0024948
2012-03-01,GOOGL,15.4444237868444,15.529804388921153,15.342414076278356,15.447898864746094,89418492,1381327821.0541077
2012-03-02,GOOGL,15.437970799811579,15.487610309665001,15.396273649368975,15.419355392456055,62869068,969400502.6844864
2012-03-05,GOOGL,15.399002726785358,15.450132907861214,15.1743834913237,15.245616912841797,63668268,970662023.4321442
2012-03-06,GOOGL,15.091732349504072,15.110595571327039,14.739042218123368,15.015039443969727,126849024,1904643098.7890625
2012-03-07,GOOGL,15.11655333274834,15.169667923050802,15.037378495058944,15.060708999633789,50529420,761008890.5402756
2012-03-08,GOOGL,15.141125889718385,15.177363559203268,15.049541403833732,15.069149017333984,53766180,810210578.5128021
2012-03-09,GOOGL,15.08925220328279,15.187290264271091,14.89193322542448,14.898138046264648,106717176,1589887219.9555206
2012-03-12,GOOGL,14.891934169970817,15.065673893799396,14.873567520776255,15.019757270812988,66693240,1001716276.4040756
2012-03-13,GOOGL,15.109106421820579,15.334967557483399,15.029682829703626,15.333230018615723,89742168,1376037304.3132553
2012-03-14,GOOGL,15.264231632202607,15.457330193038448,15.226009558241165,15.288803100585938,117358524,1794271365.6113892
2012-03-15,GOOGL,15.303944963853517,15.47520181623604,15.260013693745496,15.41637897491455,97306596,1500115360.6949043
2012-03-16,GOOGL,15.410421052504804,15.535015930826095,15.389571531124705,15.513422966003418,121897980,1891054922.4414253
2012-03-19,GOOGL,15.46576975006252,15.816971129510454,15.41910873970466,15.735313415527344,86825088,1366219972.0107422
2012-03-20,GOOGL,15.659363564141254,15.786936942450541,15.568770348142221,15.723150253295898,61558380,967891658.0894852
2012-03-21,GOOGL,15.750948059548012,16.0681458395253,15.69882662505129,15.884231567382812,98685216,1567538823.2211914
2012-03-22,GOOGL,15.847500792018378,16.10314605600248,15.661351419783056,16.03489112854004,96311592,1544345892.1363678
2012-03-23,GOOGL,16.0485376729388,16.095696195595124,15.907065888396563,15.949010848999023,77530392,1236533063.135147
2012-03-26,GOOGL,16.008828520138078,16.120269366690604,15.873311834949089,16.116296768188477,72695232,1171577932.5443115
2012-03-27,GOOGL,16.059213497478023,16.21979728999539,16.00386384634635,16.0589656829834,80207712,1288052894.5186157
2012-03-28,GOOGL,16.18331177380023,16.346131571567504,16.159733454300156,16.275890350341797,101454444,1651261406.0988922
2012-03-29,GOOGL,16.218307535789787,16.29649016657095,15.9914551343127,16.093463897705078,76895028,1237507357.031021
2012-03-30,GOOGL,16.176364234644186,16.21955016853377,15.909549356220994,15.915506362915039,92335572,1469567383.6893997
2012-04-02,GOOGL,15.903841839557753,16.07088016408421,15.75665894259902,16.05648422241211,91276632,1465581801.5829163
2012-04-03,GOOGL,16.01900564994898,16.082048902770868,15.850975120924264,15.94975757598877,81714204,1303321744.3148918
2012-04-04,GOOGL,15.846258325308401,15.85990893116387,15.663831863228404,15.764352798461914,65038896,1025296102.1664734
2012-04-05,GOOGL,15.69212647062567,15.796121533379337,15.601037623822032,15.694111824035645,92655252,1454141885.9722023
2012-04-09,GOOGL,15.598804128547982,15.768820002242782,15.51962834492177,15.657379150390625,87220692,1365647444.4034424
2012-04-10,GOOGL,15.723896433706086,15.748219141968315,15.5012616000271,15.558595657348633,99180720,1543112719.4847107
2012-04-11,GOOGL,15.735066458611001,15.785451310151993,15.668796886185827,15.78445816040039,87872040,1387012538.8490295
2012-04-12,GOOGL,15.943054952272501,16.210861049575666,15.891182276285342,16.157995223999023,230033736,3716884007.646652
2012-04-13,GOOGL,16.072117245321593,16.1078592805717,15.476192489767715,15.50250244140625,326045628,5054523144.079834
2012-04-16,GOOGL,15.462790786407448,15.482894026169712,14.933133696489628,15.04258918762207,227456316,3421531919.717949
2012-04-17,GOOGL,15.104392297708676,15.330998797268728,15.065921460834648,15.129461288452148,120835044,1828169120.486412
2012-04-18,GOOGL,15.091733878744623,15.209628317691774,14.961677612049566,15.076842308044434,106673220,1608295316.4313316
2012-04-19,GOOGL,15.033156863848953,15.29550347645715,14.867112656609526,14.874557495117188,131652216,1958268456.251587
2012-04-20,GOOGL,14.997417757918912,15.11158929697405,14.788434477180626,14.794142723083496,122213664,1808046387.9269714
2012-04-23,GOOGL,14.715711574539796,14.853462380527663,14.648698563653515,14.832365989685059,87824088,1302639015.9263077
2012-04-24,GOOGL,14.848249207524912,15.056488081347428,14.825415279986409,14.923453330993652,77086836,1150401799.4799614
2012-04-25,GOOGL,14.991212253326983,15.173638703835444,14.963413522683677,15.13318157196045,72771156,1101259116.949459
2012-04-26,GOOGL,15.162719582508748,15.33869152658394,15.132687680569264,15.275897979736328,83616300,1277314068.2430267
2012-04-27,GOOGL,15.264727013410406,15.307417311635618,15.155022764964597,15.263733863830566,65390544,998103860.8271027
2012-04-30,GOOGL,15.214344108190904,15.29103702022674,14.907073993480669,15.012310028076172,96195708,1444119791.8662872
2012-05-01,GOOGL,14.986001647974232,15.179843657692746,14.896649389573748,15.001886367797852,80011908,1200329551.8866959
2012-05-02,GOOGL,14.92171623759141,15.09322182421402,14.907072483119604,15.072125434875488,64395540,970577656.3265419
2012-05-03,GOOGL,15.130700241388192,15.260011155813741,15.114070187937314,15.165447235107422,74645280,1132029055.1898193
2012-05-04,GOOGL,15.038865877633855,15.087760996077597,14.812756931639862,14.816727638244629,88207704,1306949525.7629013
2012-05-07,GOOGL,14.76783419094654,15.154280086366086,14.76783419094654,15.079323768615723,79700220,1201825421.8099022
2012-05-08,GOOGL,15.029186855237919,15.311388905924952,14.909307073004022,15.209379196166992,106984908,1627174034.0390396
2012-05-09,GOOGL,15.061206032465416,15.298483684116286,14.936858014639006,15.119035720825195,93058848,1406960047.0508423
2012-05-10,GOOGL,15.213598800043236,15.29376678535274,15.145840456028973,15.230973243713379,61374564,934794342.1285744
2012-05-11,GOOGL,15.14881962626699,15.253063455308338,15.0103244290569,15.02174186706543,83892024,1260204329.2336578
2012-05-14,GOOGL,14.911293619273431,15.10290245492268,14.906328816860903,14.991212844848633,72903024,1092904749.8171082
2012-05-15,GOOGL,15.024720170504207,15.264231930006668,14.985008371281744,15.167682647705078,83999916,1274084068.3218842
2012-05-16,GOOGL,15.337697666749,15.639010749197615,15.287561582142686,15.60997200012207,193210596,3016011993.6868973
2012-05-17,GOOGL,15.731591430285206,15.831366086219642,15.418859941598837,15.464032173156738,134017848,2072456313.2492294
2012-05-18,GOOGL,15.51491065620559,15.696592708775,14.810026061269516,14.901860237121582,238701060,3557089834.572773
2012-05-21,GOOGL,14.904590039504859,15.281355990175793,14.891931638825454,15.242140769958496,122892984,1873152161.7682571
2012-05-22,GOOGL,15.225511667615384,15.234695937082051,14.792653547981297,14.911788940429688,121953924,1818551175.1452026
2012-05-23,GOOGL,14.932886064384066,15.130204097383931,14.820452061792214,15.126729965209961,126996876,1921047449.6772537
2012-05-24,GOOGL,15.119281718020648,15.187784446943615,14.863886208933401,14.982773780822754,75576348,1132343325.2647362
2012-05-25,GOOGL,14.916753772293935,14.934871660361676,14.601044725197195,14.681709289550781,143132724,2101433043.589508
2012-05-29,GOOGL,14.78793697094899,14.87033906597641,14.602036391731149,14.75145149230957,104123772,1535976771.8543015
2012-05-30,GOOGL,14.598065431936648,14.690891818715075,14.483149505349548,14.59980297088623,76191732,1112384275.2105675
2012-05-31,GOOGL,14.611964507668539,14.643733945382344,14.370714275940447,14.416879653930664,118613268,1710033210.115425
2012-06-01,GOOGL,14.191763655309927,14.213108805101252,14.106383056144637,14.171659469604492,122193684,1731687278.984459
2012-06-04,GOOGL,14.15279617727126,14.407697009407649,14.147584506479284,14.360538482666016,97210692,1395997883.3925934
2012-06-05,GOOGL,14.282605063878263,14.349122443185621,14.059722422180927,14.157512664794922,93502404,1323761468.8187714
2012-06-06,GOOGL,14.308169143815462,14.444431169712404,14.23693666633841,14.409683227539062,83748168,1206784571.7667236
2012-06-07,GOOGL,14.584167964482795,14.591364989377062,14.327281752357777,14.351604461669922,70269660,1008482365.9760284
2012-06-08,GOOGL,14.292534307599542,14.420357408948435,14.26101268057902,14.406705856323242,56359584,811955948.8727417
2012-06-11,GOOGL,14.50002840446072,14.527578377558433,14.065183003903737,14.110107421875,106337556,1500434338.1396484
2012-06-12,GOOGL,14.141627762899507,14.154782739073642,13.86389299737319,14.025718688964844,128839032,1807060018.9905396
2012-06-13,GOOGL,13.94182823480861,14.07287669641771,13.866375345025276,13.926191329956055,78089832,1087493941.3561249
2012-06-14,GOOGL,13.931404131915947,14.024974910218457,13.812764364276555,13.875558853149414,93702204,1300170446.2718124
2012-06-15,GOOGL,13.907576532153119,14.011322834315768,13.826911027413754,14.011075019836426,119927952,1680319532.447342
2012-06-18,GOOGL,13.964165020280538,14.251827476122875,13.880521019560286,14.168432235717773,99776124,1413671251.6365738
2012-06-19,GOOGL,14.236438677255153,14.501763786397907,14.224773426193499,14.43350887298584,82964952,1197475370.8388443
2012-06-20,GOOGL,14.390819800649698,14.395535842711311,14.23445453601718,14.333733558654785,93774132,1344133422.7821236
2012-06-21,GOOGL,14.391565386464887,14.391565386464887,13.991715762765633,14.028449058532715,80371548,1127488166.873417
2012-06-22,GOOGL,14.097696827379055,14.184069633483887,14.043590034553834,14.184069633483887,89026884,1262763521.9080925
2012-06-25,GOOGL,14.081067948991569,14.09993117288207,13.833366001658241,13.916513442993164,63200736,879533892.151062
2012-06-26,GOOGL,13.967640869981278,14.062949187391768,13.886231918657359,14.015295028686523,53953992,756181115.8553925
2012-06-27,GOOGL,14.090251122846894,14.24636762741037,14.04855397110063,14.129962921142578,67624308,955528964.6079254
2012-06-28,GOOGL,14.045575127874553,14.053765301820379,13.829889512305284,14.006111145019531,76759164,1075097382.382782
2012-06-29,GOOGL,14.270443118288904,14.39876278820258,14.20194038159316,14.397273063659668,100679220,1449506222.1762657
2012-07-02,GOOGL,14.44070683648999,14.469995292066725,14.308665228270634,14.40719985961914,66153780,953090729.9292755
2012-07-03,GOOGL,14.395783506060805,14.604270208096414,14.345895234924361,14.589874267578125,47532420,693492031.4337158
2012-07-05,GOOGL,14.61295807206108,14.893422588222796,14.607496694826171,14.790668487548828,93742164,1386509271.0294342
2012-07-06,GOOGL,14.704545333735611,14.731103106343056,14.465530109553562,14.543960571289062,86385528,1256387713.1619873
2012-07-09,GOOGL,14.518394481838085,14.608987709475379,14.426562181667098,14.54470443725586,68535396,996827078.3102875
2012-07-10,GOOGL,14.648450657409867,14.704047175952295,14.36426229804371,14.437729835510254,76847076,1109497321.936924
2012-07-11,GOOGL,14.303702198037163,14.3421730335767,14.021748892933358,14.176872253417969,139832028,1982380797.8923645
2012-07-12,GOOGL,14.075855003292247,14.195239157004131,13.951010418268043,14.159249305725098,92299608,1306893160.4926987
2012-07-13,GOOGL,14.200698847241242,14.374438556243097,14.111347537387038,14.309162139892578,78960960,1129865179.3615723
2012-07-16,GOOGL,14.305441005395451,14.375432526567993,14.191518213210452,14.269452095031738,58445496,833985205.3423691
2012-07-17,GOOGL,14.356567694358047,14.412164209011506,14.107623869561737,14.314373970031738,67136796,961021205.0937309
2012-07-18,GOOGL,14.320580556845279,14.487122306876834,14.299484165008256,14.414400100708008,61866072,891762314.4672089
2012-07-19,GOOGL,14.547929286370389,14.854207176926499,14.544455154342307,14.719682693481445,186801012,2749651623.46122
2012-07-20,GOOGL,15.10935412765263,15.21310137145758,14.846759700755916,15.160483360290527,258289452,3915792939.184559
2012-07-23,GOOGL,14.903845785404794,15.347376929424271,14.848497086363192,15.276888847351074,142325532,2174291332.5041084
2012-07-24,GOOGL,15.264232454703034,15.336954659970916,14.99965264240469,15.07982063293457,80295624,1210843607.5295563
2012-07-25,GOOGL,15.09843446748873,15.224023445430454,15.025215690413695,15.09024429321289,72847080,1099280233.247223
2012-07-26,GOOGL,15.264231903479478,15.3106450982981,15.140877038684996,15.223526954650879,67340592,1025161317.4541473
2012-07-27,GOOGL,15.36078041477094,15.76062907491828,15.326281234358024,15.759635925292969,141846012,2235441506.5747375
2012-07-30,GOOGL,15.786690117543735,15.949261152554609,15.624120028389694,15.693615913391113,87380532,1371316507.5157814
2012-07-31,GOOGL,15.593342901398275,15.797857946718768,15.59234975177619,15.710244178771973,74549376,1171188900.335083
2012-08-01,GOOGL,15.817714920398547,15.872567049043118,15.670780792858698,15.703047752380371,73710216,1157475041.6862717
2012-08-02,GOOGL,15.525090134332737,15.835835343837624,15.472968689090504,15.60550594329834,79028892,1233285843.7982826
2012-08-03,GOOGL,15.884728512264308,15.977059269388615,15.788923623123553,15.917738914489746,75808116,1206693798.0873528
2012-08-06,GOOGL,15.875048151662067,16.11753934343786,15.865368253480389,15.954721450805664,71224704,1136370312.736084
2012-08-07,GOOGL,15.92915547362721,15.990462128060539,15.79711481002195,15.898131370544434,79192728,1259016393.3357925
2012-08-08,GOOGL,15.861150753735437,16.030422248102912,15.847500147141199,15.940077781677246,52835112,842195794.8836288
2012-08-09,GOOGL,15.996666314264818,16.04282979947847,15.922454392577668,15.943055152893066,42769188,681871523.1284523
2012-08-10,GOOGL,15.84973192590254,15.940323247628543,15.788674981123972,15.934368133544922,57326616,913463403.1943665
2012-08-13,GOOGL,16.068891665354407,16.384847545108844,16.050525019025287,16.38137435913086,130585284,2139166422.9974213
2012-08-14,GOOGL,16.362508900727033,16.700058663392735,16.356304080951073,16.5960636138916,146321532,2428361453.1540756
2012-08-15,GOOGL,16.636276859994013,16.734812453675204,16.482891021750042,16.56827163696289,96331572,1596047652.1116486
2012-08-16,GOOGL,16.567526739823524,16.744492796524842,16.55685368971119,16.7005615234375,68639292,1146314718.9711914
2012-08-17,GOOGL,16.731584160230806,16.809271170227586,16.671520355852408,16.80653953552246,87020892,1462520061.8144302
2012-08-20,GOOGL,16.765835387258786,16.84947940325141,16.69534634881304,16.766828536987305,70253676,1177931339.5850601
2012-08-21,GOOGL,16.706517840528193,16.82788641919178,16.43498879805404,16.61716651916504,88799112,1475589630.8579865
2012-08-22,GOOGL,16.564296709311993,16.89241633104992,16.5474188402588,16.807531356811523,76291632,1282273997.1023254
2012-08-23,GOOGL,16.735309782007977,16.889440953756782,16.654147689727818,16.79810333251953,71296632,1197648191.5966187
2012-08-24,GOOGL,16.76831604300128,16.88869334781598,16.730591489891076,16.843521118164062,57006936,960197530.3978271
2012-08-27,GOOGL,16.455337607228067,16.678964640450943,16.36226340568173,16.609966278076172,104443452,1734802215.6858673
2012-08-28,GOOGL,16.505225185215487,16.818451328914943,16.498772550347578,16.809268951416016,82261656,1382758300.092865
2012-08-29,GOOGL,16.812248846080223,17.10065764001402,16.781970075028962,17.076332092285156,119492388,2040491699.9881897
2012-08-30,GOOGL,16.98275884098687,17.060941464839345,16.88199105063691,16.919219970703125,65010924,1099934123.654663
2012-08-31,GOOGL,16.97680516738375,17.090480140695117,16.878519285748137,17.00385856628418,84998916,1445309545.9514694
2012-09-04,GOOGL,16.990452759254477,17.001621435484562,16.716194034464287,16.903335571289062,75508416,1276344094.1044922
2012-09-05,GOOGL,16.87752615046186,17.038855285977032,16.856180052045396,16.895395278930664,68259672,1153274140.0501556
2012-09-06,GOOGL,17.025452541564448,17.371193505241905,16.994924064321268,17.359031677246094,121618260,2111175227.8715515
2012-09-07,GOOGL,17.37391938478794,17.6779631253588,17.316089706897575,17.526561737060547,129190680,2264268428.8728333
2012-09-10,GOOGL,17.616167322776906,17.69186614490071,17.33396333972995,17.393035888671875,102297600,1779265828.125
2012-09-11,GOOGL,17.323290692500343,17.390056836001623,17.150543180394884,17.180078506469727,74877048,1286393562.972702
2012-09-12,GOOGL,17.11108035898287,17.24759020509763,16.899367325283976,17.147565841674805,105586308,1810548168.4093552
2012-09-13,GOOGL,17.20241695133101,17.59730081853341,17.139125888857404,17.523834228515625,106253640,1861971173.536377
2012-09-14,GOOGL,17.61219140467081,17.696578852685608,17.54790908785154,17.614177703857422,104635260,1843064063.7293243
2012-09-17,GOOGL,17.575210800596835,17.69360180236362,17.49802132028091,17.621623992919922,60271668,1062084670.9221039
2012-09-18,GOOGL,17.567020950270848,17.837061189508244,17.542201666501473,17.8276309967041,82589328,1472372063.849762
2012-09-19,GOOGL,17.808270461068446,18.082777024986175,17.781217064537625,18.056468963623047,123808068,2235536537.2881317
2012-09-20,GOOGL,17.98126707947579,18.152771740695346,17.90060251302425,18.07185935974121,116179704,2099583271.1443634
2012-09-21,GOOGL,18.173373100450256,18.240634877119522,18.121498524012395,18.217552185058594,254109636,4629255554.556244
2012-09-24,GOOGL,18.143340593417197,18.615911524002637,18.124726129054295,18.599531173706055,142409448,2648748967.5062714
2012-09-25,GOOGL,18.690615895267673,18.984484134347927,18.55683769750606,18.594066619873047,242097660,4501580018.555374
2012-09-26,GOOGL,18.611193188489334,18.89389276431739,18.39153875264041,18.70079231262207,226689084,4239265479.4225388
2012-09-27,GOOGL,18.86187350969983,18.93360160760616,18.65586780951517,18.776243209838867,157086756,2949499135.700615
2012-09-28,GOOGL,18.717921511013195,18.845742720023043,18.64346176456384,18.726606369018555,111228660,2082935332.7733994
2012-10-01,GOOGL,18.839535937894787,18.987214451176893,18.769046906025373,18.90729522705078,126593280,2393536518.720703
2012-10-02,GOOGL,18.992179901232472,19.01178751425998,18.621619661434444,18.788408279418945,111496392,2094839734.5781403
2012-10-03,GOOGL,18.756887786489287,18.960409693858526,18.66952088215284,18.9251651763916,88243668,1670025992.670662
2012-10-04,GOOGL,18.931369817761745,19.10858555309527,18.848223327421067,19.062915802001953,98069832,1869496950.1324768
2012-10-05,GOOGL,19.128934657149546,19.2200244438409,18.98746097407305,19.05298614501953,109326564,2082997509.174591
2012-10-08,GOOGL,18.887935910168842,18.951970416889335,18.717920038470236,18.809505462646484,78265656,1472138284.0696106
2012-10-09,GOOGL,18.854923904718948,18.895875718121438,18.429511594039948,18.468229293823242,120007872,2216332897.15979
2012-10-10,GOOGL,18.412880691145542,18.553609033812407,18.32427283585847,18.479894638061523,81514404,1506377597.4043808
2012-10-11,GOOGL,18.68689590278425,18.825887684616223,18.622116054442607,18.65165138244629,95260644,1776768322.3553238
2012-10-12,GOOGL,18.660832172704882,18.73578753575008,18.468477071361598,18.484609603881836,96071832,1775850308.4497223
2012-10-15,GOOGL,18.414866934551338,18.46177764792646,18.13589214937285,18.391040802001953,120643236,2218754675.761551
2012-10-16,GOOGL,18.369946467341926,18.54021016722494,18.27885666481132,18.48337173461914,82245672,1520177329.139557
2012-10-17,GOOGL,18.464756263491655,18.772275132516693,18.37317083694422,18.751178741455078,91624284,1718063326.3418427
2012-10-18,GOOGL,18.75242030660754,18.84872177846832,16.778246754459666,17.24982261657715,497198304,8576582549.2630005
2012-10-19,GOOGL,17.51241950730722,17.54021635000107,16.67896634609186,16.921953201293945,458828712,7764277991.873978
2012-10-22,GOOGL,16.90259426272474,16.992443106320955,16.62188094475932,16.84451675415039,162061776,2729852301.0393677
2012-10-23,GOOGL,16.679212523856766,17.059454528794202,16.67896470937224,16.886211395263672,116547336,1968042953.250824
2012-10-24,GOOGL,17.046299495617152,17.05126335214558,16.760126734926985,16.810510635375977,99760140,1677018894.4565964
2012-10-25,GOOGL,16.877523576779634,16.92716213908327,16.716442280334633,16.82192611694336,95947956,1614029426.9037323
2012-10-26,GOOGL,16.79065477715534,16.95272924701028,16.659110676003294,16.75714874267578,77953968,1306286236.857788
2012-10-31,GOOGL,16.874048849027723,16.902343208470292,16.75342373504393,16.88496971130371,61418520,1037049849.9131012
2012-11-01,GOOGL,16.86511625807526,17.148061777300455,16.84575645942612,17.065908432006836,81921996,1398073282.3032303
2012-11-02,GOOGL,17.244612015519383,17.263476186203174,17.060447995405127,17.074100494384766,92883024,1585894085.998352
2012-11-05,GOOGL,16.989212749356554,17.047787768023596,16.767324207354527,16.950990676879883,65370564,1108095820.9063797
2012-11-06,GOOGL,17.013539544608385,17.038856351855653,16.81671806263611,16.920217514038086,63248688,1070181558.4375305
2012-11-07,GOOGL,16.753426582218918,16.833595524025196,16.54220916254317,16.557846069335938,89202708,1477004708.0319214
2012-11-08,GOOGL,16.634290262720988,16.666307516283247,16.16345597670199,16.18976593017578,103776120,1680111091.9418335
2012-11-09,GOOGL,16.24833735181146,16.588121207585097,16.140369710750623,16.456327438354492,124439436,2047816105.0601578
2012-11-12,GOOGL,16.474199746187093,16.624362079938166,16.40271945614668,16.527563095092773,56179764,928514594.1774216
2012-11-13,GOOGL,16.45558771216979,16.56975830671141,16.337194812738325,16.357547760009766,63704232,1042045017.4547424
2012-11-14,GOOGL,16.397506241485196,16.435232682232385,16.145335167377855,16.196216583251953,66669264,1079789839.1900024
2012-11-15,GOOGL,16.132927547034754,16.381127945744677,15.98152613617571,16.064922332763672,73882044,1186909298.6458282
2012-11-16,GOOGL,16.033399552283893,16.207883640612838,15.78544887765087,16.06293487548828,137390472,2206894204.248596
2012-11-19,GOOGL,16.274399696028905,16.6025192904022,16.27018117497424,16.584896087646484,94633272,1569482982.5539856
2012-11-20,GOOGL,16.61716550820346,16.827885395410345,16.494554080984795,16.628582000732422,83464452,1387895484.2281952
2012-11-21,GOOGL,16.60425842388643,16.62436355780069,16.391056607219255,16.526819229125977,84403512,1394921585.127365
2012-11-23,GOOGL,16.6285798922932,16.62932522741931,16.532526246701003,16.57893943786621,36863100,611151102.3920059
2012-11-26,GOOGL,16.540964229634092,16.55486453976544,16.35680214581442,16.40966796875,88095816,1445623089.9960938
2012-11-27,GOOGL,16.385348438336923,16.753426775797763,16.331489452316966,16.646949768066406,100247652,1668817627.2106018
2012-11-28,GOOGL,16.579935484071274,16.999392762562767,16.47767889198861,16.96861457824707,121558320,2062676280.8592224
2012-11-29,GOOGL,17.07062157010046,17.222518592560252,16.927161589587595,17.172632217407227,110948940,1905285341.5311813
2012-11-30,GOOGL,17.158238033913108,17.354561966624864,17.018748745639083,17.333465576171875,126417456,2191252621.8032227
2012-12-03,GOOGL,17.429520086721283,17.520112365433306,17.227732875087447,17.25602912902832,87612300,1511840400.861168
2012-12-04,GOOGL,17.24982076235133,17.26248010940417,17.01899765884067,17.151287078857422,79588332,1365042330.2594147
2012-12-05,GOOGL,17.17908919326972,17.237416408536387,16.935356988508996,17.071619033813477,74421504,1270495564.2114258
2012-12-06,GOOGL,17.065906014445403,17.264961566944404,16.989461872117207,17.15376853942871,58433508,1002354871.1788559
2012-12-07,GOOGL,17.24982172807801,17.29648462874069,16.937588714615618,16.98201560974121,76695228,1302439559.0886612
2012-12-10,GOOGL,17.011305293387878,17.166679322356693,16.97159443532528,17.01205062866211,54613332,929084768.9839325
2012-12-11,GOOGL,17.125722791830537,17.421575445912033,17.069134071712156,17.296483993530273,107396496,1857581774.025238
2012-12-12,GOOGL,17.354807639216755,17.46103680525677,17.212094888522692,17.313358306884766,96942960,1678408201.8099976
2012-12-13,GOOGL,17.769056688755725,17.782707295378255,17.36275440350262,17.440937042236328,137658204,2400888069.311325
2012-12-14,GOOGL,17.35332120478711,17.568013679393673,17.334954556894722,17.422569274902344,85118796,1482988119.9062805
2012-12-17,GOOGL,17.51043199616733,17.917975223894253,17.473698699986556,17.889680862426758,121294584,2169921398.100815
2012-12-18,GOOGL,17.785933954646396,18.096182570560913,17.747462172849286,17.89687728881836,120075804,2148981929.5442047
2012-12-19,GOOGL,17.887942259664783,17.944780688430544,17.787917899650484,17.873050689697266,76667256,1370277752.7279968
2012-12-20,GOOGL,17.95123521497062,17.985734400706058,17.795117744926838,17.928897857666016,66213720,1187139022.6560974
2012-12-21,GOOGL,17.720654559136236,17.841029964092783,17.63502614769315,17.761856079101562,140898960,2502627049.215088
2012-12-24,GOOGL,17.734058706174103,17.750686869085296,17.55932679222437,17.609710693359375,33602364,591727908.6529541
2012-12-26,GOOGL,17.574216917167277,17.693601063570952,17.433736381964955,17.594072341918945,47248704,831297116.237915
2012-12-27,GOOGL,17.551137133256095,17.593331809548495,17.339424091698593,17.530040740966797,65830104,1154004405.1020813
2012-12-28,GOOGL,17.415867452478135,17.54542523546969,17.374170303344727,17.374170303344727,56023920,973369127.1409607
2012-12-31,GOOGL,17.373923705692782,17.636270365285675,17.274644671340127,17.55709457397461,79816104,1401338886.454193
2013-01-02,GOOGL,17.85592254161088,18.044057223015688,17.784690073402118,17.95098114013672,101550348,1822928381.7223206
2013-01-03,GOOGL,17.992684335673008,18.16642311821734,17.888191738262222,17.961410522460938,92635272,1663860149.251831
2013-01-04,GOOGL,18.102138819333934,18.40320315256623,18.060937296372433,18.316333770751953,110429460,2022662847.483902
2013-01-07,GOOGL,18.253787437497383,18.35132797268966,18.132914507109778,18.236412048339844,66161772,1206553336.0403137
2013-01-08,GOOGL,18.25601785164517,18.27488201751567,17.98027035843621,18.200422286987305,66976956,1219008882.696968
2013-01-09,GOOGL,18.174860324975413,18.325764215397317,18.083770528788886,18.320056915283203,80907012,1482221064.685501
2013-01-10,GOOGL,18.43695795318579,18.49081882657767,18.205389491762404,18.403451919555664,73354572,1349977338.8815842
2013-01-11,GOOGL,18.416362435247642,18.4270335943555,18.27488870629173,18.366474151611328,51356592,943239519.4828491
2013-01-14,GOOGL,18.292255696695,18.42131973536214,17.9286437882682,17.95098114013672,114441444,2054336202.8940125
2013-01-15,GOOGL,17.853691635069286,18.24261852212311,17.674243669379816,17.99268341064453,156950892,2823967710.7742615
2013-01-16,GOOGL,17.929883089719155,17.97803475822698,17.713206256573628,17.750932693481445,80855064,1435252798.9911346
2013-01-17,GOOGL,17.8134798821368,17.861381848462752,17.64743473979968,17.65488052368164,88371540,1560188980.393753
2013-01-18,GOOGL,17.631057418621783,17.690873406107052,17.406932853495526,17.48586082458496,128942928,2254678093.3224792
2013-01-22,GOOGL,17.489584888562355,17.506462759406364,17.26273056535971,17.44515609741211,151544304,2643714038.9536743
2013-01-23,GOOGL,18.267188274067998,18.59009621282776,18.262224417672382,18.403945922851562,236127636,4345680243.834778
2013-01-24,GOOGL,18.397495121406433,18.7844376029184,18.379376287071263,18.719409942626953,135172692,2530353034.596451
2013-01-25,GOOGL,18.63402538770712,18.825387327100465,18.621118227497536,18.706003189086914,88946964,1663842192.243599
2013-01-28,GOOGL,18.65860027874101,18.753908598408596,18.562546623875356,18.63303565979004,65018916,1211499780.3888931
2013-01-29,GOOGL,18.534250887988964,18.78741513035465,18.52903921712997,18.706253051757812,69814116,1305960520.480774
2013-01-30,GOOGL,18.70774398966495,18.886696329710347,18.687145118327773,18.709978103637695,69250680,1295678706.4620209
2013-01-31,GOOGL,18.627577025828145,18.80404554646527,18.621122498386285,18.75614356994629,65302632,1224825541.2873688
2013-02-01,GOOGL,18.818438325403225,19.275124440862296,18.815956397331604,19.250303268432617,149694156,2881657900.512062
2013-02-04,GOOGL,19.05397899312049,19.122979247458073,18.820176431520917,18.838790893554688,121498380,2288882574.725647
2013-02-05,GOOGL,18.891160606662545,19.138863473568794,18.849960976765484,19.00558090209961,74753172,1420727458.1345673
2013-02-06,GOOGL,18.840034110218454,19.18478189888353,18.82588598377366,19.11553382873535,83040876,1587370674.3458176
2013-02-07,GOOGL,19.103866755953778,19.32997568984367,18.999621998236325,19.2093505859375,113494392,2180153565.4658203
2013-02-08,GOOGL,19.36273873862055,19.52505910111049,19.34859061388496,19.492794036865234,120683196,2352452683.3386383
2013-02-11,GOOGL,19.319802002275015,19.43397449387509,19.204390438169415,19.419578552246094,86625288,1682226584.926941
2013-02-12,GOOGL,19.40294661387365,19.555588981459035,19.34387596608308,19.37688636779785,74285640,1439424405.0391388
2013-02-13,GOOGL,19.362740724618792,19.492298515520133,19.358768126010403,19.430498123168945,47880072,930333649.133194
2013-02-14,GOOGL,19.352811973661847,19.57643901776272,19.30416655569905,19.553606033325195,69342588,1355897647.0831833
2013-02-15,GOOGL,19.543179431567893,19.688623829715215,19.534988311791892,19.679441452026367,109082808,2146688733.4586334
2013-02-19,GOOGL,19.75638199758239,20.02964757471991,19.7387587949254,20.025924682617188,117154728,2346131759.140503
2013-02-20,GOOGL,19.987457386900857,20.07854529384251,19.65214167289819,19.66876983642578,110457432,2172561806.730652
2013-02-21,GOOGL,19.80627316597006,19.99118061758054,19.6379938781684,19.744966506958008,140115744,2766580672.3775024
2013-02-22,GOOGL,19.837544243672802,19.886934995715208,19.702027551954927,19.848712921142578,82073844,1629060167.8906403
2013-02-25,GOOGL,19.9129981146071,20.064647347909347,19.61987517629965,19.6268253326416,92063844,1806920985.6395645
2013-02-26,GOOGL,19.731811958296603,19.755390276652278,19.46871999715782,19.610939025878906,88011900,1725996004.4517517
2013-02-27,GOOGL,19.72684784222575,19.973805374789574,19.635262421024613,19.85045051574707,80962956,1607151151.6866074
2013-02-28,GOOGL,19.883214482745306,20.029402334825942,19.881475997845822,19.885696411132812,90541368,1800478156.6966553
2013-03-01,GOOGL,19.801310220457847,20.03312840015875,19.76035650773144,20.00954818725586,86928984,1739409694.2171936
2013-03-04,GOOGL,19.98745598179497,20.422797919423743,19.98001019714837,20.389537811279297,110912976,2261464317.913513
2013-03-05,GOOGL,20.57394985037999,20.852429009479746,20.57320451522147,20.8139591217041,161602236,3363582334.079979
2013-03-06,GOOGL,20.87426780529189,20.94798219880987,20.57096940632,20.634756088256836,114805080,2368974823.492813
2013-03-07,GOOGL,20.701276746187773,20.76481562667219,20.590083705340042,20.665040969848633,82025892,1695068418.7683792
2013-03-08,GOOGL,20.71219540001546,20.722620633223624,20.477647515823758,20.638233184814453,116359524,2401454989.586014
2013-03-11,GOOGL,20.64245535165984,20.841263127431844,20.637739309021825,20.720142364501953,63724212,1320374744.7057037
2013-03-12,GOOGL,20.61813275993796,20.647418380937463,20.443398941678026,20.541189193725586,80251668,1648464695.5000534
2013-03-13,GOOGL,20.548384551229976,20.617632616985613,20.40964060524528,20.484100341796875,65586348,1343477333.4840088
2013-03-14,GOOGL,20.525798523218185,20.525798523218185,20.28752962433393,20.390531539916992,65981952,1345407073.321289
2013-03-15,GOOGL,20.315079293550955,20.359755895828137,20.18700838485098,20.21083641052246,123864012,2503395283.682991
2013-03-18,GOOGL,19.980013016099857,20.17261407788351,19.892398289331076,20.04926109313965,73458468,1472788004.434044
2013-03-19,GOOGL,20.13488694576852,20.33369660565137,20.01600030144674,20.136873245239258,83844072,1688357450.228714
2013-03-20,GOOGL,20.273628219985817,20.290506088106568,20.139850022523007,20.221010208129883,58493448,1182796609.1167145
2013-03-21,GOOGL,20.13612894115515,20.275864157092595,20.10038879420582,20.13538360595703,59044896,1188891630.933838
2013-03-22,GOOGL,20.221757035817568,20.234166677494795,20.095174907282516,20.111804962158203,59468472,1196018310.2615662
2013-03-25,GOOGL,20.163925316784876,20.333195838944942,20.025181375046103,20.095172882080078,68411520,1374741321.525879
2013-03-26,GOOGL,20.190980616105012,20.20339025770233,20.04925910397903,20.164175033569336,47628324,960385861.6915512
2013-03-27,GOOGL,20.021708784258276,20.02965019843229,19.888921831773633,19.921934127807617,86441472,1722081311.0947266
2013-03-28,GOOGL,19.954942727623912,19.989194096290667,19.6896185277054,19.711708068847656,91420488,1802053970.9675903
2013-04-01,GOOGL,19.732058849799785,19.911754608317054,19.688375401308022,19.885446548461914,72219708,1436121143.1795273
2013-04-02,GOOGL,19.96859393086387,20.223990400605555,19.955189248292545,20.179561614990234,81578340,1646215138.4786224
2013-04-03,GOOGL,20.18998945310022,20.208356102814236,19.872542844607114,20.009796142578125,69470460,1390089742.531128
2013-04-04,GOOGL,19.96139467786058,19.998625494362766,19.639977393664967,19.733549118041992,97806096,1930061399.4599304
2013-04-05,GOOGL,19.509922553933816,19.53300524454927,19.270161083955582,19.43521499633789,137218644,2666873847.6459503
2013-04-08,GOOGL,19.32848654287926,19.348343859831918,19.0716013037075,19.231689453125,113170716,2176464065.2998047
2013-04-09,GOOGL,19.2478222601069,19.4525870109406,19.188503798017965,19.301185607910156,86205708,1663872370.5693054
2013-04-10,GOOGL,19.43198552580049,19.666037777238106,19.260231182985574,19.612178802490234,79064856,1550634092.8651428
2013-04-11,GOOGL,19.67919578285663,19.68465526882674,19.460282880766073,19.617393493652344,81066852,1590320334.9756775
2013-04-12,GOOGL,19.657105155859128,19.659834898693486,19.432235259488323,19.60895347595215,65402532,1282475207.1974716
2013-04-15,GOOGL,19.507190015970043,19.78144873775611,19.285547411606203,19.407413482666016,98025876,1902428707.532547
2013-04-16,GOOGL,19.523077360522777,19.756632115798595,19.45680873833889,19.691354751586914,69610320,1370721505.4914856
2013-04-17,GOOGL,19.52704689611979,19.628560029924135,19.31235443090066,19.423051834106445,81398520,1581007673.1795502
2013-04-18,GOOGL,19.492296603205574,19.503467171053742,18.89438652045631,19.00979995727539,132767100,2523876011.9075775
2013-04-19,GOOGL,19.090468961285353,19.94129573817931,19.018493024502227,19.852689743041992,231895872,4603756799.508179
2013-04-22,GOOGL,19.87080251358631,19.954198710663444,19.23541372660053,19.858642578125,115220664,2288125983.9902344
2013-04-23,GOOGL,19.88073176630757,20.240618935085454,19.864847046914434,20.05198860168457,91600308,1836768331.926796
2013-04-24,GOOGL,20.05720199088069,20.302670773186176,20.05447224787154,20.189741134643555,73090836,1475685058.154686
2013-04-25,GOOGL,20.259235399366442,20.264694884946817,20.045286369508776,20.081771850585938,79608312,1598675958.9942627
2013-04-26,GOOGL,20.044541030280843,20.04801610791862,19.771025747027974,19.89115333557129,99408492,1977349557.2299118
2013-04-29,GOOGL,19.93657377745943,20.41932014667339,19.93036895716466,20.328977584838867,91939968,1869045548.6228027
2013-04-30,GOOGL,20.327488066702095,20.5419327217266,20.294725478660727,20.465736389160156,92175732,1886444232.5898743
2013-05-01,GOOGL,20.43322110527848,20.469458770319534,20.261962384573135,20.362979888916016,58141800,1183940304.1053772
2013-05-02,GOOGL,20.354793152061678,20.71344127893058,20.328731011094256,20.590829849243164,80651268,1660676536.51371
2013-05-03,GOOGL,20.77325276643332,21.017480553654206,20.749426634167495,20.99067497253418,100403496,2107537150.6421356
2013-05-06,GOOGL,21.053719222293637,21.39102122437326,21.053719222293637,21.383575439453125,85566348,1829714457.536499
2013-05-07,GOOGL,21.41981191698757,21.441156120897656,21.11353403574478,21.276351928710938,78281640,1665547722.1966553
2013-05-08,GOOGL,21.270644315698387,21.689605928670858,21.169131175999784,21.683401107788086,98633268,2138704712.6159592
2013-05-09,GOOGL,21.61415258826617,21.833063582924417,21.54937085450936,21.630037307739258,87935976,1902058441.572464
2013-05-10,GOOGL,21.72509414449365,21.854901621165464,21.646911524470486,21.84720802307129,75832092,1656719488.74868
2013-05-13,GOOGL,21.81395289947339,21.90280858636375,21.677195236822715,21.78019905090332,57882060,1260682788.276329
2013-05-14,GOOGL,21.77945040606464,22.057184210839992,21.770515843346995,22.01772117614746,63108828,1389512578.6574478
2013-05-15,GOOGL,22.226211438170488,22.74445018793119,22.189478141670175,22.732288360595703,159276564,3620720781.9328766
2013-05-16,GOOGL,22.80947445363771,22.83379999640438,22.38778505008454,22.433950424194336,128255616,2877280130.968506
2013-05-17,GOOGL,22.586592973718925,22.672717010974175,22.350804136861544,22.565744400024414,111568320,2517622192.260132
2013-05-20,GOOGL,22.461999237099832,22.849189502282673,22.461999237099832,22.54961395263672,90817092,2047890364.9010925
2013-05-21,GOOGL,22.53695693202892,22.627301399622976,22.278582877987063,22.510896682739258,79240680,1783778760.550003
2013-05-22,GOOGL,22.401439231594583,22.56897316740801,22.012262677168437,22.07530403137207,102321576,2258779899.1691437
2013-05-23,GOOGL,21.767045422222573,22.088710557718287,21.692585672410782,21.91075325012207,90912996,1991972222.5853348
2013-05-24,GOOGL,21.723856654566166,21.812216714104352,21.618372801777436,21.67570686340332,91780128,1989399150.4136353
2013-05-28,GOOGL,21.928373656410418,22.142818332332762,21.851431981182916,21.87302589416504,90209700,1973159104.00486
2013-05-29,GOOGL,21.735027563335485,21.791616290609237,21.451584514517684,21.551359176635742,80455464,1733924602.3868866
2013-05-30,GOOGL,21.591316875781764,21.814198568738895,21.50419968240151,21.612165451049805,84743172,1831483454.1107712
2013-05-31,GOOGL,21.54664496296708,21.767044756307556,21.531751500089253,21.623584747314453,78697224,1701716092.542389
2013-06-03,GOOGL,21.667763608599802,21.691837556279665,21.221500795974464,21.53447914123535,98928972,2130383883.9978561
2013-06-04,GOOGL,21.539941669379903,21.607948778081212,21.19792360988117,21.32276725769043,74669256,1592155166.9929047
2013-06-05,GOOGL,21.407403541017107,21.57965354310941,21.27387313744027,21.33765983581543,84187728,1796369102.414154
2013-06-06,GOOGL,21.451830993143734,21.502214895943467,21.0279074105836,21.460269927978516,103060836,2211713359.5631256
2013-06-07,GOOGL,21.60372789277716,21.841503061824437,21.47714765452634,21.834800720214844,106877016,2333638345.9312134
2013-06-10,GOOGL,21.893625840168053,22.1145212518895,21.84373756580034,22.095163345336914,93418488,2064096751.8343964
2013-06-11,GOOGL,21.940037916256504,22.015242998056667,21.82959020651175,21.836788177490234,70233696,1533678342.4742432
2013-06-12,GOOGL,21.97701683304055,21.990419622763735,21.584614930731522,21.642444610595703,88103808,1906781784.6225586
2013-06-13,GOOGL,21.567986597428455,21.833062964357673,21.48161284658013,21.76704216003418,82713204,1800421798.6595078
2013-06-14,GOOGL,21.843982290560916,21.958154764597854,21.695808158832023,21.718393325805664,89710200,1948361408.9366913
2013-06-17,GOOGL,21.822389622322866,22.075551973646224,21.79881130444311,21.996625900268555,85766148,1886565872.463066
2013-06-18,GOOGL,22.05619313050197,22.362720734757772,22.048749237300132,22.353288650512695,86589324,1935556153.4247665
2013-06-19,GOOGL,22.371903974102597,22.60694940381968,22.275852209966704,22.354778289794922,116519364,2604764548.687912
2013-06-20,GOOGL,22.18873437959169,22.3627228671726,21.923657979497374,21.959150314331055,134745120,2958888344.2025757
2013-06-21,GOOGL,22.04850017432734,22.086724141398342,21.66950100918958,21.864585876464844,159132708,3479370759.820404
2013-06-24,GOOGL,21.639963572982126,21.750163452256725,21.4257686347718,21.588090896606445,120555324,2602559292.5818405
2013-06-25,GOOGL,21.773495675504297,21.83355947615863,21.45704224636318,21.49898910522461,102025872,2193453110.5790405
2013-06-26,GOOGL,21.686377039251017,21.791860878063503,21.60744907514038,21.683895111083984,73182744,1586886944.8373108
2013-06-27,GOOGL,21.811719779080576,21.95790762879129,21.758356427900555,21.768781661987305,76982940,1675824812.557869
2013-06-28,GOOGL,21.7149206133961,21.887170601065094,21.697299300616606,21.850685119628906,93878028,2051299229.4797058
2013-07-01,GOOGL,22.001590341261128,22.141325550913013,21.965600489722185,22.03708267211914,68923008,1518862025.307129
2013-07-02,GOOGL,22.094662512303444,22.1145179365892,21.773742785459245,21.898834228515625,75584340,1655208931.9317627
2013-07-03,GOOGL,21.83901657500013,22.069096204725135,21.804267693450953,22.00109100341797,41838120,920484285.5319214
2013-07-05,GOOGL,22.08995107408065,22.223977096175428,22.023680560650334,22.17632293701172,68007924,1508165684.8997498
2013-07-08,GOOGL,22.318291477060974,22.49351901679222,22.26542564859117,22.4642333984375,78701220,1767962574.8217773
2013-07-09,GOOGL,22.610919017018198,22.659318510204326,22.28776325299606,22.46795654296875,79096824,1777144004.3188477
2013-07-10,GOOGL,22.42352901370629,22.614393470957033,22.347332676191026,22.486572265625,68267664,1535105759.9414062
2013-07-11,GOOGL,22.66055996413234,22.85440197212465,22.54936692635721,22.840255737304688,103264632,2358590603.498657
2013-07-12,GOOGL,22.834298422715058,22.90875816345215,22.716155230513298,22.90875816345215,102625272,2351017537.706497
2013-07-15,GOOGL,22.941022768715765,23.032856005706346,22.743953503837947,22.950702667236328,78341580,1797994309.0615082
2013-07-16,GOOGL,23.011261411517975,23.032109986547667,22.682895881871925,22.824617385864258,79240680,1808638202.3957062
2013-07-17,GOOGL,22.85911846326987,23.00456287160023,22.742464045839945,22.798309326171875,60183756,1372087885.6988525
2013-07-18,GOOGL,22.809229383477675,22.8342983726315,22.417075254246104,22.602975845336914,145234620,3282734607.7666855
2013-07-19,GOOGL,22.00556074520759,22.411117654842897,21.732542964805432,22.253511428833008,294077628,6544259855.662102
2013-07-22,GOOGL,22.3875421127821,22.65237069789409,22.26344190248368,22.60347557067871,116011872,2622271514.6607056
2013-07-23,GOOGL,22.60347155905342,22.66055779699623,22.327226530039578,22.432214736938477,81746172,1833747684.2267075
2013-07-24,GOOGL,22.518093258242768,22.59354425842448,22.35527346168667,22.40987777709961,83056860,1861294081.1496735
2013-07-25,GOOGL,22.185751721201534,22.25971393142858,21.992403478762395,22.032611846923828,119923956,2642237973.695572
2013-07-26,GOOGL,22.01499294194717,22.089452680931682,21.8911405608833,21.974288940429688,71036892,1560985190.2380981
2013-07-29,GOOGL,21.963125506027644,22.209337764897366,21.863596754666457,21.89784812927246,75600324,1655484413.475792
2013-07-30,GOOGL,21.977018788914876,22.22894018186793,21.863096011985824,22.11253547668457,70153776,1551277860.6233826
2013-07-31,GOOGL,22.163912641200692,22.251277651232307,21.99488992112372,22.033855438232422,86853060,1913707768.4081268
2013-08-01,GOOGL,22.213799701159257,22.450831424783242,22.213799701159257,22.44264030456543,85450464,1917734027.4102173
2013-08-02,GOOGL,22.423283823424203,22.511643890593696,22.35825615618767,22.5009708404541,68487444,1541033980.3812332
2013-08-05,GOOGL,22.47167788380871,22.474905147036164,22.318042372074984,22.461997985839844,52335612,1175562411.3316956
2013-08-06,GOOGL,22.454305049742334,22.578900871246685,22.231918987790305,22.25276756286621,60183756,1339255133.3282547
2013-08-07,GOOGL,22.214791989318304,22.29942914762144,22.06711347520167,22.1058349609375,55112832,1218315168.421875
2013-08-08,GOOGL,22.22596479663749,22.234651546376462,21.972800523103686,22.155723571777344,59460480,1317389958.3251953
2013-08-09,GOOGL,22.103599311873946,22.226706359988807,22.089700891810022,22.099878311157227,52895052,1168974212.4623337
2013-08-12,GOOGL,22.01275922181168,22.015241150098426,21.88245420333031,21.978260040283203,55024920,1209352000.45578
2013-08-13,GOOGL,22.01102230530148,22.05247164210931,21.74718690047053,21.872526168823242,56735208,1240942321.6736298
2013-08-14,GOOGL,21.80104708134343,21.84721246271656,21.522815720624756,21.58858871459961,83204712,1796272306.4847107
2013-08-15,GOOGL,21.455304925807877,21.467218938081377,21.295464584898145,21.336666107177734,74693232,1593704551.6499634
2013-08-16,GOOGL,21.37687492979373,21.405664919728174,21.259227366615253,21.26841163635254,66936996,1423643584.6288834
2013-08-19,GOOGL,21.28826514534142,21.64294061262872,21.281812510685963,21.485334396362305,72363564,1554755370.652565
2013-08-20,GOOGL,21.552350774112377,21.645674685375603,21.432966615113106,21.479629516601562,49270680,1058315952.4310303
2013-08-21,GOOGL,21.609436095616918,21.76480820914347,21.50643228981997,21.57667350769043,70221708,1515150866.668373
2013-08-22,GOOGL,21.66031385636963,21.71119527305163,21.5995066192121,21.685382843017578,34761204,753810016.824234
2013-08-23,GOOGL,21.787642402060282,21.791860923267574,21.587098065635434,21.598514556884766,43040916,929619850.7676544
2013-08-26,GOOGL,21.593303177003698,21.71491955079278,21.49526322945446,21.50370216369629,42057900,904400555.2305222
2013-08-27,GOOGL,21.3356713897582,21.437680146606088,21.044782610355718,21.10062599182129,69294636,1462160197.4753952
2013-08-28,GOOGL,21.103111572977344,21.231180585198484,21.041557103425443,21.060916900634766,53142804,1119236178.9107208
2013-08-29,GOOGL,21.073823968005016,21.35453726805037,21.0619118463104,21.231679916381836,59080860,1254385908.704567
2013-08-30,GOOGL,21.23986837059348,21.296457094648535,20.986705999325316,21.01996421813965,74389536,1563665384.9240112
2013-09-03,GOOGL,21.20511904951745,21.498737578110063,21.194941630848728,21.354534149169922,81822096,1747272743.1886597
2013-09-04,GOOGL,21.353788730380654,21.680171735639107,21.22522409750825,21.633758544921875,81566352,1764586764.5581055
2013-09-05,GOOGL,21.68017340480464,21.838523078922574,21.63326268982529,21.830581665039062,51600348,1126465610.958435
2013-09-06,GOOGL,21.90206034156604,21.93532044842704,21.68612692000636,21.831077575683594,62401536,1362292773.2578125
2013-09-09,GOOGL,21.93407749888938,22.08349448951535,21.901564619002208,22.04129981994629,49334616,1087399062.7579193
2013-09-10,GOOGL,22.09019813923676,22.139341075394963,21.940781139758144,22.056690216064453,51452496,1134871765.1152954
2013-09-11,GOOGL,22.05346632346459,22.262697429607833,21.99240747918242,22.243337631225586,64359576,1431571778.770523
2013-09-12,GOOGL,22.273369288404176,22.285780822622176,22.08995250213549,22.165651321411133,43776180,970327542.0633316
2013-09-13,GOOGL,22.201393129344034,22.23067875031894,21.961631650161635,22.066619873046875,52962984,1168714035.2702637
2013-09-16,GOOGL,22.243582268642108,22.263437693187413,21.96237338669345,22.034101486206055,53406540,1176765122.387123
2013-09-17,GOOGL,22.025415777468456,22.049739430369808,21.866320775706395,21.99315071105957,50325624,1106819033.2601166
2013-09-18,GOOGL,21.999107632358236,22.43643397052027,21.91769773979485,22.42030143737793,77310612,1733327225.3481674
2013-09-19,GOOGL,22.486571529405143,22.486571529405143,22.223729264872823,22.29793930053711,63852084,1423769893.2447968
2013-09-20,GOOGL,22.29793861285771,22.44040545686471,22.229188064972988,22.415088653564453,173638188,3892115377.6642914
2013-09-23,GOOGL,22.24234224926152,22.37736141196014,21.9705635474011,22.002830505371094,71024904,1562748924.3722534
2013-09-24,GOOGL,22.002831588523,22.092182898883745,21.876249462012325,22.01127052307129,59412528,1307745226.2675476
2013-09-25,GOOGL,22.004073406435765,22.004073406435765,21.73229657236488,21.77275276184082,65894040,1434694641.3988495
2013-09-26,GOOGL,21.79930691459506,21.909756502732105,21.717401392422452,21.79608154296875,50345604,1097336890.1140137
2013-09-27,GOOGL,21.712936136536346,21.779951990419683,21.62582082328671,21.75190544128418,50301648,1094156690.8367615
2013-09-30,GOOGL,21.57046998459882,21.86235195285325,21.551358000896986,21.739990234375,68827104,1496300568.8203125
2013-10-01,GOOGL,21.847707676544097,22.031871677831344,21.842743819863998,22.015241622924805,67324608,1482167512.2886963
2013-10-02,GOOGL,21.9092592581876,22.073815639750862,21.787393177157035,22.039812088012695,59752188,1316926995.367607
2013-10-03,GOOGL,22.040060181616386,22.191461588808476,21.645424129956307,21.744455337524414,84595320,1839479157.5035858
2013-10-04,GOOGL,21.71740341226385,21.779701329141545,21.593305099222015,21.65163230895996,54265680,1174940550.3556824
2013-10-07,GOOGL,21.53001229499974,21.692334562766508,21.44711362218662,21.48756980895996,51692256,1110740959.3826294
2013-10-08,GOOGL,21.47714620497967,21.493526552730305,21.137360398042006,21.1879940032959,77670252,1645676833.6104813
2013-10-09,GOOGL,21.25277485858335,21.41087671896596,20.922670825885383,21.24234962463379,105945948,2250540868.729271
2013-10-10,GOOGL,21.44041294218786,21.564263429402807,21.350316300144385,21.549619674682617,90121788,1942090255.8023758
2013-10-11,GOOGL,21.494768143390896,21.679675582807125,21.476649310346794,21.6426944732666,56299644,1218475994.0456772
2013-10-14,GOOGL,21.51040336997184,21.748426325816183,21.4788817483954,21.744951248168945,49694256,1080599174.034027
2013-10-15,GOOGL,21.736267445037935,21.981238697655378,21.69258399163406,21.89139175415039,63612324,1392562305.075943
2013-10-16,GOOGL,21.987195597717545,22.29645106473784,21.94103021612625,22.289005279541016,80223696,1788106383.6882935
2013-10-17,GOOGL,22.163914288659623,22.260959204489236,21.983720986272996,22.05967140197754,170093736,3752211923.6947174
2013-10-18,GOOGL,24.238605495395394,25.203604532837524,24.17457099086328,25.10308265686035,462193344,11602477717.88269
2013-10-21,GOOGL,25.1043250999855,25.291468551612304,24.808720244114973,24.901796340942383,144986868,3610433459.0470963
2013-10-22,GOOGL,24.943987077792453,25.142545113526264,24.715396198026422,24.99362564086914,88255656,2205828826.7533264
2013-10-23,GOOGL,24.844710524736566,25.68238216860881,24.8355262546281,25.599483489990234,106421472,2724334715.444458
2013-10-24,GOOGL,25.610901422153738,25.82683488024035,25.435424155948123,25.454038619995117,83600316,2127965672.1077957
2013-10-25,GOOGL,25.535198524121565,25.535198524121565,25.086455667320585,25.19715118408203,81138780,2044466106.5519714
2013-10-28,GOOGL,25.197150212053614,25.40141744561016,25.142298084768882,25.19218635559082,46301652,1166439845.7557144
2013-10-29,GOOGL,25.293948019406546,25.73673575702175,25.154958142807956,25.719362258911133,64135800,1649531873.9650726
2013-10-30,GOOGL,25.74889576127432,25.75088206046038,25.465204944667057,25.574907302856445,52911036,1353194840.9981003
2013-10-31,GOOGL,25.537928507909296,25.85041123244233,25.414821456636865,25.578882217407227,65534400,1676296698.7884521
2013-11-01,GOOGL,25.608911752775438,25.7134024361951,25.44286471410782,25.491016387939453,51280668,1307196348.3724823
2013-11-04,GOOGL,25.60171568013485,25.6233095922166,25.366672142487385,25.467937469482422,45506448,1158955372.1222534
2013-11-05,GOOGL,25.324971841980233,25.60543539112851,25.252248700586406,25.35401153564453,47208744,1196931039.9592896
2013-11-06,GOOGL,25.455283123944426,25.490030125748323,25.20137538607852,25.384544372558594,36479484,926015080.2860413
2013-11-07,GOOGL,25.381067879657284,25.413830469261733,25.009512608025613,25.017208099365234,67116816,1679075352.8388062
2013-11-08,GOOGL,25.03706353067651,25.279057222615354,25.03085870973298,25.21775245666504,51580368,1300740951.8476868
2013-11-11,GOOGL,25.055923745033677,25.21526654845575,25.018445119079196,25.082727432250977,44459496,1115165419.9432526
2013-11-12,GOOGL,25.010999323013245,25.2557227190803,24.94398537571894,25.11226463317871,48675276,1222346412.0050125
2013-11-13,GOOGL,24.987427048071467,25.63522554233791,24.981222226610207,25.62579345703125,63112824,1617316192.3139648
2013-11-14,GOOGL,25.661777282659163,25.80647633353063,25.57316942627319,25.694290161132812,46621332,1197902032.1065063
2013-11-15,GOOGL,25.685360158649914,25.763047167279666,25.572180816615933,25.65284538269043,51000948,1308319433.4146347
2013-11-18,GOOGL,25.707201564167963,26.029612009932922,25.54562461953798,25.60295867919922,70317612,1800338914.4559631
2013-11-19,GOOGL,25.607175394687157,25.682380468630278,25.391987298189825,25.445350646972656,45218736,1150606593.3328857
2013-11-20,GOOGL,25.56324637428415,25.647881647925868,25.325223382091593,25.373620986938477,38509452,977124239.4626999
2013-11-21,GOOGL,25.49002719815446,25.770740490428324,25.465207914002235,25.665504455566406,43628328,1119743046.6729126
2013-11-22,GOOGL,25.64936723215091,25.71762214784023,25.545124358365268,25.611392974853516,50117832,1283587490.3996887
2013-11-25,GOOGL,25.742193645724033,26.140056943030057,25.689080005023662,25.959863662719727,64455480,1673255473.115158
2013-11-26,GOOGL,26.026138407677372,26.346314757686052,25.885657846573253,26.269620895385742,91360548,2400006960.754692
2013-11-27,GOOGL,26.359466848313613,26.50764099335405,26.309082947550067,26.386272430419922,44899056,1184718723.4846802
2013-11-29,GOOGL,26.36269299978504,26.473388509761836,26.295429341157572,26.298904418945312,47664288,1253518554.309082
2013-12-02,GOOGL,26.39619982438061,26.46668696501481,26.079746405689445,26.172075271606445,54873072,1436142170.76828
2013-12-03,GOOGL,26.084462056980417,26.394462835921498,26.0365600857933,26.141796112060547,66976956,1750897927.9584503
2013-12-04,GOOGL,26.09488757873674,26.407865940993414,26.0608840243564,26.263912200927734,47616336,1250591268.0338745
2013-12-05,GOOGL,26.23958218907255,26.300641022896052,26.08793487505244,26.243059158325195,45302652,1188880176.4650192
2013-12-06,GOOGL,26.552067945446762,26.55727961613141,26.311065537623247,26.554052352905273,57094848,1516099582.873169
2013-12-09,GOOGL,26.58185382921936,26.862814930272474,26.508137530045918,26.759315490722656,59244696,1585347511.4159546
2013-12-10,GOOGL,26.709925174042095,27.11101388455201,26.697513640302258,26.921142578125,74081844,1994367884.774414
2013-12-11,GOOGL,26.98914655453061,27.086441170286303,26.685600292694126,26.738218307495117,68403528,1828988464.6668549
2013-12-12,GOOGL,26.79481021413088,26.878454234227313,26.532465444115644,26.556291580200195,63796140,1694188895.531273
2013-12-13,GOOGL,26.691308347681936,26.713395995161743,26.256711750468153,26.32868766784668,86409504,2275048842.3495483
2013-12-16,GOOGL,26.40836295151327,26.673687147954478,26.358970306855785,26.631244659423828,64015920,1704823627.618103
2013-12-17,GOOGL,26.627272895194363,26.8243421618701,26.51707300980028,26.55380630493164,61366572,1629516066.4856415
2013-12-18,GOOGL,26.603195983103866,26.92833803237196,26.285253795594556,26.92337417602539,88323588,2377969008.293106
2013-12-19,GOOGL,26.824587188691766,27.103068213906525,26.782642226888047,26.959857940673828,66561372,1794485133.4563446
2013-12-20,GOOGL,27.01148608537141,27.33091706997861,27.004038408705817,27.3172664642334,130333536,3560355932.1377563
2013-12-23,GOOGL,27.496467225398447,27.694032128982883,27.42895763862156,27.676658630371094,68795136,1904019494.5019531
2013-12-24,GOOGL,27.67343019815319,27.680132539505777,27.50291869937912,27.595745086669922,29338632,809621409.863617
2013-12-26,GOOGL,27.649602985908352,27.77345347171882,27.517561380446757,27.735231399536133,53458488,1482683534.9493256
2013-12-27,GOOGL,27.798274830734208,27.805223094632463,27.623045403863653,27.758562088012695,62725212,1741161691.785759
2013-12-30,GOOGL,27.806714711751923,27.81068541864521,27.52575362113495,27.536672592163086,49394556,1360161716.4072647
2013-12-31,GOOGL,27.605674638480703,27.823096866063906,27.45725077803751,27.815898895263672,54261684,1509337516.0307465
2014-01-02,GOOGL,27.68559138397428,27.742429810058674,27.506888769367073,27.627513885498047,72783144,2010817321.4902039
2014-01-03,GOOGL,27.67417236577445,27.722074332555323,27.424237299308317,27.425973892211914,66601332,1826606392.618538
2014-01-06,GOOGL,27.624781693206405,27.76997637237877,27.461714105759174,27.731754302978516,70701228,1960669083.814865
2014-01-07,GOOGL,27.922375948278628,28.286981072782318,27.82706762618986,28.266380310058594,102001896,2883224384.6830444
2014-01-08,GOOGL,28.44359203895862,28.476354626927172,28.12813176948302,28.3252010345459,89610300,2538229762.2659683
2014-01-09,GOOGL,28.38005513292329,28.399414931326877,27.93627611520823,28.052433013916016,83296620,2336672852.835617
2014-01-10,GOOGL,28.271840672858414,28.271840672858414,27.854120024711452,28.05094337463379,85654260,2402682797.05616
2014-01-13,GOOGL,27.958859742135772,28.466177612906723,27.728034736174827,27.87224006652832,96659244,2694109653.417137
2014-01-14,GOOGL,28.24379243953216,28.567693550033937,27.99906900571754,28.52798080444336,99204696,2830109663.198639
2014-01-15,GOOGL,28.617082598404565,28.666970868986922,28.388739527071916,28.50861930847168,77929992,2221676474.6402435
2014-01-16,GOOGL,28.520534061288114,28.739692868872094,28.49323285016485,28.69725227355957,67288644,1930999192.0137405
2014-01-17,GOOGL,28.712887353390823,28.806706891140415,28.3989177496034,28.556026458740234,107943948,3082450235.14888
2014-01-21,GOOGL,28.81415351770827,28.890351745169596,28.575139276315923,28.882905960083008,79116804,2285123209.794319
2014-01-22,GOOGL,28.955133436717656,28.98690287846678,28.762780192944042,28.91567039489746,62793144,1815705854.9633331
2014-01-23,GOOGL,28.79107428488172,28.852874682804394,28.65133717037708,28.793556213378906,77886036,2242615955.803253
2014-01-24,GOOGL,28.5679373611513,28.6309806029027,27.872732675811378,27.893333435058594,155544300,4338649023.822784
2014-01-27,GOOGL,27.949676914459715,27.959604627453533,26.86182052248611,27.33240509033203,173969856,4755014577.69873
2014-01-28,GOOGL,27.558021168522725,27.94099295068653,27.548589083552987,27.87298583984375,88319592,2461730737.1967773
2014-01-29,GOOGL,27.776433717608707,27.841709187075764,27.287482503525638,27.473630905151367,95100804,2612764387.8791428
2014-01-30,GOOGL,28.418774490730804,28.604675089999805,27.978220848645538,28.180253982543945,203452344,5733338727.263901
2014-01-31,GOOGL,29.072776109200102,29.44979084936362,28.570917728974514,29.31154441833496,222429348,6519747713.843285
2014-02-03,GOOGL,29.267613244519072,29.330158971987423,28.096362539181502,28.131607055664062,182581236,5136303586.889465
2014-02-04,GOOGL,28.2447858580695,28.66697284930609,28.22046409486662,28.249006271362305,112363524,3174157894.148369
2014-02-05,GOOGL,28.378567959549283,28.561986642332055,27.997334651616587,28.374099731445312,95684220,2714953601.005554
2014-02-06,GOOGL,28.57091841405711,28.795042973467673,28.48206273168776,28.79007911682129,77786136,2239469009.6318207
2014-02-07,GOOGL,28.980446002493398,29.235344942719692,28.80496876330581,29.223928451538086,105342552,3078523202.5504303
2014-02-10,GOOGL,29.083945351349378,29.347037319264352,29.01494698759337,29.11199378967285,77730192,2262880866.7740784
2014-02-11,GOOGL,29.29168812132613,29.58207939468342,29.09412134061327,29.54013442993164,81949968,2420813071.248596
2014-02-12,GOOGL,29.51084815607859,29.535667439016507,29.32172030163621,29.453514099121094,68911020,2029671699.1548157
2014-02-13,GOOGL,29.30608291924008,29.78138542175293,29.27902952293578,29.78138542175293,73382544,2185433826.092743
2014-02-14,GOOGL,29.674906327837864,29.892826058766044,29.605162631041416,29.853361129760742,87380532,2608602577.5066147
2014-02-18,GOOGL,29.81886385698503,30.10330003951815,29.783867153250217,30.05390739440918,84271644,2532692184.750618
2014-02-19,GOOGL,29.915412239829898,30.012706856707286,29.72181615574576,29.84194564819336,84059856,2508509653.9469604
2014-02-20,GOOGL,29.861803674775214,29.95487788658461,29.789330226499168,29.885879516601562,67963968,2031162959.118164
2014-02-21,GOOGL,29.977710047038343,30.028839283614346,29.854355183243467,29.877933502197266,74417508,2223441355.423233
2014-02-24,GOOGL,29.916898722524923,30.284233544230375,29.91044608773142,30.094362258911133,66905028,2013464149.5745926
2014-02-25,GOOGL,30.179494210084332,30.39195256221088,30.042488745794305,30.280263900756836,57490452,1740826058.3337936
2014-02-26,GOOGL,30.37954345669769,30.50066420419496,30.1253879493687,30.284482955932617,79208712,2398794888.5253754
2014-02-27,GOOGL,30.240303410363175,30.38525218029641,30.206052044214488,30.260656356811523,50349600,1523611943.3029175
2014-02-28,GOOGL,30.28870313596101,30.38425926495747,29.93824616643327,30.172298431396484,92451456,2789472920.849121
2014-03-03,GOOGL,29.951401406427834,29.97845480283681,29.588780715270545,29.850631713867188,84107808,2510671200.8686523
2014-03-04,GOOGL,30.156164777879397,30.18098406092571,30.019656829411026,30.1539306640625,58649292,1768506684.4643555
2014-03-05,GOOGL,30.15740439726715,30.35670966306812,30.067059940950788,30.237075805664062,49362588,1492580315.3197632
2014-03-06,GOOGL,30.33685463660486,30.432908291705967,30.2455170237711,30.270586013793945,50673276,1533909759.7587204
2014-03-07,GOOGL,30.449041998789877,30.453758041238846,30.067808704503566,30.150955200195312,60543396,1825441220.463684
2014-03-10,GOOGL,30.173291971427865,30.221691467503785,29.885380706828656,30.071035385131836,48535416,1459510211.9680939
2014-03-11,GOOGL,30.125638907841207,30.13928951469697,29.700474337242582,29.783620834350586,68451480,2038732925.8701324
2014-03-12,GOOGL,29.694517686998587,29.97870607271791,29.3914670226494,29.965055465698242,78493428,2352059923.7127914
2014-03-13,GOOGL,29.98118664869161,30.0444777155504,29.40561382379832,29.512338638305664,93730176,2766196694.73999
2014-03-14,GOOGL,29.336857991598812,29.55725964318506,29.102062291768057,29.108762741088867,91664244,2668232730.4372787
2014-03-17,GOOGL,29.268856072823738,29.711146312559865,29.2405598186708,29.587791442871094,86397516,2556311684.5901184
2014-03-18,GOOGL,29.651577479187,30.07004157503733,29.61161691898944,30.063339233398438,72527400,2180415829.916382
2014-03-19,GOOGL,30.07674457864477,30.081460621299144,29.645127360792056,29.765254974365234,64451484,1918414854.7362213
2014-03-20,GOOGL,29.782626996026934,30.02238847395373,29.66870420957161,29.713380813598633,67320612,2000322980.960518
2014-03-21,GOOGL,29.940477886311616,30.02287903235638,29.348275099965317,29.362918853759766,128211660,3764668568.685837
2014-03-24,GOOGL,29.391463698326827,29.409085010689118,28.442351249618213,28.73969268798828,121362516,3487921413.681061
2014-03-25,GOOGL,28.939985326623187,29.0352936293682,28.4684095604807,28.75929832458496,96311592,2769853806.4437103
2014-03-26,GOOGL,28.840957994152628,29.0782375249868,28.083705032819942,28.095369338989258,103096800,2896542673.6679077
2014-03-27,GOOGL,28.0675695127916,28.094622908189276,27.353998138442744,27.65630531311035,152735112,4224088889.5041046
2014-03-28,GOOGL,27.773454072125713,28.125649524175422,27.742925598271775,27.801998138427734,90265644,2509565266.4519806
2014-03-31,GOOGL,28.05640031606276,28.17057090148872,27.62081057998747,27.662012100219727,77614308,2146967927.0461807
2014-04-01,GOOGL,27.804974382030128,28.232620810261857,27.74863347895432,28.167842864990234,87152760,2454905248.9302063
2014-04-02,GOOGL,28.341832469006302,28.41381028356368,27.897555939792426,28.173057556152344,83360556,2348521742.1008606
2014-04-03,GOOGL,28.434489952841982,29.173879480171063,28.06851524409649,28.34076499938965,80366000,2277633919.9409485
2014-04-04,GOOGL,28.690375016760676,28.748395767589045,27.001335741024032,27.039024353027344,107274000,2900584298.4466553
2014-04-07,GOOGL,27.016212615478896,27.26713898300471,26.309057864607045,26.809917449951172,79232000,2124203379.3945312
2014-04-08,GOOGL,27.029105136896206,27.764525836225953,27.011748664335183,27.646997451782227,69650000,1925613372.516632
2014-04-09,GOOGL,28.06008312416336,28.15727936958271,27.541369576426455,28.119590759277344,60632000,1704947026.916504
2014-04-10,GOOGL,28.167193796583973,28.177607678606684,27.051415858316634,27.110427856445312,65890000,1786306091.4611816
2014-04-11,GOOGL,26.67651619924681,27.155061070722358,26.451377700897524,26.667591094970703,63494000,1693232028.9840698
2014-04-14,GOOGL,26.96017631645483,27.42433854795398,26.80446179234138,27.036544799804688,50824000,1374105352.9052734
2014-04-15,GOOGL,27.32416489211448,27.41789173470295,26.31451004489112,27.210107803344727,79956000,2175611379.524231
2014-04-16,GOOGL,27.656418418017847,27.968836797085075,27.428304251841432,27.963876724243164,91644000,2562721518.5165405
2014-04-17,GOOGL,27.58798362521112,27.621705310166238,26.748917883122484,26.944303512573242,112294000,3025683618.6408997
2014-04-21,GOOGL,26.977037590505887,26.977037590505887,26.48113617811948,26.747434616088867,48502000,1297304073.7495422
2014-04-22,GOOGL,26.5803153911625,27.17539747430783,26.5803153911625,27.051422119140625,46622000,1261191402.0385742
2014-04-23,GOOGL,26.960672980394165,27.016709326706483,26.190041744490422,26.655197143554688,39114000,1042591381.072998
2014-04-24,GOOGL,26.862480307314815,26.902648953349402,26.332361628989286,26.502952575683594,41348000,1095844083.0993652
2014-04-25,GOOGL,26.394847185456793,26.474191328997914,25.910846585656433,25.940601348876953,47400000,1229584503.9367676
2014-04-28,GOOGL,26.074495351225767,26.07945353264948,25.340559647416576,25.934650421142578,75056000,1946551122.0092773
2014-04-29,GOOGL,25.979778598792976,26.6675943600227,25.935643025804282,26.5966796875,50704000,1348558046.875
2014-04-30,GOOGL,26.536675306320323,26.597174200518037,26.237646454736083,26.52477264404297,40770000,1081414980.6976318
2014-05-01,GOOGL,26.493527844523243,26.774208932071726,26.424597590785446,26.705774307250977,40086000,1070527668.8804626
2014-05-02,GOOGL,26.85008684145745,26.897693710466534,26.444934717583457,26.474689483642578,35616000,942922540.6494141
2014-05-05,GOOGL,26.29467538208267,26.566429520002217,26.162766182701304,26.547090530395508,24568000,652208920.1507568
2014-05-06,GOOGL,26.451874992501995,26.508408853895983,25.898946019878665,25.914318084716797,36700000,951055473.7091064
2014-05-07,GOOGL,25.948041638970604,26.006558020444572,25.34502572155836,25.687692642211914,61486000,1579433469.7990417
2014-05-08,GOOGL,25.574625472892016,26.15135978115987,25.51214217093092,25.79530143737793,49040000,1265001582.4890137
2014-05-09,GOOGL,25.719926130580514,26.15135980526697,25.503217089425334,26.115158081054688,45224000,1181031909.0576172
2014-05-12,GOOGL,26.37401790387645,26.71668669377473,26.159293273455155,26.700817108154297,38968000,1040477441.0705566
2014-05-13,GOOGL,26.75784716302876,26.976538721537537,26.674536093120654,26.855043411254883,40240000,1080646946.8688965
2014-05-14,GOOGL,26.868928344189378,26.868928344189378,26.43699904161931,26.501466751098633,25618000,678914575.2296448
2014-05-15,GOOGL,26.438486406308606,26.481135091319185,26.05019514720072,26.239133834838867,36658000,961874168.1175232
2014-05-16,GOOGL,26.262934975289845,26.324427014940426,25.963906144191405,26.198469161987305,38154000,999576392.4064636
2014-05-19,GOOGL,26.22723219489297,26.74644137402414,26.067552648100254,26.720653533935547,39530000,1056267434.1964722
2014-05-20,GOOGL,26.77867471410419,27.093571260332705,26.608581281083023,26.798015594482422,48506000,1299864544.4259644
2014-05-21,GOOGL,26.922485785435374,27.262177012609836,26.883308396842846,27.25969886779785,31294000,853065016.368866
2014-05-22,GOOGL,27.383671535795187,27.669310802468868,27.324162015274503,27.544837951660156,42994000,1184262762.8936768
2014-05-23,GOOGL,27.677744673105394,28.01842907075316,27.48136776431151,27.958921432495117,53450000,1494404350.566864
2014-05-27,GOOGL,28.15628916667293,28.507883071899414,27.97627747597272,28.507883071899414,43716000,1246250616.3711548
2014-05-28,GOOGL,28.493005108092053,28.646237691673583,28.263897784443962,28.288692474365234,31632000,894827920.3491211
2014-05-29,GOOGL,28.434489960386376,28.43895251291948,28.18951493262688,28.29414939880371,28222000,798517484.3330383
2014-05-30,GOOGL,28.347704215439517,28.394317926272382,28.057600501110798,28.34819984436035,37434000,1061186512.9737854
2014-06-02,GOOGL,28.253981539249427,28.28671196997527,27.606830060203773,27.985698699951172,33210000,929405053.8253784
2014-06-03,GOOGL,27.81510903095085,27.889494996110066,27.4000386747785,27.498228073120117,40626000,1117143013.698578
2014-06-04,GOOGL,27.34995334901545,27.700060361821972,27.203165828030752,27.461034774780273,34582000,949657504.5814514
2014-06-05,GOOGL,27.627159915904006,28.01842681501308,27.525005491932912,28.014955520629883,35868000,1004840424.6139526
2014-06-06,GOOGL,28.17513330430059,28.206870583514736,27.749649079418546,28.06950569152832,34804000,976931076.0879517
2014-06-09,GOOGL,28.105209832537383,28.36555880908541,28.029336983283695,28.302579879760742,30594000,865889128.8414001
2014-06-10,GOOGL,28.205878949741486,28.365560395752205,28.074465381705654,28.182077407836914,29676000,836331329.1549683
2014-06-11,GOOGL,28.06404786155698,28.215297919963326,27.95296644687328,28.14240074157715,22580000,635455408.744812
2014-06-12,GOOGL,28.117609719530556,28.117609719530556,27.629146538530613,27.745683670043945,30930000,858173995.9144592
2014-06-13,GOOGL,27.77444080528949,27.802706787014703,27.459048670958566,27.787830352783203,27066000,752105416.3284302
2014-06-16,GOOGL,27.634106312501807,27.670803668915244,27.274578533966864,27.388635635375977,39436000,1080098234.916687
2014-06-17,GOOGL,27.391607470194874,27.46004209981176,27.149112492825086,27.305320739746094,29552000,806926838.5009766
2014-06-18,GOOGL,27.41342925412438,27.83990476807113,27.3529303567861,27.80320930480957,41212000,1145825861.869812
2014-06-19,GOOGL,27.827507318129268,28.018428520828685,27.60534257236536,28.017932891845703,52548000,1472286337.600708
2014-06-20,GOOGL,28.090332111456092,28.10619980444552,27.73923386593249,28.09380340576172,63212000,1775865500.8850098
2014-06-23,GOOGL,27.98619829776284,28.486562288099876,27.94404523788571,28.479124069213867,34456000,981276698.928833
2014-06-24,GOOGL,28.475648865902965,28.873856469875015,28.224722515772214,28.392337799072266,56886000,1615126528.038025
2014-06-25,GOOGL,28.442425274154747,29.124289716035936,28.42804446614033,29.056350708007812,42294000,1228909296.8444824
2014-06-26,GOOGL,29.223466033389176,29.238342468198024,28.742441129625952,28.998823165893555,40248000,1167144634.7808838
2014-06-27,GOOGL,29.03254809656342,29.15305215829572,28.89220941548035,29.044450759887695,40426000,1174150966.41922
2014-06-30,GOOGL,29.097507261059505,29.144618495142275,28.9254294303052,28.993864059448242,29578000,857580511.1503601
2014-07-01,GOOGL,29.141647619957382,29.439685245984016,29.074206129338748,29.332073211669922,32864000,963969254.0283203
2014-07-02,GOOGL,29.370254443072984,29.463979390331993,29.21404430592776,29.296859741210938,23916000,700663697.5708008
2014-07-03,GOOGL,29.342486457898875,29.468941851163496,29.208594737634936,29.410921096801758,17978000,528749539.478302
2014-07-07,GOOGL,29.43224537873588,29.538366736589406,29.156026795774228,29.29587173461914,26734000,783195834.9533081
2014-07-08,GOOGL,29.078173418238457,29.157517573423984,28.464743575587217,28.682939529418945,42504000,1219139661.7584229
2014-07-09,GOOGL,28.710213906883396,28.965602844128636,28.613513278056825,28.928905487060547,27456000,794272029.0527344
2014-07-10,GOOGL,28.415147416838753,29.022627715027394,28.370516218978825,28.764263153076172,28724000,826224694.80896
2014-07-11,GOOGL,28.811868881914183,29.17040725278353,28.791041115146363,29.09205436706543,30232000,879510987.6251221
2014-07-14,GOOGL,29.28793806056393,29.499191411231383,29.094039291926368,29.469436645507812,39032000,1150251051.147461
2014-07-15,GOOGL,29.51357057584984,29.521008793938115,29.025603038751452,29.409927368164062,33476000,984526728.5766602
2014-07-16,GOOGL,29.599858622431412,29.60531432485186,29.27058125405066,29.288928985595703,28816000,843989777.6489258
2014-07-17,GOOGL,29.20710312516619,29.233386594335425,28.60607165420671,28.80294418334961,58706000,1690905641.2277222
2014-07-18,GOOGL,29.90334752649718,30.08633487270341,29.30380295849071,30.007488250732422,97432000,2923689595.2453613
2014-07-21,GOOGL,29.821027157103543,29.96037645184753,29.478855903095464,29.676721572875977,44758000,1328270704.158783
2014-07-22,GOOGL,29.739205559771634,30.1949382800524,29.717384643543838,29.93111801147461,37632000,1126367833.0078125
2014-07-23,GOOGL,29.855744811639255,30.10369551260775,29.82102997312704,30.011457443237305,22120000,663853438.6444092
2014-07-24,GOOGL,30.028317419304035,30.195930817080193,29.803672637886557,29.903348922729492,27100000,810380755.8059692
2014-07-25,GOOGL,29.7168914492065,29.803673817126935,29.543326713365637,29.658870697021484,27200000,806721282.9589844
2014-07-28,GOOGL,29.642509267029144,29.808635795049852,29.386622807923064,29.705488204956055,27162000,806860470.6230164
2014-07-29,GOOGL,29.64002259881281,29.679198092436916,29.36578846830373,29.454059600830078,27332000,805038357.0098877
2014-07-30,GOOGL,29.5463018171636,29.67721975591195,29.392076073841675,29.527952194213867,24302000,717588294.2237854
2014-07-31,GOOGL,29.206605746540667,29.356864551135928,28.647229843214344,28.73996353149414,46190000,1327498915.5197144
2014-08-01,GOOGL,28.690376912111084,28.93237629461598,28.281257855352084,28.44490623474121,44266000,1259142219.3870544
2014-08-04,GOOGL,28.589210027782713,28.951713425549933,28.378452326369842,28.874849319458008,30388000,877448921.11969
2014-08-05,GOOGL,28.731531327595047,28.77219560015595,28.281748076504464,28.422088623046875,32876000,934404585.5712891
2014-08-06,GOOGL,28.241583411270337,28.694836098338165,28.139922722356676,28.489038467407227,26456000,753706001.6937256
2014-08-07,GOOGL,28.566396476994793,28.678471042508324,28.23811041024397,28.35613441467285,23260000,659563686.4852905
2014-08-08,GOOGL,28.366548788371837,28.740459207463918,28.217778762070424,28.66012191772461,29866000,855963201.1947632
2014-08-11,GOOGL,28.71269024421877,28.746907560014517,28.52920537423355,28.625905990600586,24068000,688968305.3817749
2014-08-12,GOOGL,28.514328251048838,28.558959449197285,28.261915018304162,28.371509552001953,27890000,791281401.4053345
2014-08-13,GOOGL,28.586238294167458,29.066270139119453,28.524250615125126,28.988414764404297,37988000,1101211900.0701904
2014-08-14,GOOGL,29.094037315353177,29.14908239858822,28.807902386667948,28.992874145507812,25458000,738100589.9963379
2014-08-15,GOOGL,29.13420596934688,29.23189784470199,28.799968546374934,28.946258544921875,34468000,997719639.5263672
2014-08-18,GOOGL,29.114367245923276,29.50860979530068,29.087092520859464,29.392072677612305,29320000,861775570.9075928
2014-08-19,GOOGL,29.535390140859665,29.645480310690683,29.478362539998333,29.610767364501953,20864000,617799050.2929688
2014-08-20,GOOGL,29.60283294241242,29.60481735003339,29.406951668886453,29.526464462280273,19346000,571218981.4872742
2014-08-21,GOOGL,29.50117317080871,29.51852964299436,29.3127301215691,29.378189086914062,22640000,665122200.9277344
2014-08-22,GOOGL,29.42033984540451,29.505635318280785,29.248262012790846,29.384140014648438,17544000,515515352.4169922
2014-08-25,GOOGL,29.494725168254462,29.534891921485016,29.221482283587783,29.28644561767578,25912000,758870378.8452148
2014-08-26,GOOGL,29.357361296947136,29.359841333461283,29.131725266999528,29.16495132446289,29434000,858441177.2842407
2014-08-27,GOOGL,29.149576943738666,29.22693856980229,28.806910057645243,28.911048889160156,27292000,789040346.282959
2014-08-28,GOOGL,28.763270323861637,28.995848940960354,28.657147084060252,28.778148651123047,28116000,809126427.4749756
2014-08-29,GOOGL,28.87881879360627,28.906093522379642,28.675003663021464,28.879314422607422,24122000,696626822.5021362
2014-09-02,GOOGL,28.908570386631137,29.223468826076644,28.881297550779795,29.190242767333984,31660000,924163086.013794
2014-09-03,GOOGL,29.343971441221726,29.48084070132436,29.084615619277187,29.234376907348633,31580000,923221622.7340698
2014-09-04,GOOGL,29.363807737895346,29.65490083627765,29.287934890640265,29.41389274597168,32616000,959363525.8026123
2014-09-05,GOOGL,29.512577912465716,29.67969567214582,29.43422502835408,29.643991470336914,35982000,1066650101.0856628
2014-09-08,GOOGL,29.71143543186433,29.928640095891037,29.655892828806575,29.83491325378418,31984000,954239865.5090332
2014-09-09,GOOGL,29.76747215869957,29.78383737327986,29.281984665384265,29.355873107910156,31424000,922478956.5429688
2014-09-10,GOOGL,29.34446908010744,29.442658479601924,29.116354892120892,29.427780151367188,23202000,682783355.0720215
2014-09-11,GOOGL,29.258179712245948,29.354880324364593,29.061802822629286,29.31322479248047,30028000,880217514.0686035
2014-09-12,GOOGL,29.27752165732674,29.33157358992711,28.92493461859367,29.005271911621094,37030000,1074065218.887329
2014-09-15,GOOGL,28.873359819260102,28.95667088314293,28.61400400251624,28.84360694885254,30908000,891498203.5751343
2014-09-16,GOOGL,28.809392058490346,29.26562043245229,28.809392058490346,29.197681427001953,31592000,922413151.6418457
2014-09-17,GOOGL,29.23388340187718,29.559193841014647,29.11536375477926,29.42133331298828,34390000,1011799652.633667
2014-09-18,GOOGL,29.508609869067882,29.633080833434292,29.4079404438616,29.61870002746582,29890000,885302943.8209534
2014-09-19,GOOGL,29.7287921438991,30.021869659423828,29.643001039659282,30.021869659423828,83832000,2516793377.2888184
2014-09-22,GOOGL,29.878055838973754,29.942523543077876,29.412900516638416,29.61870002746582,35644000,1055728943.7789917
2014-09-23,GOOGL,29.506130468479643,29.587954645638778,29.270080562110437,29.316696166992188,28074000,823036928.1921387
2014-09-24,GOOGL,29.336040404344836,29.7595402531847,29.273059578478932,29.675731658935547,35160000,1043398725.1281738
2014-09-25,GOOGL,29.604816893609435,29.65837319798615,28.99733657304208,29.022628784179688,33420000,969936253.9672852
2014-09-26,GOOGL,29.056347527196074,29.236856726265398,29.010229442454655,29.154041290283203,25782000,751649492.5460815
2014-09-29,GOOGL,28.853025505688645,29.223960233619778,28.840133478950868,29.149574279785156,22874000,666767362.0758057
2014-09-30,GOOGL,29.133708371239695,29.30776871413159,28.985433975115175,29.179330825805664,31430000,917106367.855072
2014-10-01,GOOGL,29.099493549442336,29.194707281658815,28.664091057029133,28.743932723999023,28954000,832251828.0906677
2014-10-02,GOOGL,28.66309715471953,28.92295048670656,28.46721589785994,28.805917739868164,30726000,885090628.4751892
2014-10-03,GOOGL,28.965600970960747,29.17338302390062,28.935846205663754,29.072219848632812,24290000,706164220.123291
2014-10-06,GOOGL,29.255700489576054,29.377197685997793,29.030066352260903,29.148090362548828,25722000,749747180.305481
2014-10-07,GOOGL,29.005274290200713,29.052383637764162,28.46969985961914,28.46969985961914,30914000,880112301.4602661
2014-10-08,GOOGL,28.503916210512287,28.9948594218823,28.14934663888775,28.9477481842041,44158000,1278274664.3180847
2014-10-09,GOOGL,28.84211966893014,28.88774212651552,28.218276023570677,28.306547164916992,48234000,1365337995.9526062
2014-10-10,GOOGL,28.14091722667772,28.525735301043337,27.523023000035742,27.531949996948242,59574000,1640188389.1181946
2014-10-13,GOOGL,27.528975488307264,27.814119180226058,26.99836112568548,27.01422882080078,55116000,1488916235.6872559
2014-10-14,GOOGL,27.281517818037237,27.702537595023156,27.00182985520658,27.209611892700195,52198000,1420287321.5751648
2014-10-15,GOOGL,26.88182241112267,26.97306732781607,26.204420558201,26.814876556396484,76720000,2057237329.4067383
2014-10-16,GOOGL,26.134002071127014,26.82776721169738,26.032341384223656,26.62593650817871,76100000,2026233768.2724
2014-10-17,GOOGL,26.80098876252701,26.94976068761341,25.708022849074695,25.934154510498047,119930000,3110283150.444031
2014-10-20,GOOGL,25.8091880209573,26.439480560491823,25.744226570573385,26.400798797607422,54964000,1451093505.1116943
2014-10-21,GOOGL,26.64329588363718,26.717679960774372,26.292693220421626,26.680984497070312,49190000,1312437627.4108887
2014-10-22,GOOGL,26.830740777520305,27.312261293723942,26.7900765059411,26.91206932067871,59474000,1600568410.7780457
2014-10-23,GOOGL,27.18927945488832,27.641542768563745,27.051418936695736,27.45557975769043,43026000,1181303774.6543884
2014-10-24,GOOGL,27.521536826483743,27.52252808448404,27.034560524986265,27.220027923583984,43508000,1184288974.899292
2014-10-27,GOOGL,27.163495163002075,27.472937904364652,27.135724806088536,27.268625259399414,31934000,870796279.0336609
2014-10-28,GOOGL,27.359378065056774,27.730806610836048,27.29590160854592,27.717914581298828,34774000,963862761.6500854
2014-10-29,GOOGL,27.81262640815117,28.01693903299254,27.571122695902105,27.69361114501953,41066000,1137265835.281372
2014-10-30,GOOGL,27.68369687031512,27.8944545933443,27.380205446478897,27.78386878967285,32250000,896029768.4669495
2014-10-31,GOOGL,28.182078539636127,28.203401937436393,28.009007537032442,28.16075325012207,46810000,1318204859.638214
2014-11-03,GOOGL,27.94553292914982,28.125049000344365,27.8513104490236,27.957433700561523,30834000,862039510.723114
2014-11-04,GOOGL,27.828001216746696,28.00801289548627,27.68617377617268,27.97825813293457,27726000,775725184.9937439
2014-11-05,GOOGL,28.107194202607097,28.11264801292191,27.48037490055596,27.569637298583984,32906000,907206484.9472046
2014-11-06,GOOGL,27.547319945256252,27.611787651210893,27.303336190583288,27.358381271362305,33014000,903209599.2927551
2014-11-07,GOOGL,27.55227989595601,27.55227989595601,27.24234154985563,27.36482810974121,31782000,869708966.9837952
2014-11-10,GOOGL,27.393594316966404,27.801720202823095,27.354912554720418,27.68270492553711,26090000,722241771.5072632
2014-11-11,GOOGL,27.69708487192117,27.894453033839273,27.584019037816113,27.834449768066406,21966000,611411523.6053467
2014-11-12,GOOGL,27.827506693286914,27.832464874719058,27.547321203673196,27.68369483947754,21882000,605774610.4774475
2014-11-13,GOOGL,27.810647882008972,27.811143511017043,27.477401692349897,27.59393882751465,30220000,833888831.3674927
2014-11-14,GOOGL,27.671297410927586,27.671297410927586,27.399047651517506,27.531949996948242,28502000,784715638.8130188
2014-11-17,GOOGL,27.53195141945063,27.53195141945063,26.99885701493591,27.107955932617188,33612000,911152614.8071289
2014-11-18,GOOGL,27.17192477327861,27.412932881518273,26.96711839003057,27.00232696533203,36440000,983964794.6166992
2014-11-19,GOOGL,27.014227817188026,27.186305662305408,26.738506761808438,27.135725021362305,30346000,823460711.4982605
2014-11-20,GOOGL,26.882318225797246,27.04546907156128,26.85306098212415,26.965133666992188,35016000,944211120.4833984
2014-11-21,GOOGL,27.326147709102607,27.326147709102607,27.026623251882455,27.070758819580078,50120000,1356786432.0373535
2014-11-24,GOOGL,27.10448178435733,27.333587217312125,26.984473365884703,27.149608612060547,33076000,898000454.4525146
2014-11-25,GOOGL,27.136217257061926,27.398548730060664,27.121340822375814,27.23638916015625,38072000,1036943808.1054688
2014-11-26,GOOGL,27.23639234372605,27.268625253218044,27.038031030062584,27.162006378173828,29604000,804104036.819458
2014-11-28,GOOGL,27.125806734036228,27.25474026461603,27.00084012708314,27.228954315185547,24202000,658995152.3361206
2014-12-01,GOOGL,27.031087923498358,27.214572797225205,26.710240046534942,26.76131820678711,39888000,1067455460.6323242
2014-12-02,GOOGL,26.751398468617822,26.870415626280693,26.513861673954327,26.708751678466797,41480000,1107879019.6228027
2014-12-03,GOOGL,26.654701440274344,26.848598321251902,26.54113996920209,26.62841796875,32476000,864784501.953125
2014-12-04,GOOGL,26.661643081731963,26.91207382068864,26.52526943880661,26.906618118286133,32598000,877101937.4198914
2014-12-05,GOOGL,26.61502780911854,26.68941377742266,26.14689864797612,26.18756103515625,61402000,1607968622.680664
2014-12-08,GOOGL,26.244091952364183,26.472206121689236,26.13400179100183,26.318973541259766,64566000,1699310845.664978
2014-12-09,GOOGL,26.07846124672397,26.61254684305957,25.955972794022582,26.58576774597168,43322000,1151748630.290985
2014-12-10,GOOGL,26.57535553661522,26.7469377503086,26.15830266482095,26.185577392578125,46222000,1210349758.239746
2014-12-11,GOOGL,26.283268468259198,26.631886695532998,26.241117305452736,26.387407302856445,41426000,1093124734.928131
2014-12-12,GOOGL,26.155822241796514,26.39385467821332,25.859273427154648,25.861753463745117,47314000,1223623003.3836365
2014-12-15,GOOGL,25.973329734997236,26.053169507037865,25.558756918453025,25.580575942993164,52352000,1339194311.7675781
2014-12-16,GOOGL,25.46949612033694,25.56768362864668,24.655722500776463,24.703824996948242,86998000,2149183367.084503
2014-12-17,GOOGL,24.788126181389686,25.244852059424367,24.750933199891396,25.114925384521484,72788000,1828065188.8885498
2014-12-18,GOOGL,25.588015773475384,25.600909694113355,25.120380361276435,25.520078659057617,77534000,1978673778.7513733
2014-12-19,GOOGL,25.63760453596172,25.827038836465665,25.234436874747782,25.788854598999023,97442000,2512917569.835663
2014-12-22,GOOGL,25.817121541230527,26.430055662658674,25.816128391593942,26.39682960510254,66390000,1752485517.4827576
2014-12-23,GOOGL,26.506426625485048,26.892733494629983,26.467251125004548,26.717679977416992,57544000,1537442176.6204834
2014-12-24,GOOGL,26.720157368319203,26.793054551260504,26.53568124308059,26.626432418823242,14754000,392846383.9073181
2014-12-26,GOOGL,26.62643303943587,26.93984269469209,26.555022741706782,26.85405158996582,22270000,598039728.9085388
2014-12-29,GOOGL,26.80347160609146,26.973566944794825,26.63784071197349,26.645278930664062,44300000,1180385856.628418
2014-12-30,GOOGL,26.528741390283905,26.671561997143076,26.46179553137189,26.54461097717285,20972000,556693581.413269
2014-12-31,GOOGL,26.666596591367043,26.699327016620167,26.29268808750441,26.315500259399414,24648000,648624450.3936768
2015-01-02,GOOGL,26.41170808856967,26.570398279090803,26.177642564071707,26.260459899902344,26480000,695376978.1494141
2015-01-05,GOOGL,26.141440429219443,26.183095962111732,25.67529382896273,25.76009178161621,41182000,1060852099.7505188
2015-01-06,GOOGL,25.811667839004635,25.846876415134567,25.07029576570784,25.12434959411621,54456000,1368171581.4971924
2015-01-07,GOOGL,25.33808069873763,25.36485790431801,24.976072931454695,25.050457000732422,46918000,1175317341.5603638
2015-01-08,GOOGL,24.8699500804736,25.166994516697418,24.54810906238955,25.137737274169922,73054000,1836412258.8272095
2015-01-09,GOOGL,25.200715907041257,25.221543673525197,24.728122346067824,24.830772399902344,42000000,1042892440.7958984
2015-01-12,GOOGL,24.75738058619834,24.808954375529883,24.34429464256883,24.649274826049805,57138000,1408410265.0108337
2015-01-13,GOOGL,24.922514988303167,25.22154383043746,24.659192240158898,24.88433074951172,60958000,1516899033.8287354
2015-01-14,GOOGL,24.815897018606716,25.204683901204348,24.70382433468335,25.08913803100586,52800000,1324706488.0371094
2015-01-15,GOOGL,25.235924445335655,25.278571236159127,24.894744443607163,24.993925094604492,51068000,1276389766.7312622
2015-01-16,GOOGL,24.951276448892433,25.33312072618188,24.948300783435357,25.31378173828125,49658000,1257031773.5595703
2015-01-20,GOOGL,25.42833302468715,25.569169200886698,25.2597264947339,25.287992477416992,46796000,1183376895.9732056
2015-01-21,GOOGL,25.33262663942792,25.87861493705752,25.270638965153605,25.80621337890625,46356000,1196272827.3925781
2015-01-22,GOOGL,25.935641982816453,26.721149592800394,25.88159004863909,26.6447811126709,56068000,1493919587.425232
2015-01-23,GOOGL,26.680983249796775,27.046957961996203,26.567917414782933,26.875375747680664,45966000,1235353521.6178894
2015-01-26,GOOGL,26.853059463732503,26.853059463732503,26.385424086678142,26.616018295288086,30932000,823286677.9098511
2015-01-27,GOOGL,26.352197652881124,26.42063228188283,25.829517201942046,25.845882415771484,39148000,1011814604.8126221
2015-01-28,GOOGL,26.034822242462525,26.06903955847943,25.407507304437367,25.411474227905273,35822000,910289829.7920227
2015-01-29,GOOGL,25.43477805277594,25.548339495527753,24.96763836372973,25.451143264770508,79018000,2011098438.495636
2015-01-30,GOOGL,25.737280215844997,26.932402365543986,25.696615942893214,26.657176971435547,121108000,3228397388.656616
2015-02-02,GOOGL,26.497000586216952,26.605108230868467,25.872165716474527,26.391870498657227,75378000,1989366414.4477844
2015-02-03,GOOGL,26.27979664583379,26.652218298064415,26.12457965499123,26.446420669555664,47062000,1244621449.5506287
2015-02-04,GOOGL,26.438484572025626,26.617504992397134,26.03630816237833,26.089370727539062,33896000,884325310.1806641
2015-02-05,GOOGL,26.18011721730841,26.316986461692018,26.066555773124527,26.27433967590332,33176000,871677493.0877686
2015-02-06,GOOGL,26.33286040937498,26.789584406297493,26.21582765179482,26.475183486938477,42938000,1136791428.5621643
2015-02-09,GOOGL,26.33533956720351,26.475184505245064,26.16127920279256,26.2470703125,30314000,795653689.453125
2015-02-10,GOOGL,26.38939139694253,26.828263275653615,26.241612622678073,26.78660774230957,47430000,1270488805.217743
2015-02-11,GOOGL,26.76528405270726,26.875374215825545,26.580312299499035,26.679492950439453,38306000,1021984656.9595337
2015-02-12,GOOGL,26.761815109488662,27.192257545513392,26.629905910425613,27.07671356201172,48590000,1315657511.9781494
2015-02-13,GOOGL,27.15109508581772,27.400534544362216,27.10596825880114,27.33209991455078,47382000,1295049558.151245
2015-02-17,GOOGL,27.33210462620004,27.423349553868846,26.940342030299966,27.027124404907227,39174000,1058760571.4378357
2015-02-18,GOOGL,26.96810642191581,27.153078164938613,26.75635747473584,26.910085678100586,31164000,838625910.0723267
2015-02-19,GOOGL,26.901161666272937,27.11886195286686,26.81586619419472,27.098529815673828,30834000,835556068.3364868
2015-02-20,GOOGL,27.154567648570318,27.154567648570318,26.68445410594335,26.867937088012695,38234000,1027268706.6230774
2015-02-23,GOOGL,26.729082956922916,26.743959391760264,26.381951640914796,26.53072166442871,32906000,873019927.0896912
2015-02-24,GOOGL,26.35963574491601,26.748918230341577,26.332361019234753,26.711727142333984,28406000,758773321.2051392
2015-02-25,GOOGL,26.70131367413935,27.253251372623044,26.679988387179915,27.142169952392578,40836000,1108377652.1759033
2015-02-26,GOOGL,27.06332152210655,27.77692317187372,27.03108672294946,27.735267639160156,54032000,1498591981.0791016
2015-02-27,GOOGL,27.678735143283944,28.237617351493522,27.623194430262107,27.90089988708496,68328000,1906412687.4847412
2015-03-02,GOOGL,28.1176078515459,28.563422317291515,27.926684766133675,28.51531982421875,50406000,1437343211.0595703
2015-03-03,GOOGL,28.581272761688712,28.80442874196286,28.29117093318906,28.702274322509766,50526000,1450211112.4191284
2015-03-04,GOOGL,28.612022869052083,28.8431127286666,28.391346893614564,28.679466247558594,37964000,1088787256.6223145
2015-03-05,GOOGL,28.743438605293548,28.920970266996278,28.674508339124955,28.83319664001465,35918000,1035630756.9160461
2015-03-06,GOOGL,28.86146270113312,28.90014257258504,28.368536952412146,28.410192489624023,37592000,1067995956.0699463
2015-03-09,GOOGL,28.312002817833648,28.53664571758496,28.21926911800199,28.46969985961914,23478000,668411613.3041382
2015-03-10,GOOGL,28.1909990683199,28.254475514116713,27.761547949397087,27.763036727905273,40080000,1112742512.0544434
2015-03-11,GOOGL,27.760558738826912,27.977763404821363,27.54285844386434,27.556743621826172,40524000,1116709478.5308838
2015-03-12,GOOGL,27.69510276401607,27.86172491755603,27.548812750646945,27.828500747680664,35602000,990750283.618927
2015-03-13,GOOGL,27.732294595019148,27.986692259361273,27.290942644748977,27.42334747314453,35428000,971554354.2785645
2015-03-16,GOOGL,27.618238642281614,27.956443022936273,27.340037532370015,27.851808547973633,36856000,1026506255.8441162
2015-03-17,GOOGL,27.68567635251468,27.802213474941897,27.49326827415622,27.65195655822754,28892000,798920328.88031
2015-03-18,GOOGL,27.657910282642515,28.093312819247917,27.448143808115493,28.075956344604492,35324000,991755081.9168091
2015-03-19,GOOGL,27.994627669469654,28.11562736245466,27.87561238431326,27.952476501464844,24660000,689308070.526123
2015-03-20,GOOGL,28.10322913721107,28.122568126643777,27.992643336149026,28.015949249267578,44320000,1241666870.727539
2015-03-23,GOOGL,28.068017239601534,28.248526445963858,27.92222287007759,28.036775588989258,30234000,847663873.1575012
2015-03-24,GOOGL,28.193975427149905,28.855507647122305,28.17165888268604,28.640287399291992,79156000,2267050589.378357
2015-03-25,GOOGL,28.641774453777348,28.765749792129892,28.11760711669922,28.11760711669922,53070000,1492201409.6832275
2015-03-26,GOOGL,28.001071857479552,28.127031611706055,27.6866709384634,27.950984954833984,49842000,1393132992.1188354
2015-03-27,GOOGL,27.861223760713244,27.972307066080834,27.618233168344812,27.64897918701172,34552000,955327528.8696289
2015-03-30,GOOGL,27.782877426269927,27.87759364275053,27.611295204391645,27.827011108398438,24788000,689775951.3549805
2015-03-31,GOOGL,27.668321182815355,27.891972812931563,27.506161596720883,27.50765037536621,34932000,960897242.9122925
2015-04-01,GOOGL,27.514096269795537,27.69609046649813,27.07770253910586,27.249284744262695,38902000,1060051675.1213074
2015-04-02,GOOGL,27.14614146417664,27.17539871103753,26.80049696267737,26.84364128112793,47760000,1282052307.58667
2015-04-06,GOOGL,26.721149575441377,27.05340448591427,26.56543694970901,26.97455596923828,33718000,909528078.1707764
2015-04-07,GOOGL,27.026128890456608,27.282509049877884,26.956703001704756,27.019681930541992,27318000,738123670.9785461
2015-04-08,GOOGL,27.076214364887697,27.34896163497774,27.076214364887697,27.217050552368164,28386000,772583196.9795227
2015-04-09,GOOGL,27.235397865331503,27.243331711591534,26.875372634365846,27.17638397216797,32366000,879590843.6431885
2015-04-10,GOOGL,27.25325330182428,27.26713848033599,27.025634743344284,27.20217514038086,26104000,710085579.864502
2015-04-13,GOOGL,27.12828761739278,27.43673722077576,27.091094633196764,27.207134246826172,29326000,797876418.9224243
2015-04-14,GOOGL,27.104482506404334,27.104482506404334,26.567421220305313,26.767765045166016,47206000,1263599116.722107
2015-04-15,GOOGL,26.67751281880942,26.93686866461666,26.40030297870069,26.830249786376953,46962000,1260002190.4678345
2015-04-16,GOOGL,26.696847870191146,27.038027851886007,26.684451471865362,26.953229904174805,31722000,855010359.0202332
2015-04-17,GOOGL,26.645276970916353,26.76875668889666,26.233184173714584,26.418649673461914,49234000,1300695798.0232239
2015-04-20,GOOGL,26.46873564094278,27.066297700203453,26.44889913211863,27.00331687927246,38508000,1039843726.3870239
2015-04-21,GOOGL,27.091588085878954,27.163989640722676,26.888268599216065,26.923477172851562,29128000,784227043.0908203
2015-04-22,GOOGL,26.930421999173515,27.324167085273025,26.844135259292774,27.23391342163086,31806000,866201850.2883911
2015-04-23,GOOGL,27.294908404656667,27.82849840263682,27.27854318975196,27.64451789855957,78184000,2161358987.3809814
2015-04-24,GOOGL,28.76475882163892,28.995353028947168,28.184553248660876,28.447877883911133,92168000,2621984008.8043213
2015-04-27,GOOGL,28.403745691200935,28.540117445933227,27.884536468398597,28.073970794677734,48062000,1349291184.3338013
2015-04-28,GOOGL,27.984706395294968,28.15876864299682,27.81808425736251,27.987186431884766,37178000,1040507617.1646118
2015-04-29,GOOGL,27.7957670261414,28.060082925372953,27.720887326741288,27.839406967163086,33622000,936016541.0499573
2015-04-30,GOOGL,27.69906861016574,27.825523999179275,27.111922280020128,27.213581085205078,47240000,1285569570.465088
2015-05-01,GOOGL,27.299865115457823,27.33507557998348,26.969594628131464,27.33209991455078,36572000,999589558.0749512
2015-05-04,GOOGL,27.323670463790585,27.606334107447942,27.14514565901463,27.41541290283203,35260000,966667458.9538574
2015-05-05,GOOGL,27.282510805366798,27.404008010213847,26.896203948302436,26.92943000793457,28528000,768242779.2663574
2015-05-06,GOOGL,26.909594493245102,26.97356657819945,26.393856564951527,26.534692764282227,39034000,1035755197.3609924
2015-05-07,GOOGL,26.575358154661167,27.036546643625876,26.45386283195528,26.879840850830078,31844000,855961652.053833
2015-05-08,GOOGL,27.218538646091474,27.413426762003283,27.176883113172504,27.222505569458008,28226000,768382442.2035217
2015-05-11,GOOGL,27.199694941551265,27.44169619780149,27.056380604685234,27.065305709838867,21858000,591593452.205658
2015-05-12,GOOGL,26.91802268095449,26.925462790901502,26.530724570125198,26.715696334838867,35282000,942583198.0857849
2015-05-13,GOOGL,26.801981758818354,26.969099521531128,26.72809142566356,26.75338363647461,24238000,648448512.5808716
2015-05-14,GOOGL,26.975547499722595,27.25920428937405,26.902650313455325,27.23490333557129,31736000,864326892.2576904
2015-05-15,GOOGL,27.29391466314115,27.304328545912252,26.902647778252366,27.10051155090332,33440000,906241106.262207
2015-05-18,GOOGL,26.968109933796644,27.192257200243283,26.890252672404074,27.10944175720215,26706000,723984751.5678406
2015-05-19,GOOGL,27.175394172101807,27.443181360734233,27.13175612361728,27.23887062072754,47126000,1283659016.872406
2015-05-20,GOOGL,27.320197430731294,27.575586330090744,27.03158247415614,27.399045944213867,30840000,844986576.9195557
2015-05-21,GOOGL,27.284491368681255,27.651954813688082,27.239860173369845,27.612281799316406,34170000,943511669.0826416
2015-05-22,GOOGL,27.495746410979923,27.68319819974523,27.454090878301756,27.498722076416016,24266000,667283989.906311
2015-05-26,GOOGL,27.402520721493218,27.439713706801083,26.925960177331834,27.135231018066406,37474000,1016865647.1710205
2015-05-27,GOOGL,27.209115825077056,27.536906275834827,27.104976993528638,27.485332489013672,34844000,957698925.2471924
2015-05-28,GOOGL,27.46252212682138,27.560213998268125,27.31424772660707,27.481861114501953,23544000,647032938.079834
2015-05-29,GOOGL,27.43326320064512,27.469960552190802,27.028608642586157,27.04249382019043,43446000,1174888186.5119934
2015-06-01,GOOGL,27.211599625878655,27.30284455041578,26.95621069292244,27.235403060913086,33210000,904487735.6529236
2015-06-02,GOOGL,27.147129166513526,27.71047391919658,27.103489224742496,27.470457077026367,31842000,874714294.2466736
2015-06-03,GOOGL,27.52748266378534,27.67079887805027,27.38119267590868,27.53690528869629,26710000,735510740.2610779
2015-06-04,GOOGL,27.382680331868404,27.57013211891472,27.230934638014197,27.358381271362305,26866000,735010271.2364197
2015-06-05,GOOGL,27.3737568462272,27.439711442929994,27.144649513335406,27.25126838684082,24396000,664821943.5653687
2015-06-08,GOOGL,27.255239060099747,27.268132982169845,26.924968510455678,26.951251983642578,27336000,736739424.2248535
2015-06-09,GOOGL,26.948271262882823,27.018690300299024,26.721643977927535,26.885787963867188,30016000,807003811.5234375
2015-06-10,GOOGL,27.061339755940764,27.51161870475974,27.032082511080166,27.40351104736328,30316000,830764840.9118652
2015-06-11,GOOGL,27.497235788608503,27.514096631971313,27.233415517518978,27.276559829711914,25872000,705699155.9143066
2015-06-12,GOOGL,27.13324311626932,27.217545439845125,27.057865897321253,27.149112701416016,25468000,691433602.2796631
2015-06-15,GOOGL,26.91405300252423,26.979511964676494,26.739497031260527,26.92744255065918,27150000,731080065.2503967
2015-06-16,GOOGL,27.000838852954665,27.11043149750482,26.856531371953093,27.020177841186523,32526000,878858304.4624329
2015-06-17,GOOGL,27.04745019603633,27.19324455114942,26.86842978599647,27.105966567993164,24440000,662469822.9217529
2015-06-18,GOOGL,27.17539363774448,27.634102008760912,27.17539363774448,27.58104133605957,41192000,1136118254.7149658
2015-06-19,GOOGL,27.597902076880672,27.66683233410043,27.386648753029142,27.647491455078125,59290000,1639219768.371582
2015-06-22,GOOGL,27.74121859022809,28.048676900115016,27.716422009150264,27.754606246948242,34752000,964528076.2939453
2015-06-23,GOOGL,27.760062395682265,28.013468778679943,27.62914446634922,27.938587188720703,31396000,877159883.3770752
2015-06-24,GOOGL,27.893462745900152,27.9013965932914,27.612285983657653,27.69956398010254,28924000,801182188.5604858
2015-06-25,GOOGL,27.78535273565518,27.926188919344042,27.64451655196632,27.66881561279297,26684000,738314675.8117676
2015-06-26,GOOGL,27.75609589450206,27.77047670128077,27.3663177660201,27.426321029663086,43676000,1197871997.291565
2015-06-29,GOOGL,27.113407381290678,27.319206906545624,26.790575100916495,26.840662002563477,37756000,1013396034.5687866
2015-06-30,GOOGL,27.031091405235557,27.071260058044547,26.755865950908547,26.780662536621094,34510000,924200664.138794
2015-07-01,GOOGL,26.960175786827996,27.066794662367407,26.76677454555039,26.942323684692383,30760000,828745876.5411377
2015-07-02,GOOGL,27.013732347179474,27.175396309323087,26.955711595908024,27.142667770385742,28124000,763360388.3743286
2015-07-06,GOOGL,26.890249586579323,27.204156741094213,26.8828113691032,27.057369232177734,25614000,693047455.5130005
2015-07-07,GOOGL,27.14713038726974,27.32416641545881,26.77123741316802,27.276063919067383,33578000,915875674.2744446
2015-07-08,GOOGL,27.056377274816708,27.189277711504793,26.83817947868623,26.862974166870117,27662000,743083591.4039612
2015-07-09,GOOGL,27.207631030216106,27.219036172154,27.007782827381977,27.00926971435547,29766000,803957922.3175049
2015-07-10,GOOGL,27.458552805381935,27.73526698407512,27.373754855095147,27.57756996154785,43436000,1197859328.8497925
2015-07-13,GOOGL,27.74617937211934,28.407711658944137,27.706010723053176,28.352170944213867,41792000,1184893928.100586
2015-07-14,GOOGL,28.489534552723068,29.243800503479164,28.473169338099332,28.969566345214844,74832000,2167850588.745117
2015-07-15,GOOGL,28.947750611980567,29.19322129239575,28.77269708778162,28.958660125732422,41466000,1200799800.7736206
2015-07-16,GOOGL,29.233388479248838,29.97724059377571,29.155035587373664,29.842355728149414,112642000,3361502633.9302063
2015-07-17,GOOGL,33.72129448676394,34.861869196010716,33.62211572223263,34.694252014160156,257162000,8922043236.465454
2015-07-20,GOOGL,34.16661348181624,34.60399657806106,33.80906826539459,34.358028411865234,102436000,3519498998.397827
2015-07-21,GOOGL,33.96329094268302,34.990797837634226,33.92709111290519,34.48250198364258,75604000,2607015079.9713135
2015-07-22,GOOGL,34.41654602374495,35.37413141840576,34.297530758000796,34.4701042175293,83100000,2864465660.4766846
2015-07-23,GOOGL,34.30893546441238,34.51820817553252,33.304238793044426,33.45995330810547,76232000,2550719160.583496
2015-07-24,GOOGL,33.56112008747575,33.611700728883896,32.39128810731583,32.47013473510742,82622000,2682747472.0840454
2015-07-27,GOOGL,32.31144286859231,33.08009146867781,32.310451610713265,32.643699645996094,58382000,1905804472.732544
2015-07-28,GOOGL,32.8167700585017,32.93281155330132,32.402692871636454,32.71263122558594,34364000,1124136859.4360352
2015-07-29,GOOGL,32.841563499983586,32.89462606711345,32.37442373787852,32.8004035949707,36756000,1205611634.5367432
2015-07-30,GOOGL,32.60253905969893,33.12868889395075,32.31739352151908,32.95561981201172,39606000,1305240278.2745361
2015-07-31,GOOGL,32.96256411208031,32.9774405475805,32.590638090866996,32.60551452636719,34922000,1138649778.289795
2015-08-03,GOOGL,32.6134511700776,33.06025881949313,32.6134511700776,32.963558197021484,31348000,1033341622.3602295
2015-08-04,GOOGL,32.94471063325484,33.12621298609857,32.75478258804701,32.792964935302734,26188000,858782165.725708
2015-08-05,GOOGL,33.01463364676089,33.71683019917647,33.00620417058776,33.388545989990234,36448000,1216945724.243164
2015-08-06,GOOGL,33.4232536691256,33.46094038318707,32.76568652955006,33.232826232910156,40660000,1351246714.630127
2015-08-07,GOOGL,33.11529833514387,33.16587896835945,32.6734508334547,32.94718933105469,27544000,907497382.9345703
2015-08-10,GOOGL,33.081083687945906,33.305728457169614,32.74089683762339,32.88520431518555,34458000,1133158370.2926636
2015-08-11,GOOGL,34.692271955765406,34.91146105133953,33.93552589748607,34.23207473754883,109880000,3761420372.161865
2015-08-12,GOOGL,34.43984803080831,34.51472961114356,33.74658049758928,34.29008865356445,58498000,2005901606.0562134
2015-08-13,GOOGL,34.177524505881294,34.41704573605791,33.82940377183487,34.04412841796875,36354000,1237640244.506836
2015-08-14,GOOGL,33.92164479378329,34.329275117663045,33.86511281153501,34.18595886230469,27598000,943464092.6818848
2015-08-17,GOOGL,34.11999961520021,34.452252638028696,33.87304017850036,34.42101287841797,24680000,849510597.8393555
2015-08-18,GOOGL,34.27025826597835,34.50283311077302,33.985112698441256,34.15421676635742,27710000,946413346.5957642
2015-08-19,GOOGL,34.22265336753486,34.72301544404769,34.05850936341007,34.41754150390625,50194000,1727554078.2470703
2015-08-20,GOOGL,34.17256697658716,34.52267021396411,33.48722937149362,33.69550704956055,57798000,1947532916.4505005
2015-08-21,GOOGL,33.27696406965198,33.36870839688974,31.891416261520664,31.937536239624023,91880000,2934420829.6966553
2015-08-24,GOOGL,29.783839452833924,31.126740565848646,29.411415873526373,30.652162551879883,129788000,3978282873.283386
2015-08-25,GOOGL,32.05854023191623,32.08481991953804,30.332801649332946,30.372474670410156,71430000,2169505865.7073975
2015-08-26,GOOGL,31.89141413544895,32.852472693024545,31.260132316463697,32.71659469604492,87740000,2870554018.6309814
2015-08-27,GOOGL,33.32407380131135,33.42276071308658,32.28813741784781,33.12422561645508,58974000,1953468081.5048218
2015-08-28,GOOGL,33.01513228091517,33.076624331504334,32.419556440910505,32.7141227722168,38836000,1270485671.9818115
2015-08-31,GOOGL,32.44881240251621,32.94818700633582,32.052589167728634,32.125484466552734,38936000,1250837863.1896973
2015-09-01,GOOGL,31.430724589655597,31.957867603060503,30.99681089642206,31.219966888427734,51458000,1606517056.1447144
2015-09-02,GOOGL,31.638501909138988,31.9886069636207,31.27351852959906,31.981168746948242,37630000,1203451379.9476624
2015-09-03,GOOGL,32.130935728023736,32.29557533902631,31.430723644034288,31.59139633178711,34572000,1092177753.982544
2015-09-04,GOOGL,31.226909601564884,31.464942030080678,31.06822131588769,31.19021224975586,40478000,1262517411.4456177
2015-09-08,GOOGL,31.787278885718347,31.98762271776162,31.385599963648396,31.930099487304688,39092000,1248211449.1577148
2015-09-09,GOOGL,32.32682213966818,32.59857438096081,31.782318832244048,31.90679359436035,40978000,1307476587.9096985
2015-09-10,GOOGL,31.931092957730602,32.47658377716628,31.82199403715793,32.28715133666992,27850000,899197164.7262573
2015-09-11,GOOGL,32.244006639395664,32.49691362825871,32.105151069903656,32.49641799926758,34892000,1133865016.8304443
2015-09-14,GOOGL,32.512784880501904,32.527165687999634,32.20879405681656,32.3560791015625,29942000,968805720.4589844
2015-09-15,GOOGL,32.56633845746613,33.168364974643964,32.39922069065663,32.98091506958008,35546000,1172339607.0632935
2015-09-16,GOOGL,33.004717935568486,33.129684543960956,32.83859142004004,33.003231048583984,26252000,866400821.4874268
2015-09-17,GOOGL,33.10092204842332,33.81997754826942,32.977442330298594,33.30820846557617,47752000,1590533570.6481934
2015-09-18,GOOGL,32.98041608447303,33.2174591575203,32.7309785034644,32.775115966796875,72544000,2377638012.6953125
2015-09-21,GOOGL,33.00273489263698,33.17580399475718,32.630313218380195,33.07563018798828,39094000,1293058686.5692139
2015-09-22,GOOGL,32.604023774082435,32.67097150932334,31.987120918927292,32.39227294921875,54362000,1760908742.0654297
2015-09-23,GOOGL,32.377402893376065,32.74337761240707,32.26979086689646,32.39674377441406,29160000,944689048.4619141
2015-09-24,GOOGL,32.18251495613069,32.56931744550371,31.845301850421077,32.47707748413086,38692000,1256603082.0159912
2015-09-25,GOOGL,32.65907019858326,32.65907019858326,31.720823850639256,31.7451229095459,48480000,1539003558.6547852
2015-09-28,GOOGL,31.69057789235324,31.879022842956157,30.638771840615803,30.95664405822754,47646000,1474960262.7983093
2015-09-29,GOOGL,31.018630953456583,31.47386805727541,30.648193696937074,30.875316619873047,42130000,1300777089.1952515
2015-09-30,GOOGL,31.332535483267964,31.703470251520777,31.199635036475605,31.656856536865234,52954000,1676357181.0531616
2015-10-01,GOOGL,31.635535091283668,31.928118901454877,31.297330710553393,31.836870193481445,42506000,1353258004.4441223
2015-10-02,GOOGL,31.638995458200085,32.580711082952035,31.415343885278737,32.58021545410156,48788000,1589523551.574707
2015-10-05,GOOGL,32.80883795171496,33.375652123583926,32.52468363887434,33.3087043762207,37960000,1264398418.121338
2015-10-06,GOOGL,33.19315738145942,33.66178403029545,32.8822277636184,33.30672073364258,42774000,1424661672.6608276
2015-10-07,GOOGL,33.5923611947688,33.65881331694059,32.635766930041534,33.22539520263672,44354000,1473679178.817749
2015-10-08,GOOGL,33.198119214835195,33.31912079139769,32.45624962760866,33.076622009277344,39308000,1300175857.9406738
2015-10-09,GOOGL,33.10092129145445,33.428214232948385,32.846523642870494,33.28688430786133,32124000,1069307871.5057373
2015-10-12,GOOGL,33.18521843165661,33.62111458436946,33.0885178295736,33.54425048828125,26684000,895094780.0292969
2015-10-13,GOOGL,33.43665425087701,34.14083344065151,33.379622856916804,33.878501892089844,42446000,1438006891.3116455
2015-10-14,GOOGL,33.90626636458576,34.21917850798546,33.6667451451537,33.74162673950195,31292000,1055842983.9324951
2015-10-15,GOOGL,33.98163925971811,34.423486767909054,33.93899247192577,34.3669548034668,47156000,1620608120.7122803
2015-10-16,GOOGL,34.48497925186036,34.52564352449448,34.17256277318878,34.48101043701172,36316000,1252212375.0305176
2015-10-19,GOOGL,34.415555150794674,34.724997871932324,34.32678838358476,34.71061706542969,30172000,1047288738.0981445
2015-10-20,GOOGL,34.60846662818564,34.61392233102678,33.40788662834572,33.72129821777344,52434000,1768142550.7507324
2015-10-21,GOOGL,33.880478210998824,33.96428490972052,33.26010584875353,33.31465530395508,31952000,1064469866.2719727
2015-10-22,GOOGL,33.495160778379436,34.12049317943638,33.30969339758653,33.77782440185547,88632000,2993796132.385254
2015-10-23,GOOGL,37.19557677269566,37.31657834222597,35.60274256042105,35.67167282104492,126726000,4520528409.919739
2015-10-26,GOOGL,35.705889214024495,36.44627185210069,35.705889214024495,36.25634002685547,48776000,1768439241.1499023
2015-10-27,GOOGL,36.030706464907304,36.4963593573802,35.9102043026409,36.34064483642578,38778000,1409217525.466919
2015-10-28,GOOGL,36.34957569104113,36.56628285661725,36.06542136179441,36.543968200683594,39604000,1447287316.619873
2015-10-29,GOOGL,36.52958366715749,37.03341888468649,36.45668459176194,36.93721389770508,36520000,1348947051.5441895
2015-10-30,GOOGL,36.9724242919587,37.00961538322019,36.52462539271881,36.5672721862793,39984000,1462105811.0961914
2015-11-02,GOOGL,36.4254467525358,37.102351099818335,36.27270600477491,37.08053207397461,39914000,1480032357.2006226
2015-11-03,GOOGL,36.965981407019854,37.27691107121223,36.754230519410406,37.13409423828125,36306000,1348190425.415039
2015-11-04,GOOGL,37.18764595605918,37.683547369786595,37.15293300843536,37.455928802490234,41840000,1567156061.0961914
2015-11-05,GOOGL,37.62948932561928,38.00340164348714,37.56304099528392,37.72172927856445,45486000,1715810577.9647827
2015-11-06,GOOGL,37.65825823986574,37.83826993515519,37.44204292717733,37.767852783203125,33544000,1266884853.7597656
2015-11-09,GOOGL,37.61510882381188,37.85215188446314,37.14846848712241,37.42914581298828,35538000,1330156983.9019775
2015-11-10,GOOGL,37.36517553658122,37.718256306786806,37.11375545340267,37.60221481323242,29798000,1120470797.0046997
2015-11-11,GOOGL,37.806531377119946,38.1387844155206,37.676109063474144,37.948856353759766,41866000,1588766820.1065063
2015-11-12,GOOGL,37.69742902616258,37.97612762255128,37.48320002892764,37.51642608642578,35452000,1330032337.6159668
2015-11-13,GOOGL,37.39294438825416,37.45691457162377,36.670415771122535,36.700172424316406,48188000,1768507908.782959
2015-11-16,GOOGL,36.70711516313477,37.277398680946014,36.415522661202665,37.21342849731445,50704000,1886869678.527832
2015-11-17,GOOGL,37.3150966806788,37.438080783297195,36.89754624330496,36.993255615234375,38864000,1437705886.2304688
2015-11-18,GOOGL,37.17127878923141,37.74305299961462,37.06317114205296,37.68899917602539,36266000,1366829244.1177368
2015-11-19,GOOGL,37.67759017178339,37.848676738229166,37.55113669300593,37.68552780151367,28078000,1058134249.6109009
2015-11-20,GOOGL,38.149693700541384,38.64658634351289,37.891826645041604,38.53153610229492,55478000,2137652559.8831177
2015-11-23,GOOGL,38.55484491397244,38.82411899665248,38.358466123696665,38.516658782958984,34648000,1334525193.511963
2015-11-24,GOOGL,38.3311928411181,38.48145165914476,37.594778970833715,38.16605758666992,47880000,1827390837.2497559
2015-11-25,GOOGL,38.26821487230879,38.33318010532594,38.012330322506855,38.14771270751953,23612000,900743792.4499512
2015-11-27,GOOGL,38.14275325821324,38.382770117150365,38.03563685804571,38.282100677490234,14434000,552563841.178894
2015-11-30,GOOGL,38.27713726293274,38.433843034029096,37.744044803940064,37.829837799072266,33586000,1270552932.319641
2015-12-01,GOOGL,38.032659215447595,38.928256955024736,37.98356546484031,38.86825180053711,40398000,1570199636.2380981
2015-12-02,GOOGL,38.940662150420955,39.32746467639519,38.503275194575885,38.57369613647461,46876000,1808180580.0933838
2015-12-03,GOOGL,38.70807647638323,38.90246896222293,37.810000595568624,38.09514236450195,41950000,1598091222.190857
2015-12-04,GOOGL,38.17002376326418,38.800312452228674,37.961746100906474,38.64112854003906,49800000,1924328201.2939453
2015-12-07,GOOGL,38.68328627745189,38.72990189078796,38.021753934962575,38.33268737792969,36626000,1403973007.9040527
2015-12-08,GOOGL,37.911667496654914,38.613368560858405,37.813479969934754,38.439308166503906,31082000,1194770576.4312744
2015-12-09,GOOGL,38.23895784800109,38.48641292283451,37.29227997230973,37.81496047973633,46550000,1760286410.331726
2015-12-10,GOOGL,37.86653356028792,37.989517645749316,37.440553705301625,37.690486907958984,32458000,1223357824.0585327
2015-12-11,GOOGL,37.143011354083406,37.561552965405944,37.125652991030314,37.21342849731445,43184000,1607024696.2280273
2015-12-14,GOOGL,37.25508484436039,37.894302416018554,36.511232813437,37.81446075439453,53864000,2036838114.074707
2015-12-15,GOOGL,38.07481268341187,38.41995962886247,37.58932706644658,37.692970275878906,49386000,1861505030.0445557
2015-12-16,GOOGL,38.014314890930756,38.754697635136296,37.54221878624548,38.511207580566406,53120000,2045715346.6796875
2015-12-17,GOOGL,38.73782986935756,38.75915326493866,38.149692330947715,38.17597579956055,36510000,1393804876.4419556
2015-12-18,GOOGL,38.04704573208433,38.3897145632784,37.519405120109674,37.53229904174805,67794000,2544464681.236267
2015-12-21,GOOGL,37.83974933951054,38.00339767865932,37.39839747944994,37.728172302246094,34848000,1314751348.3886719
2015-12-22,GOOGL,37.90025817621865,38.20126766971199,37.74801683624028,38.042083740234375,36338000,1382373238.9526367
2015-12-23,GOOGL,38.218623244545924,38.27862840063212,37.57196742689514,38.11051559448242,30594000,1165953114.0975952
2015-12-24,GOOGL,38.111015545651384,38.144737236499516,37.906211038864555,37.97811508178711,10412000,395428134.2315674
2015-12-28,GOOGL,38.18440289921678,38.82014726226013,38.071834597363406,38.791385650634766,31156000,1208584411.3311768
2015-12-29,GOOGL,39.02694275079181,39.60715025993219,38.9877691434778,39.372589111328125,38430000,1513088599.5483398
2015-12-30,GOOGL,39.37259200619887,39.49656736440296,39.037361396650745,39.19108963012695,28566000,1119532666.3742065
2015-12-31,GOOGL,39.06809992202885,39.09339213243624,38.54740576237022,38.58162307739258,32752000,1263625319.0307617
2016-01-04,GOOGL,37.79760152625233,37.79760152625233,37.07060845171725,37.66073226928711,67382000,2537655461.769104
2016-01-05,GOOGL,37.891826124773026,38.14473310359051,37.472788854840516,37.76437759399414,45216000,1707554097.290039
2016-01-06,GOOGL,37.21094780166687,37.972649972645584,37.09341943355106,37.6552734375,48206000,1815210111.328125
2016-01-07,GOOGL,37.01853991923657,37.455922991439444,36.4626334310664,36.74628829956055,63132000,2319866672.9278564
2016-01-08,GOOGL,37.083504854463264,37.19855509533496,36.14724280023346,36.24592971801758,47506000,1721899137.184143
2016-01-11,GOOGL,36.297505698174184,36.45272460418533,35.68308460183533,36.35304641723633,50896000,1850224650.4516602
2016-01-12,GOOGL,36.73389495664945,37.110285453731414,36.519665943780325,36.96151351928711,46816000,1730390216.9189453
2016-01-13,GOOGL,37.15987570253287,37.341378072128926,35.54522232933326,35.68357849121094,51728000,1845840148.1933594
2016-01-14,GOOGL,35.9250820981259,36.691248873480134,34.96104962981701,36.26973342895508,55558000,2015073849.8458862
2016-01-15,GOOGL,35.208502672773584,35.91119484385276,34.787978510562624,35.233299255371094,76676000,2701548453.704834
2016-01-19,GOOGL,35.71233380217857,35.97020461123329,35.201556040131216,35.659271240234375,48724000,1737462331.9091797
2016-01-20,GOOGL,35.005673403288476,36.049547377625125,34.10710194024875,35.633487701416016,82440000,2937624726.1047363
2016-01-21,GOOGL,35.71333074848642,36.581158209960165,35.264044951901475,36.035667419433594,51938000,1871620494.430542
2016-01-22,GOOGL,36.7958860273071,37.1212002837436,36.72150383664905,36.96746826171875,47146000,1742868258.6669922
2016-01-25,GOOGL,36.88712661682083,37.31459332988312,36.32477316533454,36.380313873291016,45340000,1649483431.0150146
2016-01-26,GOOGL,36.45916910451323,36.66992493193549,36.0505438036441,36.38874816894531,30940000,1125867868.347168
2016-01-27,GOOGL,36.49288453769845,36.49288453769845,35.380084007391744,35.58489227294922,42428000,1509795809.3566895
2016-01-28,GOOGL,36.606945962310576,37.25012863220827,36.230555463886446,37.10830307006836,62104000,2304574053.8635254
2016-01-29,GOOGL,37.141033955305296,37.94191367537337,36.904982129138716,37.755455017089844,75808000,2862165533.935547
2016-02-01,GOOGL,38.2468885694867,38.56079573905824,37.75693853330035,38.222591400146484,111522000,4262659838.127136
2016-02-02,GOOGL,39.696903895891936,40.185367019887565,38.71005750235272,38.725433349609375,135846000,5260695218.811035
2016-02-03,GOOGL,38.99173504007707,39.247123962189306,36.51123674531437,37.161861419677734,131114000,4872440298.179626
2016-02-04,GOOGL,36.924322665173534,36.95655746731046,35.833836712647845,36.20228958129883,104922000,3798416627.4490356
2016-02-05,GOOGL,35.97764265841738,36.03813965388812,34.72003535400957,34.89955139160156,109556000,3823455252.258301
2016-02-08,GOOGL,34.10214485923391,34.93724562533521,33.82096811188599,34.91939163208008,89410000,3122142805.82428
2016-02-09,GOOGL,34.363483687351945,35.75250463178157,34.142807734425496,34.763675689697266,84300000,2930577860.6414795
2016-02-10,GOOGL,35.29776085518859,35.864574950078676,34.98038430968948,35.05278396606445,60314000,2114173612.1292114
2016-02-11,GOOGL,34.531595556774036,35.324045693461194,34.2762066670152,35.02848815917969,65004000,2276991844.2993164
2016-02-12,GOOGL,35.31859363034466,35.50653916965729,34.791448691291016,35.05477523803711,46538000,1631379130.027771
2016-02-16,GOOGL,35.637952748698396,35.847721097299775,35.217924205934025,35.587867736816406,43444000,1546079325.958252
2016-02-17,GOOGL,36.052024841014365,36.38725537792836,35.536786420964035,36.29848861694336,49154000,1784215909.477234
2016-02-18,GOOGL,36.397176913862154,36.498338185105204,35.48422084399777,35.581417083740234,47276000,1682147074.0509033
2016-02-19,GOOGL,35.50158011508094,35.90474971679895,35.36371958367762,35.80953598022461,34918000,1250397377.357483
2016-02-22,GOOGL,36.176496804607964,36.4413102081515,35.87598298422507,36.1536865234375,37516000,1356341703.6132812
2016-02-23,GOOGL,36.00739829970938,36.245428835425884,35.49017354088412,35.57050704956055,41332000,1470200197.3724365
2016-02-24,GOOGL,35.23924857483918,35.765402270604724,34.813272472455864,35.74953079223633,37092000,1326021596.14563
2016-02-25,GOOGL,35.85020091459311,36.17650262567205,35.369175932894734,36.15716552734375,36146000,1306936905.1513672
2016-02-26,GOOGL,36.379321812196686,36.50627091802941,35.80110068075436,35.94590377807617,42474000,1526766317.0700073
2016-02-29,GOOGL,35.754485562804575,36.23055039127199,35.54819042545934,35.56703567504883,45068000,1602935163.8031006
2016-03-01,GOOGL,35.769364708569626,36.81224750656304,35.63745551829939,36.80431365966797,60112000,2212380902.709961
2016-03-02,GOOGL,36.83902266903829,36.85141717530995,36.36196281409154,36.6709098815918,36292000,1330860661.4227295
2016-03-03,GOOGL,36.67091860321444,36.746295833733406,36.18245538365004,36.2796516418457,40534000,1470559399.6505737
2016-03-04,GOOGL,36.43883480475191,36.44875116757251,35.983593920971344,36.21171188354492,48516000,1756847413.7420654
2016-03-07,GOOGL,35.96028544373709,36.06244175560961,34.967987132698084,35.34784698486328,61690000,2180608680.496216
2016-03-08,GOOGL,35.129158978228716,35.81647912998505,34.91146055622317,35.38405227661133,52530000,1858724266.090393
2016-03-09,GOOGL,35.465374868244666,36.01433876506363,35.3409039057751,35.97317886352539,39544000,1422523384.979248
2016-03-10,GOOGL,36.09120409724842,36.52511777944269,35.86805000263362,36.30841064453125,44616000,1619936049.3164062
2016-03-11,GOOGL,36.69422005557142,36.93968879105776,36.533049854230754,36.938201904296875,35380000,1306873583.3740234
2016-03-14,GOOGL,36.94316568297675,37.40385848574644,36.87820045363228,37.204505920410156,32824000,1221200702.331543
2016-03-15,GOOGL,36.99523492674588,37.341872547672736,36.83753788813147,37.22087097167969,29832000,1110373022.8271484
2016-03-16,GOOGL,37.14549199055474,37.638915222062195,37.01903850161791,37.557586669921875,29306000,1100662634.9487305
2016-03-17,GOOGL,37.571968755668735,37.95331553476409,37.55758794820657,37.613128662109375,44564000,1676191465.6982422
2016-03-18,GOOGL,37.76933555142435,37.79462397783317,37.28285493435395,37.46088409423828,56222000,2106125825.5462646
2016-03-21,GOOGL,37.386499070206696,37.85413444883395,37.255581140686395,37.79561996459961,28774000,1087531168.8613892
2016-03-22,GOOGL,37.611144936649374,37.93645536239399,37.58337458059102,37.690982818603516,22096000,832819956.3598633
2016-03-23,GOOGL,37.85462913043871,37.955794186354,37.49162822203553,37.567501068115234,24678000,927090791.3589478
2016-03-24,GOOGL,37.25211747995343,37.567507798854024,37.21740453054168,37.43262481689453,31116000,1164753553.8024902
2016-03-28,GOOGL,37.49857520641017,37.604204718627905,37.29377070928025,37.355262756347656,21676000,809712675.5065918
2016-03-29,GOOGL,37.375091123461125,38.044560973656424,37.107803352439426,37.980587005615234,40062000,1521578276.6189575
2016-03-30,GOOGL,38.09564578177568,38.54691792816073,38.0644060175926,38.10209274291992,40396000,1539172138.4429932
2016-03-31,GOOGL,38.10208707180649,38.13878253356185,37.60172123944539,37.83231735229492,32554000,1231593259.086609
2016-04-01,GOOGL,37.54766890303258,38.18638706729147,37.45046887721825,38.16804122924805,31674000,1208934537.8952026
2016-04-04,GOOGL,38.16010409929226,38.30540661925344,37.77727045556589,37.942405700683594,26924000,1021561331.0852051
2016-04-05,GOOGL,37.59577283294784,37.83082960126046,37.470306818416816,37.617591857910156,24478000,920803413.4979248
2016-04-06,GOOGL,37.58138713118536,38.10605388984193,37.50501865436197,38.08869552612305,25312000,964101061.1572266
2016-04-07,GOOGL,37.952325072995734,38.15266890712352,37.564531325513435,37.6944580078125,25498000,961133290.2832031
2016-04-08,GOOGL,37.979592723025455,38.04207601583153,37.478735122767844,37.66221618652344,23434000,882576374.1149902
2016-04-11,GOOGL,37.95877124526064,38.0465467604394,37.556596698364665,37.56651306152344,31774000,1193638386.0168457
2016-04-12,GOOGL,37.610652273204835,37.93248953810477,37.27046160123936,37.90273666381836,27388000,1038080151.7486572
2016-04-13,GOOGL,38.19977917501242,38.46954889611931,37.9161242754914,38.27912521362305,35426000,1356076289.81781
2016-04-14,GOOGL,38.45021523083442,38.66097107077906,38.344090083891636,38.45170211791992,26992000,1037888343.5668945
2016-04-15,GOOGL,38.457151385783874,38.72642545688462,38.428881618750985,38.68030548095703,31712000,1226629847.4121094
2016-04-18,GOOGL,38.68972683530677,39.10430342950914,38.56178646360881,39.0611572265625,33540000,1310111213.3789062
2016-04-19,GOOGL,39.201003750442005,39.22331840346527,38.19779400459653,38.49434280395508,43952000,1691903354.9194336
2016-04-20,GOOGL,38.638654486784844,38.66345107068384,38.24738754743505,38.42839050292969,34262000,1316633515.411377
2016-04-21,GOOGL,38.54690940948412,38.76361654493779,38.26126823289834,38.68030548095703,77628000,3002674753.8757324
2016-04-22,GOOGL,36.89059560857762,37.38699257212472,36.21914704781553,36.58611297607422,140798000,5151251534.805298
2016-04-25,GOOGL,36.46610665327489,36.938698297116204,36.45370836315738,36.80629348754883,49442000,1819776762.6113892
2016-04-26,GOOGL,36.91588662759573,36.973905477702885,35.720762633644206,35.971195220947266,55864000,2009494849.822998
2016-04-27,GOOGL,35.96872055418795,36.05946984793487,35.163376377740676,35.777305603027344,66262000,2370675823.867798
2016-04-28,GOOGL,35.86804685935612,36.16410000054075,34.87177980057911,34.96401596069336,62590000,2188397758.9797974
2016-04-29,GOOGL,34.917411732063755,35.31363496531506,34.9005489954883,35.1038703918457,58278000,2045783358.695984
2016-05-02,GOOGL,35.30421649526662,35.47728561606224,35.028495411690606,35.427696228027344,33476000,1185977558.9294434
2016-05-03,GOOGL,35.332976488490594,35.37611891358849,35.07659629956365,35.13164138793945,38620000,1356783990.4022217
2016-05-04,GOOGL,35.04882519572694,35.459429235809154,34.913938437251986,35.276939392089844,34172000,1205483572.9064941
2016-05-05,GOOGL,35.456942908012905,35.583396377329564,35.181717535501754,35.442562103271484,29668000,1051509932.4798584
2016-05-06,GOOGL,35.31809094631229,36.0019377446409,35.30569265721297,35.961769104003906,39952000,1436744599.243164
2016-05-09,GOOGL,36.03715168342154,36.41354215536826,35.87846339621092,36.157657623291016,38074000,1376666656.3491821
2016-05-10,GOOGL,36.44676553432639,36.69669871704253,36.280639041442896,36.66595458984375,32634000,1196556762.084961
2016-05-11,GOOGL,36.72248758116569,36.73637275837127,36.0966595656053,36.22807312011719,29834000,1080828333.4655762
2016-05-12,GOOGL,36.29997921587671,36.467100764219005,35.91664993409312,36.1050910949707,27094000,978231338.1271362
2016-05-13,GOOGL,36.03318662984244,36.26477020884887,35.87895900339875,35.944419860839844,25244000,907380934.967041
2016-05-16,GOOGL,35.91912655555551,36.33369936195989,35.70489756365002,36.215675354003906,22538000,816228891.12854
2016-05-17,GOOGL,36.25336486459901,36.49089976086906,35.60571783365897,35.714317321777344,33404000,1193001055.8166504
2016-05-18,GOOGL,35.63051382153782,35.98111646459101,35.45794035111021,35.79317092895508,32536000,1164566609.3444824
2016-05-19,GOOGL,35.620593023649725,35.729691920316945,35.2243660798549,35.47231674194336,30598000,1085381947.669983
2016-05-20,GOOGL,35.52935434039879,36.08674401536685,35.45744651708119,35.78969955444336,34798000,1245409965.09552
2016-05-23,GOOGL,35.703909605619906,35.878465597231845,35.55315515600746,35.56852722167969,24816000,882668571.5332031
2016-05-24,GOOGL,35.697460558330654,36.40907781629918,35.68754041217357,36.35105895996094,37884000,1377123517.6391602
2016-05-25,GOOGL,36.44874601836761,36.69124097023093,36.32973076419772,36.602474212646484,32216000,1179185309.2346191
2016-05-26,GOOGL,36.49834793851743,36.75125875106414,36.34957976552314,36.54446792602539,27202000,994082616.5237427
2016-05-27,GOOGL,36.573219722749876,37.088957574151834,36.54842314219683,37.073585510253906,34802000,1290234922.9278564
2016-05-31,GOOGL,37.131113711060095,37.365179237167304,36.972921040165026,37.13557815551758,42484000,1577667902.3590088
2016-06-01,GOOGL,37.116729454640875,37.260541304222976,36.91192119246867,37.116233825683594,20788000,771572268.7683105
2016-06-02,GOOGL,36.99920418639029,37.05871371711532,36.54793209110395,36.90845489501953,33916000,1251787156.2194824
2016-06-03,GOOGL,36.770595931210124,36.770595931210124,36.39470104545775,36.49140167236328,24608000,897980412.3535156
2016-06-06,GOOGL,36.62232284686845,36.62232284686845,36.11600938250451,36.20378112792969,29992000,1085823803.5888672
2016-06-07,GOOGL,36.36296376522541,36.53355094153868,36.24047530192825,36.25485610961914,24314000,881500571.4492798
2016-06-08,GOOGL,36.67190753588196,36.88564092123862,36.4869395496768,36.842002868652344,32314000,1190512480.6976318
2016-06-09,GOOGL,36.551405174869274,36.8915920551613,36.523139188296824,36.82167053222656,19180000,706239640.8081055
2016-06-10,GOOGL,36.495862795917674,36.67884825680012,36.22609307985645,36.35899353027344,29050000,1056228762.0544434
2016-06-13,GOOGL,36.19187292359751,36.647109993122605,36.19187292359751,36.294029235839844,23354000,847610758.7738037
2016-06-14,GOOGL,36.16658523294777,36.498342637148184,36.02723781595203,36.361968994140625,26584000,966646583.7402344
2016-06-15,GOOGL,36.444784883757656,36.55537068651055,36.26576444416482,36.30940628051758,23234000,843612745.5215454
2016-06-16,GOOGL,36.099637586057966,36.22014353461452,35.483729643717986,35.9156608581543,45002000,1616276569.9386597
2016-06-17,GOOGL,35.77382821617117,35.77382821617117,34.768635946528406,34.92385482788086,82262000,2872906145.8511353
2016-06-20,GOOGL,35.22437245687685,35.5000935219661,34.98138182339865,35.017086029052734,45654000,1598670045.5703735
2016-06-21,GOOGL,35.2114764995057,35.475794298716586,34.944188709851076,35.15345764160156,30318000,1065782528.7780762
2016-06-22,GOOGL,35.40983715953866,35.41777100647632,35.00468506933066,35.232303619384766,29058000,1023780278.5720825
2016-06-23,GOOGL,35.23627149298011,35.4509961172374,34.725493694530094,35.45050048828125,42500000,1506646270.7519531
2016-06-24,GOOGL,34.225620265315094,34.96104276413913,33.964775688923886,33.979156494140625,95436000,3242834779.1748047
2016-06-27,GOOGL,33.84477214472343,33.88642767730192,33.35730026102296,33.77782440185547,58146000,1964045377.670288
2016-06-28,GOOGL,34.28513404683131,34.35307305008712,33.961806136866464,34.27967834472656,38246000,1311060577.972412
2016-06-29,GOOGL,34.42845121722623,34.688300791810555,34.35009643657887,34.47456741333008,43124000,1486681245.1324463
2016-06-30,GOOGL,34.59656051250518,34.900051924044455,34.46018687222227,34.88814926147461,42250000,1474024306.2973022
2016-07-01,GOOGL,34.966000909618145,35.33445369037429,34.89806191855127,35.22138977050781,30984000,1091299540.649414
2016-07-05,GOOGL,34.9615368098025,35.115760628929976,34.66994812054621,34.95558547973633,28440000,994136851.0437012
2016-07-06,GOOGL,34.705165655469585,35.357772864418514,34.663510117670356,35.15792465209961,28902000,1016134338.2949829
2016-07-07,GOOGL,35.21445765718378,35.21743143135888,34.7463265805509,35.073123931884766,21174000,742638326.133728
2016-07-08,GOOGL,35.23676206328963,35.600754186491955,35.11526488478499,35.59480285644531,29946000,1065921966.3391113
2016-07-11,GOOGL,35.67613567815189,36.14773607742154,35.64886095249556,36.061946868896484,28822000,1039377432.6553345
2016-07-12,GOOGL,36.29601436340188,36.478504194121754,36.07682528820751,36.32527160644531,26468000,961457288.8793945
2016-07-13,GOOGL,36.47453318713517,36.47453318713517,36.15219658720866,36.17500686645508,20436000,739272440.322876
2016-07-14,GOOGL,36.39619005209698,36.50528897771368,36.23006351842713,36.48843002319336,21408000,781144309.9365234
2016-07-15,GOOGL,36.74629226191535,36.74629226191535,36.43089819075422,36.47999572753906,32342000,1179836021.8200684
2016-07-18,GOOGL,36.59305878213125,37.44749664493927,36.52363289185408,37.35129165649414,38698000,1445420284.5230103
2016-07-19,GOOGL,37.186158559557356,37.519402852180285,37.11772392326122,37.36170959472656,30436000,1137140993.2250977
2016-07-20,GOOGL,37.393446159399524,37.720247285288984,37.393446159399524,37.543704986572266,22502000,844808449.6078491
2016-07-21,GOOGL,37.539732849890044,37.5967642325016,37.26798061963662,37.41129684448242,19062000,713134140.4495239
2016-07-22,GOOGL,37.555605264775416,37.661230989831516,37.32451352158369,37.652801513671875,20920000,787696607.6660156
2016-07-25,GOOGL,37.573451271824965,37.67957639742075,37.39443085942511,37.56551742553711,21466000,806381397.0565796
2016-07-26,GOOGL,37.56552493252077,37.651813567927114,37.32898124969356,37.57197189331055,23792000,893912355.2856445
2016-07-27,GOOGL,37.63742951484033,37.90918175235793,37.48667506795926,37.786197662353516,32172000,1215657551.1932373
2016-07-28,GOOGL,38.126887024739,38.133333985493536,37.643380101859194,37.97811508178711,73464000,2790024246.368408
2016-07-29,GOOGL,39.55855021112275,39.86749352741342,39.176208406814645,39.24266052246094,101810000,3995295267.791748
2016-08-01,GOOGL,39.01107110759106,40.04353807350582,38.9302381893422,39.71872329711914,60594000,2406716319.465637
2016-08-02,GOOGL,39.539706284418166,39.78716134985954,39.40085450088941,39.678062438964844,39928000,1584265677.0629883
2016-08-03,GOOGL,39.497059741976315,39.649301075841734,39.32597315639033,39.618553161621094,29206000,1157099463.6383057
2016-08-04,GOOGL,39.58483365491569,39.68202990935872,39.370604635245485,39.53573989868164,21520000,850809122.6196289
2016-08-05,GOOGL,39.67756561496506,40.03015076539793,39.56350663425749,40.015769958496094,36146000,1446410020.9197998
2016-08-08,GOOGL,39.969655130847045,40.04900117694204,39.75592173222037,39.93147277832031,24426000,975366154.083252
2016-08-09,GOOGL,39.894772546612266,40.3331507386035,39.87344914852079,40.04304885864258,32154000,1287544193.0007935
2016-08-10,GOOGL,40.02171980145878,40.21164784135088,39.99394944662197,40.0931282043457,18370000,736510765.1138306
2016-08-11,GOOGL,40.1913189255675,40.36042299631303,39.969651698054754,40.07875061035156,25646000,1027859638.1530762
2016-08-12,GOOGL,39.92452464166716,40.02866347512785,39.8526168244554,40.02172088623047,17946000,718229803.024292
2016-08-15,GOOGL,40.02965429641467,40.235453816280426,39.87195726934371,39.96766662597656,18596000,743238728.5766602
2016-08-16,GOOGL,39.84567953294938,39.883370039647275,39.52334284361589,39.73112869262695,21158000,840631220.8786011
2016-08-17,GOOGL,39.67210521444896,39.95129941040567,39.48862036579849,39.94088363647461,21322000,851619520.8969116
2016-08-18,GOOGL,39.93791799504578,40.06883593864311,39.75294622200664,39.80848693847656,17292000,688368356.1401367
2016-08-19,GOOGL,39.66169722818018,39.73310942271386,39.51739351895057,39.654754638671875,22416000,888900979.9804688
2016-08-22,GOOGL,39.59821849911361,39.63739588701339,39.390932093681144,39.52085876464844,17056000,674067767.0898438
2016-08-23,GOOGL,39.69590775294846,39.72169559054514,39.4732492977838,39.50300216674805,18350000,724880089.7598267
2016-08-24,GOOGL,39.516394572165055,39.59574060637693,39.2138944377298,39.354732513427734,25672000,1010314693.0847168
2016-08-25,GOOGL,39.27538600888076,39.41027275205477,39.038842362802484,39.24067306518555,24054000,943895149.9099731
2016-08-26,GOOGL,39.29968807735964,39.64235686348644,39.14695112076273,39.33588790893555,24978000,982531808.1893921
2016-08-29,GOOGL,39.32745977997956,39.598716386747114,39.19207739937307,39.46482467651367,15474000,610678697.0443726
2016-08-30,GOOGL,39.319026386657725,39.5729283869087,39.14992233499226,39.271419525146484,23348000,916909103.0731201
2016-08-31,GOOGL,39.156375359035735,39.25406724185126,39.037360078538164,39.16877365112305,21428000,839308481.7962646
2016-09-01,GOOGL,39.274393783780425,39.319522501186384,38.99421209636444,39.24563217163086,26070000,1023133630.7144165
2016-09-02,GOOGL,39.437549226140746,39.528298512721626,39.337871051194526,39.51689147949219,26998000,1066877036.1633301
2016-09-06,GOOGL,39.59226490905508,40.21214157416695,39.44547929518579,40.069820404052734,39790000,1594378153.8772583
2016-09-07,GOOGL,40.065358929616714,40.19776374760975,39.85658563376365,40.068336486816406,22906000,917805315.5670166
2016-09-08,GOOGL,39.93097412171164,40.089662418442124,39.72219702922466,39.81294631958008,23554000,937754137.6113892
2016-09-09,GOOGL,39.611108378272846,39.758889026778114,39.079502870315196,39.100826263427734,37752000,1476134393.0969238
2016-09-12,GOOGL,38.904454963709604,39.680538014267306,38.85387054339459,39.61359405517578,37274000,1476557104.812622
2016-09-13,GOOGL,39.37506725400617,39.463338398702945,38.8950335522001,39.112735748291016,36180000,1415098779.373169
2016-09-14,GOOGL,39.053714039483296,39.49010960239349,39.053714039483296,39.199012756347656,25842000,1012980887.6495361
2016-09-15,GOOGL,39.17670256976002,39.85311122922831,39.109754827653475,39.73310470581055,31144000,1237447812.9577637
2016-09-16,GOOGL,39.62351678061481,39.62351678061481,39.35572955096431,39.57144546508789,42612000,1686218434.1583252
2016-09-19,GOOGL,39.72715541149446,39.86997600750059,39.352751232306396,39.44350051879883,22990000,906806076.927185
2016-09-20,GOOGL,39.672112881999176,39.80848652671655,39.58582425070304,39.66120147705078,20984000,832250651.7944336
2016-09-21,GOOGL,39.73459266546319,39.96518876853298,39.475234948986504,39.921546936035156,26970000,1076684120.8648682
2016-09-22,GOOGL,40.16801559072523,40.61730140587368,40.05445601024439,40.463077545166016,35186000,1423733846.5042114
2016-09-23,GOOGL,40.422911312380904,40.515147500226135,40.30340039307925,40.41398620605469,28234000,1141048486.541748
2016-09-26,GOOGL,40.15908672984777,40.171980650024054,39.694425108236764,39.803524017333984,29454000,1172372996.4065552
2016-09-27,GOOGL,39.76286025686579,40.34108145584214,39.76286025686579,40.2042121887207,27346000,1099424386.5127563
2016-09-28,GOOGL,39.87444493065265,40.18041832421347,39.80997910004523,40.17099380493164,29406000,1181268243.8278198
2016-09-29,GOOGL,40.03065049371682,40.36191228220349,39.71476077164047,39.80303192138672,27000000,1074681861.8774414
2016-09-30,GOOGL,39.85063713405486,40.07329562351984,39.74649829321063,39.87344741821289,33204000,1323957948.0743408
2016-10-03,GOOGL,39.798568180622745,39.84766193825694,39.48516038152102,39.69095993041992,29784000,1182155550.567627
2016-10-04,GOOGL,39.920061304868916,39.99444726895475,39.655747290474906,39.81046676635742,25174000,1002188690.3762817
2016-10-05,GOOGL,39.96964835001755,40.093623688437845,39.707316866861795,39.73310470581055,24276000,964560849.8382568
2016-10-06,GOOGL,39.87443373793204,40.01675869450655,39.697399622135485,39.82484436035156,21998000,876066926.2390137
2016-10-07,GOOGL,39.966179435986824,39.966675064939814,39.514411753622035,39.70731735229492,23262000,923671616.2490845
2016-10-10,GOOGL,39.867001371932034,40.53398938105324,39.78319466833775,40.37480545043945,29922000,1208094928.6880493
2016-10-11,GOOGL,40.3748007243462,40.65696871777446,40.03758764997952,40.14668655395508,34432000,1382330711.4257812
2016-10-12,GOOGL,40.265207629577795,40.39116548922834,40.09610734911758,40.25578689575195,18158000,730964578.453064
2016-10-13,GOOGL,39.9731185144932,39.99741568133745,39.603670671893646,39.87443161010742,27380000,1091761937.4847412
2016-10-14,GOOGL,40.04156030949034,40.17247825014532,39.787162646581336,39.90022659301758,22238000,887301238.9755249
2016-10-17,GOOGL,39.96915559860903,40.34108164064635,39.86204298695418,40.01130676269531,21128000,845358889.2822266
2016-10-18,GOOGL,40.3767859905438,41.10080156765005,40.333147939351875,40.7378044128418,45786000,1865221112.8463745
2016-10-19,GOOGL,40.80673776431549,41.14990221886442,40.80673776431549,41.00311279296875,30002000,1230175390.0146484
2016-10-20,GOOGL,41.038814054720824,41.083942776470344,40.69118896392038,40.744747161865234,27878000,1135882061.378479
2016-10-21,GOOGL,40.66391454440971,40.8766566674164,40.58010784395228,40.86524963378906,32316000,1320601407.1655273
2016-10-24,GOOGL,41.16427631898356,41.55355690969719,41.11220501274694,41.4444580078125,28952000,1199899948.2421875
2016-10-25,GOOGL,41.58132914051226,41.58132914051226,40.92673948309203,41.08790969848633,37814000,1553698217.338562
2016-10-26,GOOGL,41.01699692821822,41.046257956904626,40.482913161281594,40.7680549621582,35898000,1463491637.0315552
2016-10-27,GOOGL,40.81318235131715,40.99021648753633,40.39662320804764,40.532501220703125,59470000,2410467847.595215
2016-10-28,GOOGL,41.156840283677674,41.60612605093556,40.515140757668846,40.642093658447266,87098000,3539845073.46344
2016-10-31,GOOGL,40.78441521557222,40.794335361866395,40.06883291599354,40.16305160522461,44854000,1801473516.7007446
2016-11-01,GOOGL,40.21115448717782,40.3643908598248,39.58582205559819,39.94386291503906,47118000,1882074932.8308105
2016-11-02,GOOGL,40.00734138767822,40.00734138767822,38.92825873267209,39.09785842895508,47014000,1838146716.178894
2016-11-03,GOOGL,38.90346073678692,39.17620800207094,38.6123676331153,38.788909912109375,43504000,1687472736.8164062
2016-11-04,GOOGL,38.24886688601086,39.10082649137992,38.23399045197834,38.7348518371582,39412000,1526617980.606079
2016-11-07,GOOGL,39.42167930961891,39.920058805970264,39.32001862451289,39.77277755737305,39852000,1585024731.2164307
2016-11-08,GOOGL,39.77277401042042,40.4675284429429,39.653259343675956,40.26619338989258,35382000,1424698454.5211792
2016-11-09,GOOGL,39.76285928752729,40.25280933150319,39.277373687692986,39.949317932128906,61970000,2475659232.2540283
2016-11-10,GOOGL,40.16801016326997,40.17098393698969,38.096629213823995,38.69468688964844,118192000,4573402432.861328
2016-11-11,GOOGL,38.52211510799207,38.54591664906911,37.963234795669976,38.27119064331055,71852000,2749861590.1031494
2016-11-14,GOOGL,38.271682675398004,38.272673933254644,36.87472794865656,37.35227966308594,73766000,2755328261.6271973
2016-11-15,GOOGL,37.959755489882774,38.6922041944503,37.94736098408113,38.440284729003906,58878000,2263287084.274292
2016-11-16,GOOGL,38.20523510608127,38.85387346355575,38.002413130908955,38.679317474365234,35968000,1391217690.9179688
2016-11-17,GOOGL,38.80428024808149,39.12165680622231,38.67286669432445,38.98577880859375,30674000,1195849779.1748047
2016-11-18,GOOGL,39.035868182676,39.240177027686165,38.44971317756701,38.4804573059082,36126000,1390145000.6332397
2016-11-21,GOOGL,38.58608578500666,39.005123063165335,38.49682338384016,38.91834259033203,32616000,1269360661.9262695
2016-11-22,GOOGL,39.126126495505844,39.363165796299874,38.865777497779675,38.928260803222656,27884000,1085475624.2370605
2016-11-23,GOOGL,39.152411317360304,39.152411317360304,38.31582357936732,38.63072204589844,26260000,1014442760.925293
2016-11-25,GOOGL,38.809739256102695,38.82412006339192,38.590550177046076,38.691715240478516,12270000,474747346.0006714
2016-11-28,GOOGL,38.59848168523095,39.659214658057756,38.586083394615024,38.96743392944336,51508000,2007134586.8377686
2016-11-29,GOOGL,39.09587056298145,39.49556694230976,38.94511612419917,39.1484375,31240000,1222997187.5
2016-11-30,GOOGL,39.13158656596807,39.2510974877147,38.3406231209779,38.47600173950195,45582000,1753813111.289978
2016-12-01,GOOGL,38.608402838728196,38.61088098354522,37.35922489616226,37.903228759765625,57342000,2173446943.5424805
2016-12-02,GOOGL,37.78273028415342,38.209205806714394,37.638918418784954,37.9096794128418,34376000,1303183139.4958496
2016-12-05,GOOGL,38.184406955295856,38.680308344325674,38.034148138269195,38.592037200927734,33770000,1303253096.2753296
2016-12-06,GOOGL,38.689728367066834,38.942143501208534,38.34904587457742,38.49087142944336,34682000,1334940402.9159546
2016-12-07,GOOGL,38.677828769919465,39.27538704621044,38.35945715398941,39.249107360839844,40588000,1593042769.5617676
2016-12-08,GOOGL,39.32250031409867,39.6225223235874,39.07256709997459,39.43259048461914,32250000,1271701043.1289673
2016-12-09,GOOGL,39.63739604608283,40.165532207710385,39.57540837578578,40.1407356262207,38090000,1528960620.0027466
2016-12-12,GOOGL,39.91113633053669,40.234959873944966,39.89675552333381,40.063873291015625,32572000,1304960480.834961
2016-12-13,GOOGL,40.28652937481459,40.877148826659145,40.26421472187155,40.43281936645508,42564000,1720982523.513794
2016-12-14,GOOGL,40.46158851570313,40.87517010235621,40.305873992751984,40.55928039550781,35994000,1459890738.5559082
2016-12-15,GOOGL,40.53299436488209,40.81268422036397,40.2671896872104,40.44819641113281,35394000,1431623463.7756348
2016-12-16,GOOGL,40.58011236120299,40.624246046800025,40.07478639040175,40.16008377075195,51978000,2087440834.236145
2016-12-19,GOOGL,40.13230502006884,40.47646067693328,39.8952619660087,40.29198455810547,25272000,1018259033.7524414
2016-12-20,GOOGL,40.33513114188209,40.48985440647992,40.21760275231205,40.425880432128906,25438000,1028353546.4324951
2016-12-21,GOOGL,40.45167087053728,40.45167087053728,39.92502530584198,40.27711486816406,29192000,1175769537.2314453
2016-12-22,GOOGL,40.123383770654364,40.22107564952607,39.97113865211529,40.15214538574219,22632000,908723354.3701172
2016-12-23,GOOGL,40.06932996020436,40.216115593068096,39.92551810127754,40.05891418457031,15310000,613301976.1657715
2016-12-27,GOOGL,40.102555472320766,40.465556443570605,39.95973864327559,40.16454315185547,19520000,784011882.3242188
2016-12-28,GOOGL,40.33314435403471,40.33314435403471,39.79310933068708,39.89873504638672,24296000,969379666.6870117
2016-12-29,GOOGL,39.78765142354546,39.957247313992845,39.57986940624568,39.81492614746094,21148000,842006058.1665039
2016-12-30,GOOGL,39.83129857481206,39.83526739044925,39.15736795230836,39.29771041870117,34718000,1364337910.3164673
2017-01-03,GOOGL,39.702850415096556,40.23941601585389,39.51788245814108,40.0693244934082,39180000,1569916133.6517334
2017-01-04,GOOGL,40.1625565476015,40.33810757528948,39.87592787720034,40.05742645263672,30306000,1213980366.0736084
2017-01-05,GOOGL,40.04403340203686,40.353476112126216,39.96568241249987,40.317771911621094,26810000,1080919464.9505615
2017-01-06,GOOGL,40.41546657695587,41.108242374195086,40.24239748074538,40.922279357910156,40342000,1650886593.8568115
2017-01-09,GOOGL,40.97980510527993,41.18114019886735,40.74425269352273,41.01997375488281,28178000,1155860820.465088
2017-01-10,GOOGL,41.01451151316652,41.13055299904202,40.81962341108531,40.961944580078125,23948000,980956648.8037109
2017-01-11,GOOGL,40.99219937898795,41.154852694030204,40.73681048196341,41.152870178222656,26508000,1090880282.6843262
2017-01-12,GOOGL,41.07947374903928,41.17865628665447,40.71399470522361,41.136505126953125,26990000,1110274273.3764648
2017-01-13,GOOGL,41.209398486582,41.390401407051534,41.13600757394915,41.206424713134766,25804000,1063290583.2977295
2017-01-17,GOOGL,41.15981329531637,41.168738399991994,40.82260021577669,41.03385543823242,28818000,1182513646.018982
2017-01-18,GOOGL,41.14989926027357,41.15039488925985,40.86624057617033,41.1112174987793,20554000,844999964.4699097
2017-01-19,GOOGL,41.110223893139775,41.308585195718834,40.86029069494082,40.880619049072266,21410000,875254053.8406372
2017-01-20,GOOGL,41.11469329778797,41.12213530059469,40.892034778632805,41.06907272338867,26124000,1072888455.8258057
2017-01-23,GOOGL,41.23965612545367,41.93044562655304,41.09534864255038,41.87540054321289,49148000,2058092185.8978271
2017-01-24,GOOGL,42.00185768787237,42.22699811397487,41.76878341409587,42.12831497192383,33768000,1422588939.9719238
2017-01-25,GOOGL,42.32766519877117,42.58751477519403,42.13872461845083,42.570655822753906,33108000,1409429272.9797363
2017-01-26,GOOGL,42.600408910411446,42.69710953150405,42.17740659261196,42.49775695800781,69866000,2969148287.628174
2017-01-27,GOOGL,42.59793101150635,42.994649861401655,41.749940071620735,41.905155181884766,75050000,3144981896.4004517
2017-01-30,GOOGL,41.509920225210415,41.5183497009137,40.714988128917156,40.853843688964844,70338000,2873577657.394409
2017-01-31,GOOGL,40.63911489947876,40.81615280472264,40.33661476749601,40.67333221435547,40404000,1643365314.7888184
2017-02-01,GOOGL,40.862277255504374,40.862277255504374,40.279591580894134,40.4278678894043,45020000,1820062612.3809814
2017-02-02,GOOGL,40.415959408106055,40.89004172708558,40.26966942011146,40.57762145996094,33784000,1370874363.4033203
2017-02-03,GOOGL,40.81912866553325,40.967896797151255,40.63167499321704,40.67035675048828,30562000,1242967443.0084229
2017-02-06,GOOGL,40.70953830527926,40.782433600042616,40.380754685087716,40.7442512512207,27018000,1100828180.305481
2017-02-07,GOOGL,40.93666363173222,41.255031495086214,40.82706908524538,41.12163162231445,33332000,1370666225.2349854
2017-02-08,GOOGL,41.18609679896117,41.37057292412029,40.91731834970197,41.15386199951172,26044000,1071811181.9152832
2017-02-09,GOOGL,41.24560383092649,41.258002122135224,40.98624989062791,41.16278839111328,23884000,983132037.9333496
2017-02-10,GOOGL,41.30610711108008,41.514384795626334,41.18510931581262,41.40032958984375,28302000,1171712128.0517578
2017-02-13,GOOGL,41.541661772573235,41.74200940389567,41.46975772881294,41.604148864746094,25914000,1078129913.6810303
2017-02-14,GOOGL,41.64431356740576,41.75489937570321,41.44892979402669,41.65720748901367,27266000,1135825419.3954468
2017-02-15,GOOGL,41.59670989901798,41.74349933829526,41.46827386893535,41.522823333740234,27144000,1127095516.571045
2017-02-16,GOOGL,41.581330563872754,41.78911260951294,41.51983851944751,41.763328552246094,20102000,839526430.557251
2017-02-17,GOOGL,41.72068022980646,41.999874481419,41.64480737399382,41.980533599853516,29224000,1226839113.9221191
2017-02-21,GOOGL,42.051942921029976,42.26071622164338,41.98053073116248,42.11541748046875,25206000,1061561213.0126953
2017-02-22,GOOGL,42.0524406595054,42.33956497001687,41.988466684456796,42.21906280517578,24488000,1033860409.9731445
2017-02-23,GOOGL,42.205171207387956,42.28153967920534,41.77968701910047,42.201202392578125,27734000,1170408147.1557617
2017-02-24,GOOGL,42.03508449324998,42.07029307110475,41.802505844371204,42.04301834106445,26924000,1131966225.8148193
2017-02-27,GOOGL,41.901188394748345,42.18484328748124,41.80498340612028,42.13525390625,20206000,851384940.4296875
2017-02-28,GOOGL,42.02020257062519,42.09359727432697,41.727123168204734,41.90019226074219,27662000,1159043118.3166504
2017-03-01,GOOGL,42.22005449939924,42.548342504149474,42.10302173633667,42.48635482788086,36374000,1545398670.5093384
2017-03-02,GOOGL,42.46452681776513,42.47345570558734,42.08814014521589,42.1441764831543,25018000,1054363007.2555542
2017-03-03,GOOGL,42.09905640287104,42.1922876312005,41.88929181427147,42.10599899291992,20100000,846330579.7576904
2017-03-06,GOOGL,41.99589940031871,42.09904696985124,41.71373141676095,42.016231536865234,20958000,880576180.5496216
2017-03-07,GOOGL,42.01574305780184,42.31675634233,41.929458207599495,42.208648681640625,20774000,876842467.7124023
2017-03-08,GOOGL,42.30634258826807,42.495283188996666,42.21361077297626,42.332130432128906,20576000,871025915.7714844
2017-03-09,GOOGL,42.334609515705885,42.6827302507208,42.284025089466375,42.5404052734375,26954000,1146634083.7402344
2017-03-10,GOOGL,42.781411749266475,42.857284602286036,42.529000390475204,42.71744155883789,26732000,1141922647.7508545
2017-03-13,GOOGL,42.68868599805983,43.001102559675886,42.68819036900053,42.87464904785156,23332000,1000351311.5844727
2017-03-14,GOOGL,42.83348494769357,43.02341679481871,42.65396887665128,42.94060134887695,21234000,911800729.0420532
2017-03-15,GOOGL,43.0412610919244,43.13746607479491,42.711981869445765,43.063575744628906,26658000,1147988802.2003174
2017-03-16,GOOGL,43.16970846008566,43.277816123435485,43.020440886692334,43.14342498779297,22090000,953038257.9803467
2017-03-17,GOOGL,43.32590580667019,43.36260504779347,43.06258307647032,43.26094436645508,37366000,1616488447.1969604
2017-03-20,GOOGL,43.11763121306919,43.16027800433553,42.8791050459838,43.03977584838867,30844000,1327518846.2677002
2017-03-21,GOOGL,43.14639569391614,43.31549976676178,42.03706450117131,42.15856170654297,50760000,2139968592.224121
2017-03-22,GOOGL,42.12582164075488,42.416918481387185,42.002837576528286,42.141693115234375,27334000,1151901039.6118164
2017-03-23,GOOGL,41.72464387625716,41.73952031148687,41.30858418506288,41.63835525512695,65754000,2737888411.4456177
2017-03-24,GOOGL,41.754894042196646,41.85407658673176,41.11518460122445,41.41470718383789,42114000,1744138978.340149
2017-03-27,GOOGL,41.06509988057036,41.72415405026742,40.877154331422155,41.58182907104492,38692000,1608884130.41687
2017-03-28,GOOGL,41.640338896366956,41.92349812688398,41.272377936970315,41.686954498291016,30384000,1266616425.4760742
2017-03-29,GOOGL,41.7920913204996,42.230465707265346,41.72415231402535,42.145172119140625,29146000,1228363186.5844727
2017-03-30,GOOGL,42.24980312939076,42.25079438729793,41.99144045777014,42.12582778930664,18988000,799885218.0633545
2017-03-31,GOOGL,41.99441612107076,42.12979850003322,41.91556949620484,42.042518615722656,28820000,1211665386.505127
2017-04-03,GOOGL,42.08963218639071,42.59793188847887,42.0291313971322,42.48635482788086,39388000,1673452543.9605713
2017-04-04,GOOGL,42.05243689345709,42.300387573764205,42.02813594100939,42.2790641784668,26970000,1140266360.8932495
2017-04-05,GOOGL,42.385184573282025,42.67677329553745,42.02863062525979,42.09756088256836,37104000,1561987898.9868164
2017-04-06,GOOGL,42.12682059020596,42.329646342464315,41.8540771020873,41.908626556396484,30672000,1285421393.737793
2017-04-07,GOOGL,41.9036690402863,41.947307093025614,41.521826620248596,41.759857177734375,22232000,928405144.7753906
2017-04-10,GOOGL,41.73208690447786,41.9899577562754,41.694895812116435,41.740020751953125,20924000,873368194.2138672
2017-04-11,GOOGL,41.740018673254596,41.88531741587086,41.38792914386672,41.64976501464844,19486000,811587321.0754395
2017-04-12,GOOGL,41.579343169696955,41.84018775306361,41.53620075289303,41.72811508178711,22716000,947895862.197876
2017-04-13,GOOGL,41.707281490382464,41.84068133249229,41.549092636516676,41.664634704589844,21474000,894706365.6463623
2017-04-17,GOOGL,41.724149114766554,42.43130569924211,41.70679075101963,42.40601348876953,20982000,889762975.0213623
2017-04-18,GOOGL,42.27757567030453,42.51808814517669,42.21360548114079,42.349483489990234,18724000,792951728.8665771
2017-04-19,GOOGL,42.518087207486694,42.657434616117435,42.326668489768906,42.474449157714844,21606000,917702948.5015869
2017-04-20,GOOGL,42.634626521743776,42.84240857293472,42.52354509231196,42.6514892578125,23776000,1014081808.59375
2017-04-21,GOOGL,42.67826680238518,42.76852425193915,42.53495434716827,42.59545135498047,23458000,999204097.8851318
2017-04-24,GOOGL,43.066063164962536,43.63734180430054,42.950517288308454,43.58626174926758,33930000,1478881861.152649
2017-04-25,GOOGL,43.75139608506986,44.24680185831593,43.603619192444796,44.077701568603516,40760000,1796607115.9362793
2017-04-26,GOOGL,44.20415594899179,44.28350199098391,43.894713195392065,44.09257888793945,26466000,1166954192.8482056
2017-04-27,GOOGL,44.135222301207726,44.30283569444593,43.995379263853415,44.20663070678711,46846000,2070903822.090149
2017-04-28,GOOGL,46.06923926718595,46.41140864894672,45.782606814790455,45.847076416015625,76918000,3526465423.76709
2017-05-01,GOOGL,45.82872591991536,46.40744273241571,45.662599413681235,46.258670806884766,46556000,2153618678.085327
2017-05-02,GOOGL,46.28098842279427,46.763004610173645,46.16841633099598,46.470420837402344,35026000,1627672960.2508545
2017-05-03,GOOGL,46.418851039088835,47.120548172946634,46.37719550414564,47.03376770019531,36496000,1716544385.9863281
2017-05-04,GOOGL,47.1250151397329,47.563888950498146,46.98021201764203,47.34469985961914,38752000,1834701808.959961
2017-05-05,GOOGL,47.44387462481954,47.52917199142288,47.01640788415368,47.124515533447266,32310000,1522593096.8856812
2017-05-08,GOOGL,46.9841753592796,47.65562394932024,46.98169343110504,47.541568756103516,37534000,1784425241.6915894
2017-05-09,GOOGL,47.67248766438514,47.71563008444086,47.328827623964095,47.44337844848633,33758000,1601593569.6640015
2017-05-10,GOOGL,47.41908542404373,47.44338259547366,47.10270008245912,47.350650787353516,22920000,1085276916.0461426
2017-05-11,GOOGL,47.17460339933577,47.506860214208146,47.0417029434433,47.40271759033203,20622000,977538842.1478271
2017-05-12,GOOGL,47.49991923755846,47.5063624147176,47.212791135512354,47.36552810668945,24298000,1150887601.9363403
2017-05-15,GOOGL,47.37295629435246,47.74041783627722,47.250467852568626,47.56784439086914,26754000,1272630108.833313
2017-05-16,GOOGL,47.78257707538277,47.899110413907586,47.62388879195865,47.835140228271484,22030000,1053808139.2288208
2017-05-17,GOOGL,47.59165777842609,47.65562796915042,46.61770519282144,46.72234344482422,48982000,2288553826.61438
2017-05-18,GOOGL,46.773412126361,47.317911561233295,46.677702778584404,47.13542175292969,36010000,1697346537.322998
2017-05-19,GOOGL,47.250471573982466,47.58471087173579,47.20980729982092,47.34122085571289,27206000,1287965254.600525
2017-05-22,GOOGL,47.457762216999214,47.84555974302487,47.43594319112979,47.80836486816406,27748000,1326586508.3618164
2017-05-23,GOOGL,48.10045009405609,48.326082340687556,47.82968534461485,48.12970733642578,30908000,1487592994.354248
2017-05-24,GOOGL,48.36327930777506,48.505104865122426,48.18326761826349,48.47981643676758,22660000,1098552640.4571533
2017-05-25,GOOGL,48.54874313265583,49.38086629772243,48.4902248662543,49.18647003173828,39082000,1922305621.7803955
2017-05-26,GOOGL,49.19340691488749,49.41110906633756,48.963310257812736,49.25638961791992,32728000,1612063119.4152832
2017-05-30,GOOGL,49.21821711290627,49.47211916056889,49.16168513662626,49.400211334228516,30324000,1498012008.4991455
2017-05-31,GOOGL,49.4021916056007,49.57030062685248,48.681645460182665,48.949928283691406,34482000,1687891427.078247
2017-06-01,GOOGL,49.14184620402956,49.24995386101215,48.66230812047207,49.00944137573242,26128000,1280518684.2651367
2017-06-02,GOOGL,49.02431883067383,49.415585775682665,48.94894160330658,49.39773178100586,34710000,1714595270.1187134
2017-06-05,GOOGL,49.485498768643964,49.9570991498203,49.36449720913862,49.78254318237305,27578000,1372902975.883484
2017-06-06,GOOGL,49.754278739977416,50.017105848848146,49.332267722276335,49.42549514770508,31042000,1534266220.375061
2017-06-07,GOOGL,49.54500939385229,49.78403497945871,49.38532984527418,49.66452407836914,27482000,1364880450.7217407
2017-06-08,GOOGL,49.799897680103975,49.86783667705478,49.42251976336628,49.8023796081543,33758000,1681228730.8120728
2017-06-09,GOOGL,49.86239546518964,49.86289109422075,47.2777543862518,48.10839080810547,72958000,3509891976.577759
2017-06-12,GOOGL,47.543056479016165,48.00325364185304,46.456040021132644,47.6962890625,84042000,4008491525.390625
2017-06-13,GOOGL,48.203596258561944,48.49468935371341,47.7062042356973,48.127227783203125,40108000,1930286851.928711
2017-06-14,GOOGL,48.37518947765104,48.58346718515881,47.58223973508945,47.99979019165039,30110000,1445273682.6705933
2017-06-15,GOOGL,47.012445428990574,47.640256025476745,46.63308116116803,47.61545944213867,48552000,2311825786.834717
2017-06-16,GOOGL,47.502884995828715,47.604050048668704,47.046161046403334,47.53809356689453,51184000,2433189781.1279297
2017-06-19,GOOGL,48.0850695535504,48.563616293496246,48.013165527043924,48.361289978027344,29376000,1420661254.3945312
2017-06-20,GOOGL,48.36576069703733,48.63751673439766,48.0131755125176,48.05235290527344,25946000,1246766348.4802246
2017-06-21,GOOGL,48.141613193262096,48.576022547275464,48.07516107389255,48.52841567993164,23232000,1127412153.0761719
2017-06-22,GOOGL,48.44311197489985,48.62312742845359,48.26657349069911,48.43071746826172,20190000,977816185.6842041
2017-06-23,GOOGL,48.37518239707593,48.92662450391331,48.32360671509279,48.90034103393555,31280000,1529602667.541504
2017-06-26,GOOGL,49.09423713824361,49.29210282004451,48.118797690918115,48.206077575683594,30358000,1463440103.0426025
2017-06-27,GOOGL,47.685876593994784,47.96457140280664,46.966321722979984,47.01591110229492,48872000,2297761607.3913574
2017-06-28,GOOGL,47.14336026379813,47.76720200383688,46.42430101204504,47.6566162109375,54912000,2616920109.375
2017-06-29,GOOGL,47.17757909465586,47.19295115976187,46.09899207409233,46.506622314453125,64134000,2982655715.5151367
2017-06-30,GOOGL,46.812593402635756,46.86267841078685,46.09948549310746,46.10295867919922,45754000,2109394771.408081
2017-07-03,GOOGL,46.278513366526404,46.329097795202735,45.39035370820411,45.596153259277344,33896000,1545527210.8764648
2017-07-05,GOOGL,45.83121477520933,46.43075949471956,45.55499803889187,46.23091125488281,41882000,1936243025.177002
2017-07-06,GOOGL,45.87088018933143,46.4233135702803,45.61549126716773,46.004276275634766,40298000,1853880325.3555298
2017-07-07,GOOGL,46.167919534397264,46.84581886255221,46.10841001006058,46.6548957824707,33266000,1552021763.0996704
2017-07-10,GOOGL,46.71143095041568,47.26585060737463,46.71143095041568,47.160221099853516,29030000,1369061218.5287476
2017-07-11,GOOGL,47.136422708071954,47.35312987294375,46.86863548745565,47.28568649291992,29224000,1381876902.0690918
2017-07-12,GOOGL,47.64917988080973,48.08408485181056,47.45974745807776,47.986392974853516,32042000,1537580003.7002563
2017-07-13,GOOGL,48.142106959478454,48.53386950434933,47.84456688766295,48.045406341552734,30492000,1465000530.166626
2017-07-14,GOOGL,48.30079901168149,48.476346267856194,48.10987590583128,48.445106506347656,21592000,1046026739.6850586
2017-07-17,GOOGL,48.415845173651554,48.76446151150761,48.14210664466334,48.39799118041992,33210000,1607297287.1017456
2017-07-18,GOOGL,48.26905499811704,49.136386766190476,48.20359792415932,48.94298553466797,28266000,1383422429.1229248
2017-07-19,GOOGL,49.09473625346251,49.37194420920344,48.94596431395678,49.231605529785156,28242000,1390399003.3721924
2017-07-20,GOOGL,49.44136506550022,49.52467613243414,48.82743968411209,49.20283889770508,28368000,1395786133.8500977
2017-07-21,GOOGL,49.04465110681901,49.3476469041636,48.80512987390035,49.28466796875,29266000,1442365092.7734375
2017-07-24,GOOGL,49.297559092292246,49.897103692369484,49.10762725537784,49.50633239746094,79690000,3945159628.753662
2017-07-25,GOOGL,48.13714817516883,48.43617514191292,47.79497500253441,48.0543327331543,118672000,5702703774.108887
2017-07-26,GOOGL,48.24029311170584,48.298311967463555,47.617938258242155,47.86985397338867,44432000,2126953351.7456055
2017-07-27,GOOGL,48.061763380750754,48.0786261139463,46.46892935258768,47.2350959777832,74358000,3512307266.7160034
2017-07-28,GOOGL,47.010959426011375,47.695302007938096,46.878055184955635,47.523719787597656,36276000,1723970459.0148926
2017-07-31,GOOGL,47.60652950271842,47.66554339768832,46.70051601287708,46.887474060058594,45670000,2141350940.322876
2017-08-01,GOOGL,47.002024441726235,47.33328617654758,46.86069452596659,46.94003677368164,28052000,1316761911.5753174
2017-08-02,GOOGL,47.02979877062842,47.06600238669588,46.24379552740567,46.99359893798828,40788000,1916774913.482666
2017-08-03,GOOGL,47.06599995839331,47.11062926480969,46.586957548998946,46.62960433959961,22478000,1048140246.34552
2017-08-04,GOOGL,46.8106105815028,46.988639757636676,46.60481483170732,46.901859283447266,25092000,1176861453.1402588
2017-08-07,GOOGL,46.98765116143613,47.05906335758708,46.78829857720358,46.89987564086914,28916000,1356156804.031372
2017-08-08,GOOGL,46.82747365367446,47.234112649723684,46.737715621479595,46.822513580322266,30102000,1409451303.7948608
2017-08-09,GOOGL,46.53786519707213,46.801187949752354,46.313220421096304,46.61869812011719,28018000,1306162683.9294434
2017-08-10,GOOGL,46.36677963293096,46.43124545113542,45.711198696196725,45.80095672607422,54148000,2480030204.803467
2017-08-11,GOOGL,45.8069057051772,46.28544870248275,45.683425993885166,46.123291015625,32334000,1491350491.6992188
2017-08-14,GOOGL,46.568610985234095,46.666302863552595,46.341488056325936,46.561668395996094,23012000,1071477113.1286621
2017-08-15,GOOGL,46.66580599029485,46.76697105224863,46.44810758478902,46.51951599121094,22130000,1029476888.885498
2017-08-16,GOOGL,46.676717679241115,47.1056713162166,46.616712522265445,46.826480865478516,26906000,1259913294.166565
2017-08-17,GOOGL,46.76101757125523,46.80366436155835,46.001793471102964,46.002784729003906,33914000,1560138441.2994385
2017-08-18,GOOGL,45.969062970150496,46.1694067852082,45.79401136523501,45.92938995361328,26748000,1228519322.479248
2017-08-21,GOOGL,45.90906726416016,46.032047577115684,45.553504525158544,45.666072845458984,26024000,1188413879.7302246
2017-08-22,GOOGL,45.96807491352462,46.71192699997821,45.928897523208725,46.63456726074219,35502000,1655620406.8908691
2017-08-23,GOOGL,46.46595968241181,46.88400571291574,46.3786835784454,46.74267578125,22690000,1060591313.4765625
2017-08-24,GOOGL,46.798706948541536,46.92763857425652,46.15552057307429,46.46050262451172,25892000,1202955333.9538574
2017-08-25,GOOGL,46.57555074553158,46.65092796459833,46.123786843514566,46.14362335205078,23746000,1095726480.1177979
2017-08-28,GOOGL,46.2120593607125,46.35934061711738,45.92592254041235,46.02609634399414,20988000,965995710.067749
2017-08-29,GOOGL,45.620447528143664,46.524970378782186,45.58870835761556,46.403968811035156,23172000,1075272765.2893066
2017-08-30,GOOGL,46.400002473723774,46.905324559167866,46.31966518345918,46.79473876953125,22406000,1048482916.8701172
2017-08-31,GOOGL,46.92714896244938,47.46768346553586,46.924670817438766,47.370487213134766,33866000,1604248919.960022
2017-09-01,GOOGL,47.481072279714525,47.523719073801274,47.12451829448306,47.20931625366211,20858000,984691918.4188843
2017-09-05,GOOGL,46.95492161145415,47.17956641348492,46.39653687018973,46.68812942504883,29148000,1360865596.4813232
2017-09-06,GOOGL,46.806641510047506,46.837881267362846,46.25172626171987,46.714900970458984,27830000,1300075694.0078735
2017-09-07,GOOGL,46.825492734615516,47.135431119717744,46.492244652362224,47.10517883300781,22332000,1051952853.6987305
2017-09-08,GOOGL,47.09575768667482,47.14534707117215,46.615228340858096,46.684654235839844,19998000,933599715.4083252
2017-09-11,GOOGL,46.971770822345476,47.24352300418608,46.66431066032734,46.77787399291992,26748000,1251214573.562622
2017-09-12,GOOGL,46.957893333081294,47.0159121893701,46.49075357527375,46.94450378417969,25696000,1206285969.2382812
2017-09-13,GOOGL,46.8874731762672,47.251960963576245,46.84978267680518,47.1324462890625,21908000,1032577633.3007812
2017-09-14,GOOGL,46.91227079077676,47.01294022589759,46.533402158652414,46.621177673339844,28548000,1330941380.2185059
2017-09-15,GOOGL,46.619195067805805,46.70151488008592,46.18081690762232,46.381160736083984,39886000,1849958977.1194458
2017-09-18,GOOGL,46.36727466389733,46.459015208510344,45.890714164084756,46.10643005371094,29474000,1358940919.4030762
2017-09-19,GOOGL,46.287932095702274,46.51257308874732,45.95319715307209,46.459014892578125,24854000,1154692356.1401367
2017-09-20,GOOGL,46.50216295273148,47.11063266470182,46.49075591911363,46.98863983154297,40080000,1883304684.4482422
2017-09-21,GOOGL,47.017897323866876,47.2494808977475,46.58398363458047,46.989131927490234,27414000,1288160062.6602173
2017-09-22,GOOGL,46.75210053203218,47.11063706328396,46.65639116010081,46.776397705078125,21496000,1005505445.0683594
2017-09-25,GOOGL,46.58745392106083,46.60233035677024,45.846575641943474,46.33107376098633,37468000,1735932671.6766357
2017-09-26,GOOGL,46.4505863376786,46.817056675358884,46.37273097015795,46.487281799316406,33454000,1555185525.314331
2017-09-27,GOOGL,46.75060549047988,47.87580427556471,46.71142810290496,47.60157012939453,46692000,2222612512.4816895
2017-09-28,GOOGL,47.42056928387711,47.91299747578231,47.38585633874496,47.845062255859375,28018000,1340522954.284668
2017-09-29,GOOGL,47.90407734784106,48.390558042632506,47.90407734784106,48.28691482543945,40622000,1961511054.0390015
2017-10-02,GOOGL,48.38261838684529,48.4862615915967,47.70323214774161,47.97697067260742,30782000,1476827111.2442017
2017-10-03,GOOGL,47.981432514979794,48.22343565844154,47.74092382529935,48.20558166503906,21666000,1044422132.3547363
2017-10-04,GOOGL,48.18971609694457,48.32063403738987,47.88473400928468,47.94275665283203,21156000,1014276959.7473145
2017-10-05,GOOGL,48.24078862704488,48.921166118090966,48.115822027686306,48.85570526123047,35618000,1740142509.9945068
2017-10-06,GOOGL,48.59833721826085,49.30549385589076,48.52444688054083,49.27474594116211,31060000,1530473608.932495
2017-10-09,GOOGL,49.34219355062421,49.61295455791978,49.168628802357816,49.208797454833984,25910000,1274999942.0547485
2017-10-10,GOOGL,49.3570639761873,49.46467599871771,48.65338055030203,48.985137939453125,23268000,1139786189.5751953
2017-10-11,GOOGL,49.04662945044171,49.965536911405124,48.99207999630579,49.870323181152344,36300000,1810292731.47583
2017-10-12,GOOGL,49.780565152998605,50.16240754852281,49.64468714662896,49.870323181152344,30614000,1526730073.8677979
2017-10-13,GOOGL,50.04190738984053,50.32208910626672,49.94024669548672,49.98041534423828,26552000,1327079988.2202148
2017-10-16,GOOGL,50.067687667759934,50.18521604777467,49.665513148471184,50.053802490234375,21420000,1072152449.3408203
2017-10-17,GOOGL,49.95908925000116,50.312170026590096,49.89015898984371,50.13562774658203,20260000,1015747818.145752
2017-10-18,GOOGL,50.138109503109504,50.398950323668224,49.85395520422401,50.22191619873047,25596000,1285480167.022705
2017-10-19,GOOGL,49.825692529639106,49.953141066329444,49.45624840713307,49.6813850402832,34284000,1703276604.7210693
2017-10-20,GOOGL,49.9397478654726,50.01909011648272,49.70270480350427,49.84156036376953,32120000,1600910918.8842773
2017-10-23,GOOGL,49.84700695207222,49.87725923242304,48.752056764542004,48.8730583190918,32786000,1602352090.0497437
2017-10-24,GOOGL,48.920672638766945,49.05754190601021,48.45353286580902,49.01935577392578,28902000,1416757420.578003
2017-10-25,GOOGL,48.90926602189364,49.31392249587297,48.48527245064435,49.16664123535156,30574000,1503220889.1296387
2017-10-26,GOOGL,49.51426131724332,49.91296641964943,49.11753873057671,49.164649963378906,47396000,2330207749.6643066
2017-10-27,GOOGL,51.12693384492735,52.74506022520769,50.92162995541085,51.25983428955078,103682000,5314722138.809204
2017-10-30,GOOGL,51.03618451573967,51.56531193241497,50.69748455295272,51.23305892944336,46804000,2397912090.133667
2017-10-31,GOOGL,51.22661703233216,51.6233358892376,50.894360213096626,51.228599548339844,30326000,1553558509.902954
2017-11-01,GOOGL,51.39125343255267,51.96352328927829,51.27620319307173,51.70267868041992,43262000,2236761285.0723267
2017-11-02,GOOGL,51.57325048084959,51.84748465391126,51.01139258492195,51.72102737426758,26694000,1380641104.7286987
2017-11-03,GOOGL,51.71011311584816,52.102371258383826,51.457202372449544,52.06914520263672,27770000,1445960162.2772217
2017-11-06,GOOGL,52.02501376157799,52.19808285283064,51.67292046474881,51.706642150878906,18294000,945921311.5081787
2017-11-07,GOOGL,52.05227814262675,52.238740542461635,51.72250710751578,52.18815612792969,26104000,1362319627.5634766
2017-11-08,GOOGL,52.07212195189413,52.69894125279004,51.923353811073085,52.48074722290039,24276000,1274022619.58313
2017-11-09,GOOGL,51.97045866243618,52.1132754547323,51.36793660501502,51.956573486328125,35892000,1864825335.571289
2017-11-10,GOOGL,51.76565583806449,51.902525097854394,51.634242280193455,51.779541015625,19442000,1006697836.4257812
2017-11-13,GOOGL,51.61341468168787,52.00715972762755,51.53704620485674,51.63325119018555,18814000,971427987.8921509
2017-11-14,GOOGL,51.46068256847816,51.68780550451338,51.04461904670121,51.65507507324219,21012000,1085376437.4389648
2017-11-15,GOOGL,51.32579228739249,51.55539335267362,51.115528318717686,51.395713806152344,18106000,930570794.1741943
2017-11-16,GOOGL,51.51175441091312,52.15692332926445,51.474563321821236,51.993770599365234,23768000,1235787939.605713
2017-11-17,GOOGL,52.059732345725266,52.119238094285166,51.26281764986963,51.369930267333984,26712000,1372193577.3010254
2017-11-20,GOOGL,51.37538159051283,51.509277080214154,51.21074197113325,51.30893325805664,17526000,899240364.2807007
2017-11-21,GOOGL,51.57572693825396,52.08898669157897,51.531097629318225,52.08452224731445,22206000,1156588901.0238647
2017-11-22,GOOGL,52.127165456433545,52.33891630339723,51.93326860187306,52.16485595703125,14538000,758372675.9033203
2017-11-24,GOOGL,52.287345319683965,52.56901768746949,52.1648568657483,52.39297103881836,16492000,864064878.3721924
2017-11-27,GOOGL,52.49463282792565,53.21220141941328,52.30618788455397,53.1611213684082,35430000,1883498530.0827026
2017-11-28,GOOGL,53.25931305287393,53.55734875155658,52.29478502530567,52.72869873046875,36424000,1920590122.5585938
2017-11-29,GOOGL,52.3761142602095,52.50455405965603,51.060487854508445,51.44382095336914,55866000,2873960501.3809204
2017-11-30,GOOGL,51.5707738390926,51.77905152720008,51.08131938032623,51.38381576538086,45092000,2316999020.4925537
2017-12-01,GOOGL,51.098172210575164,51.436872173526986,50.42821050239636,50.8333625793457,37762000,1919569437.7212524
2017-12-04,GOOGL,50.968740158844284,51.144291173897486,50.04735460285429,50.178768157958984,38778000,1945832271.6293335
2017-12-05,GOOGL,50.135128378822586,51.40909902432183,49.7051835273006,50.56209945678711,38998000,1971820754.6157837
2017-12-06,GOOGL,50.40937254111852,51.5529211214147,50.3493673782627,51.21273422241211,28710000,1470317599.5254517
2017-12-07,GOOGL,51.37885764265905,52.016088976422,51.343649066884396,51.80037307739258,30866000,1598870315.4067993
2017-12-08,GOOGL,52.1594044449779,52.38801426138552,51.864342509952124,52.038902282714844,31170000,1622052584.1522217
2017-12-11,GOOGL,52.12469253060521,52.36718753032225,51.778058690010525,52.16733932495117,23254000,1213099308.6624146
2017-12-12,GOOGL,52.06964815176121,52.68952491547265,51.81525048579467,52.00865173339844,33882000,1762157138.0310059
2017-12-13,GOOGL,52.17279382474139,52.34139848224902,51.900046545329204,52.13857650756836,27680000,1443195797.7294922
2017-12-14,GOOGL,52.34189504817109,52.91664303619711,52.248168206925044,52.44008255004883,30962000,1623649835.9146118
2017-12-15,GOOGL,52.752995226952784,53.3217956733948,52.57000977004066,53.16062545776367,63760000,3389521479.1870117
2017-12-18,GOOGL,53.38130685211156,53.87919457309289,53.07980172378246,53.80976867675781,30292000,1630005512.7563477
2017-12-19,GOOGL,53.70710706927508,53.80380767775444,53.17401086689754,53.54643249511719,26350000,1410948496.246338
2017-12-20,GOOGL,53.602974788480715,53.61834685390678,52.99202315248138,53.23799133300781,28728000,1529421015.0146484
2017-12-21,GOOGL,53.32873612749289,53.434361844055864,53.01185519437691,53.10359573364258,25640000,1361576194.6105957
2017-12-22,GOOGL,53.06144911669449,53.14674270355998,52.94441635753417,53.00491714477539,17788000,942851466.1712646
2017-12-26,GOOGL,52.99400419260771,53.00491559685436,52.498102813475725,52.855648040771484,18376000,971275388.3972168
2017-12-27,GOOGL,52.89284270344113,52.97565814262383,52.48520868414274,52.575462341308594,22324000,1173694621.307373
2017-12-28,GOOGL,52.67712829828397,52.80556809957497,52.2372632182235,52.36471176147461,19884000,1041219928.6651611
2017-12-29,GOOGL,52.34189390273837,52.46884301517318,52.20353397421298,52.23824691772461,23606000,1233136056.7398071
2018-01-02,GOOGL,52.21940716939454,53.357995537474515,52.21940716939454,53.22063064575195,31766000,1690606553.0929565
2018-01-03,GOOGL,53.256335915730126,54.355750700510285,53.23154311672444,54.12862777709961,31318000,1695200364.7232056
2018-01-04,GOOGL,54.40484656612366,54.7514804041107,54.26450789235017,54.338890075683594,26052000,1415636764.251709
2018-01-05,GOOGL,54.720237383951606,55.22258571487363,54.63841320373191,55.05943298339844,30250000,1665547847.7478027
2018-01-08,GOOGL,55.09464602680576,55.4993025166289,55.04505664237201,55.25382995605469,24644000,1361675385.4370117
2018-01-09,GOOGL,55.463596141591765,55.463596141591765,54.95579208730221,55.18341064453125,26808000,1479356872.5585938
2018-01-10,GOOGL,54.896283615302465,55.18291607811487,54.74652420696688,55.051998138427734,20734000,1141448129.4021606
2018-01-11,GOOGL,55.159603361261865,55.28556121203924,54.87049278913783,55.14670944213867,22424000,1236609812.5305176
2018-01-12,GOOGL,55.05001429043601,56.10132281445176,54.94637108166763,56.069091796875,38586000,2163481976.0742188
2018-01-16,GOOGL,56.54812802368967,56.97311661601301,55.87122371564505,56.07156753540039,36462000,2044481495.475769
2018-01-17,GOOGL,56.352250653332995,56.49903628307341,55.71402429869447,56.488128662109375,27830000,1572064620.666504
2018-01-18,GOOGL,56.50051819806206,56.5620102368855,55.762121886672475,56.33290481567383,27498000,1549042216.621399
2018-01-19,GOOGL,56.43506511586326,56.720206894332954,56.16083095816857,56.706321716308594,30552000,1732491541.0766602
2018-01-22,GOOGL,56.72218859541978,57.865736957272645,56.62300605798091,57.73085021972656,29550000,1705946623.99292
2018-01-23,GOOGL,58.051209652613295,58.44247659523314,57.884091874682795,58.32643508911133,39138000,2282780016.517639
2018-01-24,GOOGL,58.763325166375935,58.86597712030096,57.891528893223416,58.084434509277344,37128000,2156558884.460449
2018-01-25,GOOGL,58.55156571456486,58.764307809619446,58.11170071877717,58.62247848510742,29984000,1757736394.897461
2018-01-26,GOOGL,58.88977516753866,58.89126205444336,57.92276899966967,58.89126205444336,42170000,2483444520.8358765
2018-01-29,GOOGL,58.91308855982993,59.408989965944905,58.71770101469446,58.837711334228516,31494000,1853034880.7601929
2018-01-30,GOOGL,58.4033027319393,58.90961613703098,58.244115018829305,58.38594436645508,37338000,2180014390.7546997
2018-01-31,GOOGL,58.70529620480337,58.82977095493848,58.124596903147186,58.62644958496094,36022000,2111841966.949463
2018-02-01,GOOGL,58.31751125615229,58.88581613611775,57.98872761220366,58.59521484375,73514000,4307568624.0234375
2018-02-02,GOOGL,55.908911977935325,56.10132195619659,55.10307223257932,55.50128173828125,117842000,6540382042.602539
2018-02-05,GOOGL,54.57939722930204,55.292505129117984,52.40388126656308,52.68406295776367,83550000,4401753460.121155
2018-02-06,GOOGL,51.275213158237804,53.92332476135925,51.07833873275728,53.777034759521484,76630000,4120934173.6221313
2018-02-07,GOOGL,53.803817837642576,53.881177582348684,52.29875519358381,52.33793258666992,51942000,2718536894.416809
2018-02-08,GOOGL,52.55910033343243,52.7604354198397,49.823213214703266,49.97248077392578,66792000,3337761935.852051
2018-02-09,GOOGL,50.873530413868025,52.154939421196886,49.44136696056784,51.884674072265625,98360000,5103376541.748047
2018-02-12,GOOGL,52.40041847621347,52.841770464459245,51.846002531166064,52.29578399658203,56240000,2941114891.9677734
2018-02-13,GOOGL,52.069644225040435,52.62604638340829,51.91690726786351,52.27494812011719,31586000,1651156511.3220215
2018-02-14,GOOGL,52.28386999116472,53.33270027203883,52.05972464235817,53.195335388183594,41304000,2197180132.873535
2018-02-15,GOOGL,53.728435037863214,54.256571212523454,52.9240821910196,54.12069320678711,37396000,2023897443.1610107
2018-02-16,GOOGL,54.220858716951525,54.96124131452248,54.13010943882767,54.325992584228516,39948000,2170214751.7547607
2018-02-20,GOOGL,54.19011920041888,55.35697356321542,54.053249936484505,54.72718048095703,33754000,1847261249.9542236
2018-02-21,GOOGL,55.00042953171927,56.34432195580259,54.92157911573324,55.231021881103516,41486000,2291314173.7594604
2018-02-22,GOOGL,55.49979016418754,55.811711017343065,54.80453627380838,55.04008865356445,28010000,1541672883.1863403
2018-02-23,GOOGL,55.474503270089066,55.987267393103004,54.96769426169726,55.942138671875,25292000,1414888571.2890625
2018-02-26,GOOGL,56.12908987357392,56.74103272715342,56.004123275614624,56.71623992919922,30912000,1753212408.6914062
2018-02-27,GOOGL,56.71624404513445,56.74351877326241,55.381772449677165,55.417476654052734,42964000,2380956466.9647217
2018-02-28,GOOGL,55.64013458167167,55.92032007840852,54.69792496509287,54.74354553222656,49292000,2698418846.3745117
2018-03-01,GOOGL,55.02224036000283,55.108029569544456,52.92705409936514,53.13136672973633,55338000,2940183572.090149
2018-03-02,GOOGL,52.46537287912138,53.899026988063376,52.07510100225839,53.76265335083008,50162000,2696842217.3843384
2018-03-05,GOOGL,53.464617792333975,54.60766685300695,53.17401652362872,54.28929901123047,28648000,1555279838.0737305
2018-03-06,GOOGL,54.65329004456819,54.82834543933603,54.27640394048558,54.593780517578125,23382000,1276511776.0620117
2018-03-07,GOOGL,54.19309005252428,55.352509918281086,54.048782578410666,55.29498291015625,30748000,1700210134.5214844
2018-03-08,GOOGL,55.402105894745624,56.108267501930335,55.402105894745624,56.0061149597168,33862000,1896479064.7659302
2018-03-09,GOOGL,56.507964384844236,57.57415317734512,56.24960168630339,57.566219329833984,42662000,2455890049.0493774
2018-03-12,GOOGL,57.7749921970881,58.42512124352599,57.48489032731857,57.818634033203125,44306000,2561712399.4750977
2018-03-13,GOOGL,58.111207579493254,58.41718089353128,56.26348016740989,56.528289794921875,43140000,2438630421.7529297
2018-03-14,GOOGL,56.82037734611677,57.51265369061829,56.64929077575586,56.973609924316406,41870000,2385485047.531128
2018-03-15,GOOGL,57.00733465855208,57.648534772424746,56.31753642186147,57.05890655517578,33382000,1904740418.624878
2018-03-16,GOOGL,57.29396517219304,57.366364833295336,56.10429678609737,56.25604248046875,58656000,3299754427.734375
2018-03-19,GOOGL,55.42987187779874,55.50970975837877,53.99969099855427,54.5526237487793,63656000,3472601817.352295
2018-03-20,GOOGL,54.46980535202091,54.82437680342682,53.6773551646342,54.34087371826172,54598000,2966903023.2696533
2018-03-21,GOOGL,54.18069702731863,54.980585410309004,53.91489235343885,54.251609802246094,44898000,2435788776.901245
2018-03-22,GOOGL,53.55784644884805,53.75174331979084,52.05179263650617,52.22585678100586,69312000,3619878585.205078
2018-03-23,GOOGL,52.13758183628975,52.901766014173454,50.82344247471146,50.90675354003906,49880000,2539228866.5771484
2018-03-26,GOOGL,52.0994032660003,52.52935198705263,50.11480627877751,52.2724723815918,65984000,3449146817.626953
2018-03-27,GOOGL,52.75894557229753,52.790684742551996,49.472112163939144,49.93429183959961,60816000,3036803892.51709
2018-03-28,GOOGL,49.68485768262466,50.829397438195706,48.796698101182805,49.847015380859375,77698000,3873013401.0620117
2018-03-29,GOOGL,50.14604189126443,51.972941540520445,49.79047919799269,51.43191146850586,69338000,3566185877.4032593
2018-04-02,GOOGL,50.959817615214966,51.55043709116375,49.304995725569974,50.216461181640625,65068000,3267484696.166992
2018-04-03,GOOGL,50.39101345606064,50.82988720002528,49.45376022890019,50.516475677490234,51322000,2592606564.720154
2018-04-04,GOOGL,49.50236615694031,51.213723943837955,49.41707256609332,51.0634651184082,50724000,2590143204.6661377
2018-04-05,GOOGL,51.89062756065063,51.90649525559335,50.78030509168495,51.208763122558594,35836000,1835117235.2600098
2018-04-06,GOOGL,50.73566095304487,51.375374086082815,49.900068470594064,50.083553314208984,40134000,2010053328.7124634
2018-04-09,GOOGL,50.58392859390655,51.80136751782146,50.54227305521171,50.58641052246094,33220000,1680480557.5561523
2018-04-10,GOOGL,51.09073807094484,51.63375070876464,50.3543241899875,51.40018081665039,36620000,1882274621.5057373
2018-04-11,GOOGL,51.177022357273046,51.36893671133409,50.54226917817933,50.83286666870117,34060000,1731367438.735962
2018-04-12,GOOGL,51.15074275127111,51.804337399767896,50.881964286050106,51.439353942871094,32896000,1692148987.3046875
2018-04-13,GOOGL,51.915421443053674,52.21742217739098,51.085280740933705,51.37736511230469,25410000,1305498847.503662
2018-04-16,GOOGL,51.8489726768016,52.140561438040635,51.272238331440306,51.87624740600586,29776000,1544667142.7612305
2018-04-17,GOOGL,52.625054032184096,53.80529791473153,52.42123702824209,53.52560806274414,54584000,2921641790.496826
2018-04-18,GOOGL,53.508255223465056,53.65652773825757,53.08723543662884,53.328739166259766,31126000,1659910335.2890015
2018-04-19,GOOGL,53.012848144162085,54.425670654393286,53.012848144162085,54.02597427368164,39884000,2154771957.9315186
2018-04-20,GOOGL,53.76909739769455,54.28880029452689,53.165584023727696,53.42444610595703,42434000,2267012946.0601807
2018-04-23,GOOGL,53.70512676619585,53.954072501464275,52.89680886618381,53.25038528442383,69590000,3705694311.943054
2018-04-24,GOOGL,52.52587472547553,52.78820622986512,50.227870118170934,50.712860107421875,128220000,6502402922.973633
2018-04-25,GOOGL,51.065439929974254,51.3788514546625,50.433660591245754,50.7302131652832,57860000,2935250133.743286
2018-04-26,GOOGL,51.23752250402827,52.16981953466603,50.604256219813294,51.73788833618164,50926000,2634803701.408386
2018-04-27,GOOGL,51.84846920402665,52.15394309815945,50.95832720541133,51.149742126464844,40746000,2084147392.6849365
2018-04-30,GOOGL,51.297031813913144,51.49291119658889,50.4976390221724,50.51152420043945,34492000,1742243492.7215576
2018-05-01,GOOGL,50.39844902413873,51.659525698537124,50.1162810562745,51.61092758178711,35326000,1823207627.7542114
2018-05-02,GOOGL,51.27619866007237,51.77110873590693,50.738641795958564,50.8819580078125,34698000,1765502178.9550781
2018-05-03,GOOGL,50.8482433914451,51.11206178747579,49.98140719485577,50.89435958862305,39282000,1999232233.3602905
2018-05-04,GOOGL,50.56259783900899,52.162874009608664,50.48523810460643,52.119232177734375,36892000,1922782713.5009766
2018-05-07,GOOGL,52.262552084785746,52.81349856487074,52.08303602194404,52.53876876831055,34400000,1807333645.6298828
2018-05-08,GOOGL,52.79464766280065,52.82489994498031,52.150969446253896,52.49562072753906,26030000,1366461007.5378418
2018-05-09,GOOGL,52.76886730132735,54.25161135803758,52.670180384918446,54.00117874145508,47160000,2546695589.4470215
2018-05-10,GOOGL,54.301196801902826,55.015791572078946,54.245656093888606,54.820404052734375,36414000,1996230193.1762695
2018-05-11,GOOGL,54.56948129284038,54.99595676164047,54.41128863921936,54.71676254272461,30504000,1669080124.6032715
2018-05-14,GOOGL,54.82537334346097,55.44921893906917,54.78719099199496,54.8764533996582,39338000,2158729923.8357544
2018-05-15,GOOGL,54.39542566367748,54.50551583478358,53.496850300827376,53.79885482788086,35738000,1922663473.8388062
2018-05-16,GOOGL,53.80976314670501,54.27045594367207,53.63818093955972,53.760169982910156,25628000,1377765636.3220215
2018-05-17,GOOGL,53.62975504669495,54.10284238278998,53.37981804544918,53.619834899902344,25738000,1380067310.6536865
2018-05-18,GOOGL,52.863083240908026,53.24641628659211,52.797626169446794,53.0435905456543,35482000,1882092679.7409058
2018-05-21,GOOGL,53.50776398807306,54.21690317018759,53.45817460274617,53.75621032714844,25180000,1353581376.0375977
2018-05-22,GOOGL,54.0433316768412,54.14251043510209,53.17351800083077,53.32476806640625,22226000,1185196295.0439453
2018-05-23,GOOGL,53.061457633346315,53.954081798493434,52.910703161746895,53.8529167175293,23740000,1278468242.8741455
2018-05-24,GOOGL,53.89952164864626,53.910429269372564,53.1755060953026,53.827613830566406,20604000,1109064155.3649902
2018-05-25,GOOGL,53.88217017414293,54.03193337706982,53.686290770718976,53.759681701660156,22224000,1194755166.1376953
2018-05-29,GOOGL,53.35898964912242,53.623803084012096,52.718285133936725,52.96574020385742,36076000,1910792043.5943604
2018-05-30,GOOGL,53.234022894047186,53.50726580445433,52.89036283283215,53.431888580322266,28686000,1532747155.8151245
2018-05-31,GOOGL,53.656524615224704,55.04504991011186,53.45816710174972,54.54914855957031,79368000,4329456822.875977
2018-06-01,GOOGL,55.1873731007979,56.44150724319463,55.14472252900875,56.2848014831543,63202000,3557312023.338318
2018-06-04,GOOGL,56.45837105864911,57.418438425591134,56.38398509535584,57.179412841796875,44754000,2559007442.3217773
2018-06-05,GOOGL,57.25974998898025,57.579109082894355,56.90270039283215,57.07923889160156,32964000,1881560030.822754
2018-06-06,GOOGL,57.1660258665135,57.26223085912738,56.35026972869474,56.877410888671875,34934000,1986955471.9848633
2018-06-07,GOOGL,56.75987768476072,56.823847870270626,55.84444344559635,56.25604248046875,36108000,2031293181.8847656
2018-06-08,GOOGL,56.096863422878286,56.472258876258145,55.70113204704333,56.17124938964844,27284000,1532576368.347168
2018-06-11,GOOGL,56.182648642397005,56.9165843277191,56.1062801650855,56.57738494873047,24796000,1402892837.1887207
2018-06-12,GOOGL,56.5833372860979,56.96667034977643,56.5833372860979,56.938899993896484,26092000,1485649778.640747
2018-06-13,GOOGL,57.14172396484692,57.308349889397284,56.7003720290939,56.742523193359375,34302000,1946382030.5786133
2018-06-14,GOOGL,57.138251505751114,57.821602769454735,57.05840984235322,57.53001403808594,35422000,2037828157.25708
2018-06-15,GOOGL,57.5205961930708,57.71846188973588,57.21165284547472,57.488365173339844,44438000,2554667971.572876
2018-06-18,GOOGL,57.16205562210949,58.721171974953876,57.07824892326905,58.69389724731445,33038000,1939128977.256775
2018-06-19,GOOGL,58.025916529943856,58.65570961097429,57.604401118221695,58.45140075683594,47282000,2763699130.584717
2018-06-20,GOOGL,58.68001451866374,59.58205930091618,58.61703558465915,58.718196868896484,51686000,3034908723.3657837
2018-06-21,GOOGL,58.789609543834956,59.028631360922,57.69713728019817,57.99269485473633,44966000,2607699516.8380737
2018-06-22,GOOGL,58.09434746649397,58.268407808813684,57.50719743118125,57.98524856567383,34220000,1984255205.9173584
2018-06-25,GOOGL,57.27661135364629,57.32570510767071,55.535996390812166,56.49705505371094,57682000,3258863129.6081543
2018-06-26,GOOGL,56.73805327137826,56.87343184722973,55.98725871747705,56.16677474975586,34688000,1948313082.5195312
2018-06-27,GOOGL,56.33439691500152,56.84071407841611,55.377307084911294,55.38920974731445,34538000,1913032526.2527466
2018-06-28,GOOGL,55.163570834243025,56.235215221429016,54.8501630802286,55.877174377441406,29726000,1661004885.5438232
2018-06-29,GOOGL,56.1514121055337,56.600202261509295,55.889080601193115,55.99668884277344,31562000,1767367493.2556152
2018-07-02,GOOGL,55.31036435023385,56.68103578672124,54.87645062613455,56.637393951416016,23216000,1314893737.9760742
2018-07-03,GOOGL,56.999898337280264,57.02419550778411,55.264739098157946,55.35647964477539,16448000,910503377.1972656
2018-07-05,GOOGL,55.76906672616169,56.73805916810667,55.695672023074046,56.59672546386719,28594000,1618326767.9138184
2018-07-06,GOOGL,56.62052946544287,57.336115507701486,56.39588470082702,57.280574798583984,21820000,1249862142.1051025
2018-07-09,GOOGL,57.524552130580766,57.917801507367926,57.387187255431535,57.88556671142578,21584000,1249402071.899414
2018-07-10,GOOGL,58.019965299848046,58.19402565354228,57.65150867103395,57.878631591796875,21334000,1234782726.3793945
2018-07-11,GOOGL,57.30736112760939,58.53818963605651,57.294966618205834,58.092872619628906,33252000,1931704200.3479004
2018-07-12,GOOGL,58.26146513753374,59.606844208096305,58.174185260316186,59.57064437866211,44148000,2629924808.029175
2018-07-13,GOOGL,59.647014850950164,60.02588345893193,59.27459320277427,59.727352142333984,32612000,1947828408.065796
2018-07-16,GOOGL,59.69710800401507,59.940102427128856,59.18087443729468,59.33510208129883,26784000,1589231374.1455078
2018-07-17,GOOGL,58.65224377865796,60.43847933719523,58.6155445322406,60.15680694580078,40162000,2416017680.557251
2018-07-18,GOOGL,59.93116989766514,60.578817000428316,59.734299252775074,60.14837646484375,38948000,2342658966.5527344
2018-07-19,GOOGL,59.83794332123069,60.32541524847211,59.39560011669375,59.463539123535156,38338000,2279713162.918091
2018-07-20,GOOGL,59.47047376433817,60.04224794575058,59.33905642919161,59.40303039550781,37938000,2253632167.1447754
2018-07-23,GOOGL,59.29294649496772,60.256978917546036,59.11193976367233,60.05365753173828,65446000,3930271670.8221436
2018-07-24,GOOGL,63.02907328170088,63.227434617578844,61.697083475527585,62.391841888427734,107600000,6713362187.194824
2018-07-25,GOOGL,62.117601610181076,63.38809924001521,61.94056369068938,63.274044036865234,51104000,3233556746.459961
2018-07-26,GOOGL,62.839639008837025,63.842353281414326,62.6323525728153,63.748130798339844,54686000,3486130280.8380127
2018-07-27,GOOGL,63.927648179381094,64.04269465078256,61.71443752402484,62.13099670410156,48362000,3004779262.60376
2018-07-30,GOOGL,61.742200025261354,62.13098879607649,60.70675921387237,60.99785232543945,43896000,2677561725.67749
2018-07-31,GOOGL,61.0806639888253,61.551772541292095,60.31102790864113,60.85800552368164,39382000,2396709973.5336304
2018-08-01,GOOGL,61.44762970037204,61.784343335293414,60.74493762423114,61.14413833618164,36994000,2261966253.6087036
2018-08-02,GOOGL,60.42558824188397,61.71047053673887,60.40376921466898,61.547813415527344,34704000,2135955316.772461
2018-08-03,GOOGL,61.74864867459752,61.815100793177606,60.967109863223676,61.40052795410156,21264000,1305620826.4160156
2018-08-06,GOOGL,61.57160822349324,61.61375938365865,61.02214868767931,61.376220703125,22114000,1357273744.6289062
2018-08-07,GOOGL,62.087347066897074,62.78508294379242,62.07693507500244,62.277278900146484,42506000,2647158016.9296265
2018-08-08,GOOGL,62.32091263658967,63.06476465719997,62.09279847094709,62.54952621459961,34344000,2148200928.314209
2018-08-09,GOOGL,62.61895322230275,63.07666844860864,62.488530923546634,62.704742431640625,27326000,1713469791.6870117
2018-08-10,GOOGL,62.44290293515449,62.543076728459454,61.84683159823529,62.11213684082031,26602000,1652307064.239502
2018-08-13,GOOGL,62.0471875938313,62.779632696299316,61.84039679062254,61.92023468017578,27500000,1702806453.704834
2018-08-14,GOOGL,62.11165228168397,62.51283558847085,61.46896522772565,62.39134216308594,28080000,1751948887.9394531
2018-08-15,GOOGL,61.70401470300121,62.08585708292371,60.80940823183751,61.10595703125,37052000,2264097919.921875
2018-08-16,GOOGL,61.59044848790344,61.67525021894274,60.48161307575897,60.701297760009766,32176000,1953124956.7260742
2018-08-17,GOOGL,60.60113114205357,60.844617378706886,59.70652466244601,60.294166564941406,33092000,1995254559.967041
2018-08-20,GOOGL,60.53270186646069,60.793050860880605,59.9396042095753,60.59667205810547,22218000,1346336859.7869873
2018-08-21,GOOGL,60.64973160024402,61.13273906052275,60.25350461148751,60.37152862548828,23082000,1393495623.7335205
2018-08-22,GOOGL,60.21333713228483,60.823793135762685,60.163747749963264,60.586753845214844,22296000,1350842263.7329102
2018-08-23,GOOGL,60.49402055406893,61.252253475331926,60.467737083246696,60.5574951171875,24666000,1493711174.5605469
2018-08-24,GOOGL,60.7975083008106,61.36283557012292,60.57038537845587,61.330604553222656,24454000,1499778603.7445068
2018-08-27,GOOGL,61.697075946101634,62.37794909590035,61.525493733098216,62.29860305786133,28580000,1780494075.3936768
2018-08-28,GOOGL,62.28025544041016,62.31298587132638,61.639055288987485,61.782371520996094,27330000,1688512213.6688232
2018-08-29,GOOGL,62.235621729462196,62.83913511732767,62.126522823074154,62.71416473388672,36926000,2315783246.963501
2018-08-30,GOOGL,62.65218478299539,62.95418932862266,61.84932251767292,62.20785903930664,30104000,1872705388.519287
2018-08-31,GOOGL,62.09726362676512,62.1141225777836,60.785106801052635,61.08512878417969,42308000,2584389628.601074
2018-09-04,GOOGL,60.62493731993848,60.89024638459833,59.83347835374634,60.06903076171875,41458000,2490341877.319336
2018-09-05,GOOGL,59.965388075112344,60.245573578851676,58.28527387752493,59.463539123535156,53988000,3210317550.201416
2018-09-06,GOOGL,59.437253899685246,59.45808166722043,57.70358155416032,58.714229583740234,46854000,2750996512.916565
2018-09-07,GOOGL,58.11964267239288,58.940362668965435,57.98426407187492,58.396854400634766,32658000,1907124471.0159302
2018-09-10,GOOGL,58.724643619292685,58.84663645485562,58.05071303312725,58.27138900756836,27670000,1612369333.8394165
2018-09-11,GOOGL,58.0750106684798,59.05887957731326,57.81962176153576,59.01176834106445,29254000,1726330271.0494995
2018-09-12,GOOGL,58.615545695752786,59.04648565950591,57.83003803658529,58.09981155395508,35716000,2075092869.4610596
2018-09-13,GOOGL,58.501480709152574,58.90613713413148,57.98177405531871,58.62247848510742,40068000,2348885467.941284
2018-09-14,GOOGL,58.913083692868184,58.913083692868184,58.195015701265106,58.41618728637695,24176000,1412269743.8354492
2018-09-17,GOOGL,58.40577882192011,58.60661828158501,57.44819334906225,57.51613235473633,34096000,1961070048.7670898
2018-09-18,GOOGL,57.65647170249509,58.582321797238215,57.59547528537028,57.87714767456055,32314000,1870242149.9557495
2018-09-19,GOOGL,57.96888931276128,58.3313908288517,57.456125199601075,58.23221206665039,25962000,1511824689.6743774
2018-09-20,GOOGL,58.5495952904309,59.21063199294111,58.33040619065797,59.090126037597656,29244000,1728031645.8435059
2018-09-21,GOOGL,59.256249702666175,59.33856951836281,58.12262131875296,58.12559509277344,91222000,5302333035.5529785
2018-09-24,GOOGL,57.49530023539939,58.773731604603434,57.10304207996326,58.49454116821289,31150000,1822104957.3898315
2018-09-25,GOOGL,58.72712229225433,59.352450934388095,58.223283283094446,59.205169677734375,33152000,1962769785.15625
2018-09-26,GOOGL,59.195254319561855,59.86719858045819,58.784150889168416,59.213600158691406,37650000,2229392045.9747314
2018-09-27,GOOGL,59.50816262940116,60.34425083124083,59.411462016465464,59.873146057128906,36274000,2171838500.076294
2018-09-28,GOOGL,59.71098807412837,59.927203377959636,59.40055408003131,59.8592643737793,35612000,2131708122.8790283
2018-10-01,GOOGL,60.152834776756606,60.70824186282409,59.66635416408133,59.9311637878418,33164000,1987557115.8599854
2018-10-02,GOOGL,59.83893668619109,60.72412253885722,59.49131157579455,59.88703918457031,40180000,2406261234.436035
2018-10-03,GOOGL,60.103246708296815,60.21135436103565,59.61478353847458,60.07994079589844,26246000,1576858126.1291504
2018-10-04,GOOGL,59.75759838457997,59.80074080235531,57.71547854209041,58.37105941772461,46576000,2718690463.4399414
2018-10-05,GOOGL,58.31800151953087,58.61554159078529,57.24288769111712,57.91284942626953,31852000,1844640079.925537
2018-10-08,GOOGL,57.52456145272138,58.31106033375174,56.3046444828215,57.322235107421875,46190000,2647714039.6118164
2018-10-09,GOOGL,57.09362146132531,57.60142551523333,56.739549411488625,56.78913879394531,33690000,1913226085.9680176
2018-10-10,GOOGL,56.354235704467875,56.38498361968212,54.12813507082892,54.160369873046875,58980000,3194378615.1123047
2018-10-11,GOOGL,53.50974303096298,55.34557169434692,53.35353288306622,54.08994674682617,67696000,3661673034.9731445
2018-10-12,GOOGL,55.52310448461403,55.83006909493526,54.302691828734865,55.5677375793457,49370000,2743379204.2922974
2018-10-15,GOOGL,55.44177314614731,55.63021429950224,54.460878053892145,54.67015075683594,30074000,1644150113.861084
2018-10-16,GOOGL,55.21762424560735,56.35274318145139,55.131835035843245,56.18959045410156,38378000,2156444102.44751
2018-10-17,GOOGL,56.532759256237064,56.87988872075528,55.24341638076275,55.9173469543457,35652000,1993565253.616333
2018-10-18,GOOGL,56.036858277452815,56.15339540928809,53.871754093826716,54.44551086425781,46152000,2512769217.4072266
2018-10-19,GOOGL,54.73313497653647,55.58806851316027,54.40187320171599,54.8060302734375,41286000,2262721765.8691406
2018-10-22,GOOGL,55.16951948389226,55.62475654898758,54.54914718243333,55.11298751831055,27116000,1494443769.5465088
2018-10-23,GOOGL,54.11721732541383,55.44177243403869,53.50825204162199,55.288536071777344,37686000,2083603770.401001
2018-10-24,GOOGL,55.29299983985142,55.373337128787426,52.32056555034306,52.42272186279297,49286000,2583706269.7296143
2018-10-25,GOOGL,53.57222499683899,55.43284641314189,53.3366726001315,54.72718048095703,72956000,3992676179.168701
2018-10-26,GOOGL,51.98683021310207,55.39218343469779,51.68433006424773,53.74331283569336,106438000,5720330731.60553
2018-10-29,GOOGL,54.37757102202303,54.98703577121266,49.94718891468537,51.31240463256836,81290000,4171185372.581482
2018-10-30,GOOGL,50.582434003073345,52.11427175000046,50.2829114299939,52.04534149169922,59768000,3110645970.275879
2018-10-31,GOOGL,52.97218166328328,54.94587068637152,52.97218166328328,54.082008361816406,70916000,3835279704.9865723
2018-11-01,GOOGL,54.12267171436205,54.54418709488099,53.449236850023254,53.8538932800293,40132000,2161264445.1141357
2018-11-02,GOOGL,54.0036608708647,54.4499728681632,52.94540599746691,53.135337829589844,43438000,2308092804.6417236
2018-11-05,GOOGL,53.18690854656396,53.22757282190439,51.276202151660776,52.35379409790039,45358000,2374663392.692566
2018-11-06,GOOGL,52.31858558730312,53.54842264477756,52.248664069488854,53.040122985839844,28660000,1520129924.77417
2018-11-07,GOOGL,53.73041618700617,55.04157799583169,53.58660433801506,54.95777130126953,43388000,2384507781.2194824
2018-11-08,GOOGL,54.91116602403288,54.956786593916036,53.77356501619863,54.28285598754883,33694000,1829006549.6444702
2018-11-09,GOOGL,53.75670589634518,53.97143054513672,52.77680572036268,53.409576416015625,34860000,1861857833.8623047
2018-11-12,GOOGL,53.21666358529256,53.2647660770099,51.59109901266993,52.03790283203125,34002000,1769392772.0947266
2018-11-13,GOOGL,52.30817445358595,52.89631200263692,51.59357963221457,51.96897506713867,25750000,1338201107.9788208
2018-11-14,GOOGL,52.565546647513486,52.85267472897026,51.628788964411534,52.29676818847656,34666000,1812919766.0217285
2018-11-15,GOOGL,52.14204341659205,53.501307638856716,51.63770882488864,53.1135139465332,41584000,2208672363.9526367
2018-11-16,GOOGL,52.8249001697272,53.18244537170169,52.31263172050399,52.97565460205078,35366000,1873537000.656128
2018-11-19,GOOGL,52.7336550830274,52.96226867525788,50.724265514564266,50.94989776611328,45684000,2327595129.547119
2018-11-20,GOOGL,49.95165011439261,51.44233186700774,49.699734383253194,51.10015869140625,54458000,2782812442.0166016
2018-11-21,GOOGL,51.83706669619646,52.303215207880605,51.546964840550686,51.743839263916016,29698000,1536688538.4597778
2018-11-23,GOOGL,51.2514102979892,51.7225189105899,51.004450849399845,51.08280563354492,14178000,724252018.2723999
2018-11-26,GOOGL,51.77210565786005,52.41677519212862,51.56233731257599,52.36421203613281,31558000,1652509803.4362793
2018-11-27,GOOGL,52.13609310498648,52.90077288477134,51.84648690239975,52.18270492553711,33048000,1724534032.3791504
2018-11-28,GOOGL,52.439588587382175,54.195079932226704,51.72003368504357,54.14201736450195,46042000,2492806763.496399
2018-11-29,GOOGL,53.73239616113488,54.556585457023125,53.656523316872786,54.28036880493164,31004000,1682908554.4281006
2018-11-30,GOOGL,54.33244454037789,55.02769470214844,53.71504596151759,55.02769470214844,59668000,3283392487.487793
2018-12-03,GOOGL,56.1439681452129,56.28480243165249,55.13083828122515,55.360443115234375,57532000,3184997013.305664
2018-12-04,GOOGL,55.193328765578826,55.25531643727826,52.60422736109533,52.68803405761719,45630000,2404154994.0490723
2018-12-06,GOOGL,51.821697913253566,53.528591251073834,51.6967313013768,53.46213912963867,47436000,2536030031.75354
2018-12-07,GOOGL,53.172035604031464,53.80678879072729,51.54250205987958,51.900047302246094,42682000,2215197818.954468
2018-12-10,GOOGL,51.719536668028816,52.5457085291918,51.22661285694276,52.22734069824219,33652000,1757554469.177246
2018-12-11,GOOGL,52.90969704277266,53.08127923725199,52.074600134734276,52.64736557006836,33852000,1782218619.277954
2018-12-12,GOOGL,53.41254832972403,54.13904206804826,53.15914192619585,53.246421813964844,28960000,1542016375.7324219
2018-12-13,GOOGL,53.34262138246807,53.97489636278755,52.81299834519464,53.23699188232422,24986000,1330179479.171753
2018-12-14,GOOGL,52.56653650781619,53.14674020302357,52.03840033776918,52.154441833496094,36358000,1896231196.182251
2018-12-17,GOOGL,51.92136773015582,52.683569409654616,50.414822147604106,50.862125396728516,49932000,2539647645.3094482
2018-12-18,GOOGL,51.276203307045996,52.5501740698166,51.101643539839884,51.74284744262695,43640000,2258057862.39624
2018-12-19,GOOGL,51.935252952231664,53.34460607430533,50.553673969353085,51.348602294921875,58264000,2991774964.111328
2018-12-20,GOOGL,50.879482241119874,51.94269722042624,49.979919413197926,50.75947570800781,53674000,2724464099.1516113
2018-12-21,GOOGL,51.179010137280834,51.45820060231656,48.6573519293644,49.156227111816406,104656000,5144494104.614258
2018-12-24,GOOGL,48.81256335838148,50.19116856445792,48.48229286368024,48.82992172241211,36360000,1775455953.8269043
2018-12-26,GOOGL,49.49046000831835,51.99277700934326,49.225646602209785,51.9630241394043,46318000,2406823352.088928
2018-12-27,GOOGL,50.8894031809876,52.23527804094149,49.93726961475843,52.21345901489258,45996000,2401610260.848999
2018-12-28,GOOGL,52.54075084153076,52.775311987505624,51.672923407636674,51.905006408691406,34398000,1785428410.446167
2018-12-31,GOOGL,52.457932318095075,52.713820629058745,51.22859468884806,51.81970977783203,33110000,1715750590.7440186
2019-01-02,GOOGL,50.93898977352967,52.6047230648871,50.843776043780714,52.301727294921875,31868000,1666751445.4345703
2019-01-03,GOOGL,52.10286482494373,52.875974047065576,50.699463176725594,50.85319137573242,41960000,2133799910.1257324
2019-01-04,GOOGL,51.700692372040024,53.55734876361941,51.41802873823579,53.461639404296875,46022000,2460411568.664551
2019-01-07,GOOGL,53.605447431420956,53.69123663835179,52.6964601806528,53.355018615722656,47446000,2531482213.241577
2019-01-08,GOOGL,53.854886302804,54.21937410077029,52.979620715422925,53.823646545410156,35414000,1906110618.7591553
2019-01-09,GOOGL,53.95357439752464,54.13457733639377,53.2781531970929,53.6391716003418,26998000,1448150354.8660278
2019-01-10,GOOGL,53.30642301238766,53.54792673522367,52.797627727154754,53.49932861328125,26598000,1422975142.4560547
2019-01-11,GOOGL,53.05648645219858,53.228564287913436,52.38850724708884,52.78721237182617,30864000,1629224522.644043
2019-01-14,GOOGL,52.23527672360006,52.48868312031389,51.997741804598526,52.144527435302734,28490000,1485597586.631775
2019-01-15,GOOGL,52.46685849321779,53.96745642029301,52.28982059636427,53.88017654418945,37518000,2021476463.5849
2019-01-16,GOOGL,54.053243058242316,54.666177110711445,53.95455993802656,54.0289421081543,38280000,2068227903.9001465
2019-01-17,GOOGL,53.95358208360552,54.583870871208035,53.71901713298496,54.50551986694336,24896000,1356969422.6074219
2019-01-18,GOOGL,54.97512970149426,55.44177382173564,54.51344565423578,54.91115951538086,44892000,2465071772.9644775
2019-01-22,GOOGL,54.35079086117299,54.498075902626475,53.10558170056644,53.489410400390625,39632000,2119892312.9882812
2019-01-23,GOOGL,53.897540179274316,54.19954471873332,52.94094970105131,53.77604675292969,25194000,1354833721.8933105
2019-01-24,GOOGL,53.68182026674649,53.95407191142613,53.06243916780323,53.75571060180664,29114000,1565043758.4609985
2019-01-25,GOOGL,54.263012668104324,54.7157716075917,54.14251051447495,54.62403106689453,23260000,1270554962.6159668
2019-01-28,GOOGL,54.05672457402515,54.22036915695017,53.29005842382145,53.55040740966797,29334000,1570847650.9552002
2019-01-29,GOOGL,53.60892597667247,53.79191523753481,52.864082578707574,53.06442642211914,19704000,1045581458.2214355
2019-01-30,GOOGL,53.426431833040915,54.525351001051796,53.390727629345626,54.44947814941406,29452000,1603646030.456543
2019-01-31,GOOGL,55.1561302445522,55.92130565019333,54.80949644829899,55.83303451538086,40232000,2246274644.6228027
2019-02-01,GOOGL,55.65451311988307,56.25505273717581,55.25581177728074,55.47251892089844,33116000,1837027936.5844727
2019-02-04,GOOGL,55.49185494416119,56.64879283225663,55.417468988335656,56.60316848754883,78408000,4438141234.7717285
2019-02-05,GOOGL,56.018510837262355,57.16602820626715,55.71948385490271,57.121395111083984,82296000,4700862332.061768
2019-02-06,GOOGL,56.992453086597685,57.22701420367227,55.45962038153027,55.68426513671875,48256000,2687099898.4375
2019-02-07,GOOGL,55.13530738050181,55.14373685655709,54.23128012441886,54.84223175048828,38298000,2100347791.5802002
2019-02-08,GOOGL,54.29524926151284,54.80206204094916,54.263513873819036,54.66717529296875,21766000,1189885737.4267578
2019-02-11,GOOGL,54.73511835990443,55.21515207697365,54.54915533036909,54.6542854309082,18498000,1010994971.90094
2019-02-12,GOOGL,55.0951360411319,56.178683086895354,55.0951360411319,55.916847229003906,35036000,1959102659.5153809
2019-02-13,GOOGL,56.187611297106514,56.67409195109993,55.83849553947913,55.96891784667969,28042000,1569480394.2565918
2019-02-14,GOOGL,55.78890327451835,56.340840976368156,55.39664511522368,55.9971809387207,21106000,1181876500.8926392
2019-02-15,GOOGL,56.49804146814514,56.49804146814514,55.37829460553834,55.52260208129883,27826000,1544971925.5142212
2019-02-19,GOOGL,55.37433038810258,56.01899988835893,55.37433038810258,55.86378479003906,21980000,1227885989.6850586
2019-02-20,GOOGL,55.981312910608274,56.08297359732325,55.13183515305827,55.57020950317383,24090000,1338686346.9314575
2019-02-21,GOOGL,55.480451774038514,55.49880139566847,54.44897603280645,54.7579231262207,33272000,1821905618.2556152
2019-02-22,GOOGL,55.030170687292404,55.40457482595143,54.573942375927736,55.370357513427734,29436000,1629881843.7652588
2019-02-25,GOOGL,55.63666827579699,55.808746128664374,55.24887451643721,55.40855407714844,26208000,1452147385.2539062
2019-02-26,GOOGL,55.2617677690213,55.86032117849067,54.88141220683086,55.6406364440918,35026000,1948868932.0907593
2019-02-27,GOOGL,55.24390451380886,55.82509941937734,54.97363919714667,55.68426513671875,22092000,1230176785.4003906
2019-02-28,GOOGL,55.49136804808821,56.23472452755319,55.46211080344531,55.86577224731445,27422000,1531951206.565857
2019-03-01,GOOGL,56.08644635618862,57.02865975225924,56.08644635618862,56.955265045166016,34086000,1941377164.3295288
2019-03-04,GOOGL,57.254789415718996,57.79829765213025,56.44597212936097,57.19825744628906,35490000,2029966156.7687988
2019-03-05,GOOGL,57.32620299909426,58.34230678742909,57.178426102198614,57.98029708862305,40094000,2324662031.4712524
2019-03-06,GOOGL,58.1077355640434,58.25551243534164,57.67580441539923,57.76953125,23602000,1363476476.5625
2019-03-07,GOOGL,57.549355197546085,57.70209215281522,56.61755383444335,57.07080841064453,30086000,1717032341.8426514
2019-03-08,GOOGL,56.2302536858285,57.1997417315838,56.04676882458191,57.02716827392578,23694000,1351201725.0823975
2019-03-11,GOOGL,57.12784146729309,58.51190249750034,57.10651806966734,58.479671478271484,30032000,1756261493.8354492
2019-03-12,GOOGL,58.63042169944413,59.791324739143484,58.63042169944413,59.37179183959961,42220000,2506677051.4678955
2019-03-13,GOOGL,59.80223795182649,59.861248068720826,59.404524065314185,59.461551666259766,25888000,1539340649.5361328
2019-03-14,GOOGL,59.45956301594842,59.74123537213367,59.073256202850935,59.13772201538086,27302000,1614578086.4639282
2019-03-15,GOOGL,59.40898775828328,59.593460108295844,58.86398883406654,59.02714157104492,51886000,3062682267.555237
2019-03-18,GOOGL,58.99689299412043,59.257737607989256,58.58975837909338,58.94036102294922,24442000,1440620304.1229248
2019-03-19,GOOGL,59.097553074054794,59.6772648886832,58.985480400237876,59.63015365600586,29788000,1776263017.1051025
2019-03-20,GOOGL,59.57759204890789,60.99537468269679,59.48783401935632,60.81883239746094,41508000,2524468095.1538086
2019-03-21,GOOGL,60.49996589969895,61.3152263429642,60.33036621206726,61.29985427856445,28150000,1725590897.9415894
2019-03-22,GOOGL,60.93884747487413,61.175886781357356,59.80571090634118,59.887535095214844,34422000,2061448733.0474854
2019-03-25,GOOGL,59.48635015017521,59.97630022851634,59.01226776678589,59.37824249267578,27576000,1637414414.9780273
2019-03-26,GOOGL,59.765536323392006,59.88752915106915,58.60364203693624,59.004329681396484,30752000,1814501146.3623047
2019-03-27,GOOGL,59.10747320745311,59.10747320745311,57.734320005302976,58.41767501831055,29428000,1719115340.4388428
2019-03-28,GOOGL,58.293208898811386,58.3799893705028,57.69465556823336,58.13302993774414,22402000,1302296136.6653442
2019-03-29,GOOGL,58.525281960462344,58.71323125806387,57.840939488073374,58.36213302612305,30890000,1802806289.176941
2019-04-01,GOOGL,58.89027837338684,59.51808901982406,58.83176388018884,59.45759201049805,27706000,1647332044.242859
2019-04-02,GOOGL,59.51063869950825,59.79627986782097,59.073751255208485,59.78289031982422,18288000,1093309498.1689453
2019-04-03,GOOGL,60.13795828936731,60.52972083098244,59.76008470919259,60.04423522949219,22180000,1331781137.3901367
2019-04-04,GOOGL,60.06803792748894,60.527243852136195,59.956460872264365,60.472694396972656,21022000,1271256981.6131592
2019-04-05,GOOGL,60.46526176567283,60.519315596851285,60.005560169570934,60.07597732543945,20012000,1202240458.2366943
2019-04-08,GOOGL,60.059108496061306,60.19994278464062,59.741236305443195,59.91876983642578,21750000,1303233243.9422607
2019-04-09,GOOGL,59.601890367217,59.862731184859946,59.42782623456685,59.64155960083008,19668000,1173030194.229126
2019-04-10,GOOGL,59.760586220474245,59.95150554523385,59.54090149548977,59.828025817871094,15510000,927932680.4351807
2019-04-11,GOOGL,59.94951681497526,60.13994427440462,59.7333052989614,59.983734130859375,16998000,1019603512.7563477
2019-04-12,GOOGL,60.282752758978354,60.65120933590541,60.16721069070666,60.63534164428711,24312000,1474166426.0559082
2019-04-15,GOOGL,60.702782319318075,60.96114875051745,60.23019069713081,60.82378387451172,23796000,1447362761.0778809
2019-04-16,GOOGL,60.99587332322984,61.29242215401881,60.74990513467327,61.09059143066406,22622000,1381991359.3444824
2019-04-17,GOOGL,61.342996123690995,61.7446787941257,61.139678535444986,61.49871063232422,30366000,1867469847.0611572
2019-04-18,GOOGL,61.73971835147511,61.786333956338936,61.46251043387367,61.564666748046875,24750000,1523725502.0141602
2019-04-22,GOOGL,61.32664175729954,62.20289873239656,61.16299337816599,62.174137115478516,19084000,1186531232.711792
2019-04-23,GOOGL,62.31695486172242,63.19916312795564,62.08536748310274,63.00873565673828,31868000,2007962387.9089355
2019-04-24,GOOGL,63.008730110515856,63.177834169649934,62.4741507737665,62.48604965209961,23396000,1461923617.6605225
2019-04-25,GOOGL,62.994350322114855,63.11832566441089,62.38439375673757,62.847564697265625,31344000,1969894067.8710938
2019-04-26,GOOGL,63.147091165017436,63.42132533520761,62.731527063292226,63.347434997558594,27228000,1724823960.1135254
2019-04-29,GOOGL,63.50067047663686,64.3169298473822,63.06427858710066,64.27873992919922,72368000,4651723851.196289
2019-04-30,GOOGL,59.04350662741325,59.55676257846437,58.66513363960765,59.45659255981445,133178000,7918310083.930969
2019-05-01,GOOGL,59.384193611523294,59.47097787129944,58.10377581278229,58.18510437011719,74340000,4325480658.874512
2019-05-02,GOOGL,58.149397554904354,58.48561939060794,57.441745308851296,57.84739303588867,45098000,2608801731.1325073
2019-05-03,GOOGL,58.38792177079416,59.08168881529715,58.19650683878489,58.98994827270508,41588000,2453273968.765259
2019-05-06,GOOGL,58.11964682080491,59.281545036214155,58.077991281760376,59.18385314941406,31774000,1880507749.9694824
2019-05-07,GOOGL,58.80448638491328,59.24881211607045,57.772514903678946,58.459835052490234,36604000,2139863802.2613525
2019-05-08,GOOGL,58.38197156478098,58.72811354197233,57.902932921424046,58.05914306640625,25520000,1481669331.0546875
2019-05-09,GOOGL,57.653495645746986,58.22229232054152,57.25875554325852,57.91979217529297,29556000,1711877377.532959
2019-05-10,GOOGL,57.9629366500334,58.331885117699095,56.84864546235913,57.90342712402344,31650000,1832643468.4753418
2019-05-13,GOOGL,56.79261636580089,57.12635630275624,55.81370742782174,56.3636589050293,45626000,2571648301.2008667
2019-05-14,GOOGL,56.64780438425735,56.77425786703427,55.7160030496759,55.781959533691406,40392000,2253144909.4848633
2019-05-15,GOOGL,55.66740478478323,58.43205708618332,55.61037718878773,58.06013107299805,59302000,3443081892.89093
2019-05-16,GOOGL,58.11170663709032,59.21855964212482,57.94359761215228,58.73951721191406,35308000,2073974873.7182617
2019-05-17,GOOGL,58.30957615771675,58.828287857261444,57.842931988016005,57.959964752197266,25362000,1469980626.045227
2019-05-20,GOOGL,57.17743659293496,57.17743659293496,56.44052703510265,56.76385498046875,30602000,1737087490.1123047
2019-05-21,GOOGL,57.250819033139784,57.42537879315505,56.69689882020132,57.248836517333984,20562000,1177150576.4694214
2019-05-22,GOOGL,57.090645739951604,57.712009344986775,57.07824744890352,57.31875991821289,18826000,1079082974.2202759
2019-05-23,GOOGL,56.83377670911536,57.0311429977201,56.193567776861364,56.79757308959961,25214000,1432094007.8811646
2019-05-24,GOOGL,57.127839468018124,57.24487222807381,56.36960656432307,56.463829040527344,18554000,1047629884.0179443
2019-05-28,GOOGL,56.60614664415445,57.350494272362056,56.46679546395051,56.51093292236328,20948000,1183791022.857666
2019-05-29,GOOGL,56.170749826952495,56.28480881348524,55.14175593690512,55.53798294067383,36230000,2012141121.9406128
2019-05-30,GOOGL,55.548398497513155,55.87817340317938,55.337638875941586,55.61088180541992,18088000,1005889630.0964355
2019-05-31,GOOGL,54.82884368467994,55.21365987061157,54.715280327354535,54.871490478515625,31582000,1732951412.2924805
2019-06-03,GOOGL,52.909203200231886,52.91267260283932,50.930557870428586,51.51125717163086,96890000,4990925707.359314
2019-06-04,GOOGL,51.79640359736962,52.48818816254106,51.37687068399899,52.29230499267578,60512000,3164311959.716797
2019-06-05,GOOGL,52.31759986722469,52.40735790327319,51.226618255402414,51.8038444519043,46988000,2434159043.106079
2019-06-06,GOOGL,51.881704456905,52.06965000873795,51.35109007958164,51.95856857299805,29020000,1507837659.9884033
2019-06-07,GOOGL,52.28189037260562,53.23154195089518,52.126671488166366,52.980613708496094,43828000,2322034337.615967
2019-06-10,GOOGL,53.40857649267084,54.29326663277335,53.323282909136985,53.694217681884766,28510000,1530822146.1105347
2019-06-11,GOOGL,54.399876617191985,54.74800106239033,53.53601813851177,53.60891342163086,33508000,1796327470.9320068
2019-06-12,GOOGL,53.55486936276625,53.68231410693232,53.04160963310708,53.512718200683594,23670000,1266646039.8101807
2019-06-13,GOOGL,53.7909236143121,54.38005247721612,53.684802253375025,54.10334014892578,20814000,1126106921.8597412
2019-06-14,GOOGL,54.04035719000536,54.28929914113113,53.630744430671754,53.86976623535156,24582000,1324226593.597412
2019-06-17,GOOGL,54.00861987588463,54.61262510963689,53.95407042265878,54.24615478515625,19770000,1072446480.1025391
2019-06-18,GOOGL,55.11943589578843,55.48045050525,54.588325972847784,54.80900192260742,34526000,1892335600.3799438
2019-06-19,GOOGL,54.908182821098876,55.016786098910686,54.35227629556519,54.77280044555664,26714000,1463200591.1026
2019-06-20,GOOGL,55.62525840880668,55.675842832879255,54.896282754909315,55.20374298095703,24018000,1325883498.916626
2019-06-21,GOOGL,55.03811051103241,55.8667605353799,55.031167921989905,55.807254791259766,50774000,2833557554.7714233
2019-06-24,GOOGL,55.54095243430775,55.71799034008654,55.20919505940072,55.37730407714844,24236000,1342124341.6137695
2019-06-25,GOOGL,55.29697156523066,55.32771569465771,53.78546213142027,53.93324279785156,31644000,1706663535.0952148
2019-06-26,GOOGL,54.10283853958426,54.30715117461106,53.244435661949076,53.57321548461914,34698000,1858883430.885315
2019-06-27,GOOGL,53.89208480492423,53.97688276176525,53.35155032511696,53.39023208618164,24078000,1285530008.1710815
2019-06-28,GOOGL,53.41998464668975,53.69620132446289,53.24988932159318,53.69620132446289,33672000,1808058490.9973145
2019-07-01,GOOGL,54.60072045371423,54.975128394766415,54.317561206298834,54.54914855957031,29196000,1592616941.3452148
2019-07-02,GOOGL,54.78868033605371,55.18837678067995,54.53279576485793,55.17399597167969,20630000,1138239536.895752
2019-07-03,GOOGL,55.46656580697558,55.93717873539222,55.28556287173762,55.68922805786133,20154000,1122360702.2781372
2019-07-05,GOOGL,55.50971594510009,56.267453260468955,55.416984134318625,56.16926574707031,29794000,1673507103.668213
2019-07-08,GOOGL,55.832044276038815,55.89849638868421,55.13232971119803,55.38176727294922,29888000,1655250260.2539062
2019-07-09,GOOGL,55.060916875496474,55.93073052665118,54.90371548356918,55.753692626953125,29472000,1643172829.1015625
2019-07-10,GOOGL,56.151908609835765,56.64880126928357,56.06958879558915,56.57788848876953,30710000,1737506955.4901123
2019-07-11,GOOGL,56.83823211312122,57.189330386367295,56.50945227772339,56.735084533691406,26004000,1475339138.2141113
2019-07-12,GOOGL,56.67806217589247,56.904689494211375,56.46135500496309,56.79757308959961,21878000,1242617304.0542603
2019-07-15,GOOGL,56.79756351489089,57.06237692419117,56.53275388901765,57.05394744873047,21164000,1207489743.8049316
2019-07-16,GOOGL,56.866501193341406,57.45414694239544,56.866501193341406,57.20024490356445,25352000,1450140608.795166
2019-07-17,GOOGL,57.07428700784104,57.447204326650706,56.861049248315126,56.867000579833984,19538000,1111067457.3287964
2019-07-18,GOOGL,56.63193513480286,56.93790846039602,56.17868433807798,56.891788482666016,25450000,1447896016.88385
2019-07-19,GOOGL,56.99493690261568,57.10700958518703,56.09884350416264,56.11371994018555,23184000,1300940483.0932617
2019-07-22,GOOGL,56.30811627836571,56.5337523292604,55.79932472787328,56.49358367919922,28914000,1633455478.5003662
2019-07-23,GOOGL,56.703846866852054,56.97212970906677,56.178192587258984,56.93196105957031,20648000,1175531131.9580078
2019-07-24,GOOGL,56.166785857604474,56.80352157129636,55.96296883502346,56.519371032714844,27192000,1536874737.121582
2019-07-25,GOOGL,56.480692317416725,56.71079282322029,55.7249412842394,56.33142852783203,54762000,3084821689.0411377
2019-07-26,GOOGL,60.89669100249889,62.899633620136136,60.89669100249889,61.750633239746094,121216000,7485164758.7890625
2019-07-29,GOOGL,61.615749687673656,61.93759072921905,61.00578929366304,61.5830192565918,41382000,2548428502.8762817
2019-07-30,GOOGL,60.847097204406246,61.33853791873472,60.76378613660804,60.896690368652344,28616000,1742619691.5893555
2019-07-31,GOOGL,60.74147169390751,61.23935558655443,59.91381293169934,60.41070556640625,39960000,2414011794.4335938
2019-08-01,GOOGL,60.38244808365186,61.30829448026775,59.85530309041293,60.09234619140625,35426000,2128831456.1767578
2019-08-02,GOOGL,59.65693772407873,59.97927059539974,59.01226441458213,59.32567596435547,34910000,2071059347.9156494
2019-08-05,GOOGL,58.16773746931278,58.36163809974601,56.669125843674365,57.26420593261719,47840000,2739519611.8164062
2019-08-06,GOOGL,57.7982955394837,58.58578561785265,57.600429870284124,58.07401657104492,36014000,2091477632.7896118
2019-08-07,GOOGL,57.41546170450556,58.50991642354329,57.07031476456262,58.313541412353516,30686000,1789409331.77948
2019-08-08,GOOGL,58.83522822791274,59.81959280201801,58.21882466903236,59.81513214111328,30116000,1801392519.5617676
2019-08-09,GOOGL,59.507665429643886,59.729332633436535,58.75885334363054,58.95771026611328,20418000,1203798528.213501
2019-08-12,GOOGL,58.51636146272874,58.794560647257406,57.95698553647479,58.243614196777344,22064000,1285087103.6376953
2019-08-13,GOOGL,58.236177705409375,59.77744005135375,58.16873811379174,59.346004486083984,28434000,1687444291.557312
2019-08-14,GOOGL,58.32147609646405,58.65472037886696,57.57762400887697,57.735321044921875,35430000,2045562424.621582
2019-08-15,GOOGL,57.94261024465843,58.338833478015275,57.673336139235964,57.98674392700195,28506000,1652970122.3831177
2019-08-16,GOOGL,58.55553525319679,58.706785312580124,58.16922844394808,58.47718048095703,24916000,1457017428.8635254
2019-08-19,GOOGL,59.103019984656655,59.973825052368134,59.03210719943872,59.529991149902344,24450000,1455508283.6151123
2019-08-20,GOOGL,59.2775765475695,59.40899011785179,58.667616151780344,58.6914176940918,20206000,1185918785.9268188
2019-08-21,GOOGL,59.30088594309729,59.535942739720916,58.909123354248685,59.09062194824219,14152000,836250481.8115234
2019-08-22,GOOGL,59.20070661276185,59.44766604994805,58.46231022954829,59.087642669677734,17352000,1025288775.604248
2019-08-23,GOOGL,58.7727427748867,59.29344073521031,57.02865847577189,57.20619201660156,36254000,2073953285.369873
2019-08-26,GOOGL,57.49728508668494,58.11269736465062,57.26917090695185,58.078975677490234,21166000,1229299599.1897583
2019-08-27,GOOGL,58.665131895722865,58.76431065349717,57.750688918009565,58.06112289428711,23460000,1362113943.0999756
2019-08-28,GOOGL,57.76606025793555,58.44197328276813,57.536954833287844,58.2064208984375,16810000,978449935.3027344
2019-08-29,GOOGL,58.834732838328584,59.46799913570808,58.778200865886134,59.222530364990234,19636000,1162893606.2469482
2019-08-30,GOOGL,59.52552763565574,59.52552763565574,58.80002135977353,59.038551330566406,18064000,1066472391.2353516
2019-09-03,GOOGL,58.6081026279347,58.96663910917383,57.70853983655242,57.998146057128906,25908000,1502615968.0480957
2019-09-04,GOOGL,58.48908610398832,58.758360180871236,58.09633231531948,58.628929138183594,21312000,1249499737.7929688
2019-09-05,GOOGL,59.193759665631966,60.202425107707924,59.145657173778766,60.112667083740234,26394000,1586613735.0082397
2019-09-06,GOOGL,59.961425846384756,60.15036265555441,59.66983329523103,59.82158279418945,18972000,1134935068.7713623
2019-09-09,GOOGL,59.859258753463266,60.527237915785925,59.169460567900614,59.769500732421875,31854000,1903897676.3305664
2019-09-10,GOOGL,59.31426820929978,60.00406644767936,59.31029939412183,59.790828704833984,27922000,1669479519.0963745
2019-09-11,GOOGL,59.70106854982847,60.622454120354114,59.62122688756313,60.49996566772461,23522000,1423080192.4362183
2019-09-12,GOOGL,60.67204890408515,61.6117803963693,60.626920181517946,61.24233627319336,31644000,1937952489.0289307
2019-09-13,GOOGL,61.1005056186852,61.543843853790506,60.85106803599327,61.49325942993164,23676000,1455914410.2630615
2019-09-16,GOOGL,61.017695841809555,61.44318012268405,60.75734683042936,61.07670974731445,28218000,1723462595.6497192
2019-09-17,GOOGL,61.0767020090676,61.24381977351142,60.66609421799294,60.98991775512695,20806000,1268956228.8131714
2019-09-18,GOOGL,61.007770292284484,61.30531035330873,60.324914660454276,61.127281188964844,17440000,1066059783.9355469
2019-09-19,GOOGL,61.110915608100754,61.7069869660326,61.11041997916298,61.429779052734375,16554000,1016908562.4389648
2019-09-20,GOOGL,61.17638292238166,61.63062881162983,60.677507720698486,60.98794174194336,37692000,2298757500.137329
2019-09-23,GOOGL,60.82577681081877,61.47590584591397,60.68742065329418,61.228450775146484,20798000,1273429319.2214966
2019-09-24,GOOGL,61.49177059527287,61.84435574702612,60.03580563912053,60.417152404785156,35804000,2163175724.7009277
2019-09-25,GOOGL,60.302107758666516,61.8894902073785,59.964399011515845,61.78634262084961,26798000,1655750409.5535278
2019-09-26,GOOGL,61.597893202784334,61.72335921962047,61.08612412271206,61.60533142089844,23166000,1427149107.6965332
2019-09-27,GOOGL,61.63211203323862,61.739228430196306,60.261936228243556,60.7950325012207,34122000,2074448099.0066528
2019-09-30,GOOGL,60.52972419632317,60.867432931571535,60.1736696213121,60.55650329589844,24470000,1481817635.6506348
2019-10-01,GOOGL,60.62344456685001,61.137695539374256,59.78338755668688,59.805702209472656,24504000,1465478926.940918
2019-10-02,GOOGL,59.33460512951932,59.44667782034563,58.15088793600991,58.4132194519043,33030000,1929388638.496399
2019-10-03,GOOGL,58.68199662919146,59.0618565300267,57.68027745662701,58.98400115966797,28368000,1673258144.897461
2019-10-04,GOOGL,59.225006378900304,60.126059852899786,59.06036675741137,60.051673889160156,24282000,1458174745.376587
2019-10-07,GOOGL,59.85529824338502,60.44591775673963,59.72438030235349,59.91728591918945,17040000,1020990552.0629883
2019-10-08,GOOGL,59.44717293719252,59.84885186964598,58.98648010235407,59.018714904785156,20086000,1185449907.5775146
2019-10-09,GOOGL,59.57411941039599,59.92769580721436,59.41493171488661,59.62717819213867,15948000,950934237.8082275
2019-10-10,GOOGL,59.43873940465418,60.28276149090134,59.402043943686515,59.977783203125,12842000,770234691.8945312
2019-10-11,GOOGL,60.699817951472276,60.933883468749734,60.18457567938561,60.287227630615234,22330000,1346213792.9916382
2019-10-14,GOOGL,60.19697523733652,60.791559777175,60.09730084134501,60.38938522338867,13296000,802937265.9301758
2019-10-15,GOOGL,60.57435740883413,61.845350682590826,60.545595793212456,61.60285568237305,27584000,1699253171.1425781
2019-10-16,GOOGL,61.58152717988631,62.19545255415238,61.41887007961055,61.640541076660156,22986000,1416869477.1881104
2019-10-17,GOOGL,62.05709998659484,62.66953850932055,61.98122713403828,62.12652587890625,20958000,1302047729.3701172
2019-10-18,GOOGL,62.22025103490627,62.389846945762145,61.49871362002821,61.71046447753906,31624000,1951531728.6376953
2019-10-21,GOOGL,61.92320671511835,62.161732887897436,61.4912755232847,61.704017639160156,18094000,1116472495.1629639
2019-10-22,GOOGL,61.71393429825658,61.92469389924961,61.48433322932572,61.5512809753418,22862000,1407185385.6582642
2019-10-23,GOOGL,61.502192048052436,62.38638286010281,61.502192048052436,62.366050720214844,21282000,1327274291.4276123
2019-10-24,GOOGL,62.43943405151367,62.62737956639693,62.10420351068448,62.43943405151367,20224000,1262775114.2578125
2019-10-25,GOOGL,62.08685509100352,62.88030037467045,61.945525156371076,62.696815490722656,27104000,1699334487.0605469
2019-10-28,GOOGL,63.22742858237016,64.42949157988647,63.094032497897665,63.92069625854492,65428000,4182203314.804077
2019-10-29,GOOGL,63.27701503448946,63.515049360480866,62.26587139899458,62.51630401611328,52654000,3291733471.6644287
2019-10-30,GOOGL,62.243062237785296,62.881288593585026,62.01990812718135,62.518287658691406,29204000,1825784072.7844238
2019-10-31,GOOGL,62.48357034580104,62.80689823914488,61.961881154991474,62.4240608215332,31904000,1991577236.4501953
2019-11-01,GOOGL,62.77119828011663,63.128247882999425,62.469193761287805,63.0910530090332,28812000,1817779419.2962646
2019-11-04,GOOGL,63.28246873248054,64.09525103448014,63.28246873248054,63.951934814453125,30632000,1958975667.2363281
2019-11-05,GOOGL,64.03078380018343,64.3303101709865,63.94053392587644,64.04268646240234,25148000,1610545479.1564941
2019-11-06,GOOGL,63.97574173910318,64.11954980825729,63.58794801450021,64.0213623046875,24626000,1576590068.1152344
2019-11-07,GOOGL,64.1835183702277,65.59039331831046,64.15723868532784,64.81133270263672,45140000,2925583558.1970215
2019-11-08,GOOGL,64.54255550304146,65.3156686315191,64.54255550304146,64.91349029541016,30392000,1972850797.0581055
2019-11-11,GOOGL,64.6655404685864,64.71017734604172,64.26237843589956,64.38188934326172,17234000,1109557480.9417725
2019-11-12,GOOGL,64.39626264933645,64.93084578823698,64.1815380183125,64.32881927490234,28852000,1856015093.7194824
2019-11-13,GOOGL,64.12897616917114,64.59215093862099,64.077899897034,64.27774810791016,20538000,1320136390.6402588
2019-11-14,GOOGL,64.21923179805225,65.2467425940979,64.16666485694327,64.92092895507812,28948000,1879331051.3916016
2019-11-15,GOOGL,65.21351851896138,66.13043975830078,65.05680894885906,66.13043975830078,39286000,2598000456.3446045
2019-11-18,GOOGL,66.07092657964729,66.14928136486101,65.26855995871942,65.4510498046875,27984000,1831582177.734375
2019-11-19,GOOGL,65.78775594457024,65.78775594457024,65.05085031477029,65.09151458740234,21864000,1423160874.9389648
2019-11-20,GOOGL,65.03052251032652,65.12226305261011,63.93210279744531,64.55941772460938,28892000,1865250696.899414
2019-11-21,GOOGL,64.42999125851563,65.01862446800423,64.00847203948294,64.47412872314453,25546000,1647056092.3614502
2019-11-22,GOOGL,64.6159575316089,64.80935878570455,63.93954877129495,64.15328216552734,27776000,1781921565.4296875
2019-11-25,GOOGL,64.28172221866342,64.983419412069,64.24948741504542,64.74687194824219,23590000,1527378709.2590332
2019-11-26,GOOGL,64.95861817732126,65.1619395649303,64.66752884126126,65.11185455322266,21910000,1426600733.2611084
2019-11-27,GOOGL,65.23185920608975,65.34194936654697,64.93679729689542,65.0687026977539,18808000,1223812160.3393555
2019-11-29,GOOGL,64.7944882083443,64.96061096418079,64.62736662752054,64.67001342773438,12802000,827905511.9018555
2019-12-02,GOOGL,64.59413935811325,64.7369637617721,63.49422876253994,63.914756774902344,26538000,1696169815.2923584
2019-12-03,GOOGL,63.40892668143017,64.32982047875444,63.32908879632184,64.20633697509766,25270000,1622494135.3607178
2019-12-04,GOOGL,64.76966703393425,65.67072033323514,64.61841320748522,65.40640258789062,35506000,2322319730.2856445
2019-12-05,GOOGL,65.80611307013608,65.85471497800788,65.17731500969089,65.80413055419922,24408000,1606147218.5668945
2019-12-06,GOOGL,66.09125298585175,66.57326918477894,66.01587954811114,66.4205322265625,32968000,2189752106.4453125
2019-12-09,GOOGL,66.3942555651881,67.32109691536094,66.25589562423183,66.59906005859375,30842000,2054048210.3271484
2019-12-10,GOOGL,66.44781095349515,66.84750734354655,66.15324087344685,66.59410095214844,17606000,1172455741.3635254
2019-12-11,GOOGL,66.86238425419971,66.9412308789754,66.50533465375199,66.66154479980469,20480000,1365228437.5
2019-12-12,GOOGL,66.60997502068224,67.17381167318545,66.36153246208066,66.87181091308594,29114000,1946905902.923584
2019-12-13,GOOGL,66.84253439101849,67.01362094868927,66.53309548392478,66.79145812988281,33170000,2215472666.168213
2019-12-16,GOOGL,67.19464273779465,67.6176450772123,66.97694431367663,67.47731018066406,28128000,1898001780.7617188
2019-12-17,GOOGL,67.56209574408568,67.65730947093114,66.98486583558378,67.18917846679688,32948000,2213749052.1240234
2019-12-18,GOOGL,67.29382753188531,67.41432971173835,66.96951208896532,67.04141235351562,23330000,1564076150.2075195
2019-12-19,GOOGL,67.04140744524219,67.32010986052664,66.88470543834259,67.26605224609375,28922000,1945468763.0615234
2019-12-20,GOOGL,67.59631951614024,67.64094882668455,66.9828897183772,67.00718688964844,50090000,3356389991.30249
2019-12-23,GOOGL,67.37961473379353,67.5343342225845,66.84751347435298,66.97793579101562,19936000,1335272127.9296875
2019-12-24,GOOGL,66.95710366488333,67.04636985521093,66.65758483706803,66.67047119140625,13468000,897917906.0058594
2019-12-26,GOOGL,66.7755984844462,67.60127850432504,66.72402280476463,67.56507110595703,23662000,1598724712.5091553
2019-12-27,GOOGL,67.64093908382699,67.79219292580306,67.09545215530571,67.1767807006836,23212000,1559307433.6242676
2019-12-30,GOOGL,67.28439606964862,67.29381680371453,66.34366956318935,66.4364013671875,19994000,1328329408.9355469
2019-12-31,GOOGL,66.24200742818745,66.48351115662122,66.06050885599129,66.4205322265625,19514000,1296130265.8691406
2020-01-02,GOOGL,66.86784303993142,67.87303161621094,66.77262930429765,67.87303161621094,27278000,1851440556.427002
2020-01-03,GOOGL,66.84751358265558,68.12445823826381,66.81378810886194,67.5179672241211,23408000,1580460576.7822266
2020-01-06,GOOGL,67.02751808217074,69.34288486446046,66.9962821053439,69.31759643554688,46768000,3241845350.0976562
2020-01-07,GOOGL,69.44900962487809,69.59976407326137,69.00765768436452,69.18370056152344,34330000,2375076440.2770996
2020-01-08,GOOGL,69.16931937572167,70.01384094895226,69.06071987013958,69.67613220214844,35314000,2460542932.58667
2020-01-09,GOOGL,70.51370271406968,70.84843766453115,69.93250773983897,70.40758514404297,33200000,2337531826.7822266
2020-01-10,GOOGL,70.887623572567,71.15888019723822,70.39816911178163,70.8623275756836,26258000,1860702997.4822998
2020-01-13,GOOGL,71.17423856104631,71.48318564833806,70.68429232295442,71.41128540039062,30730000,2194468800.354004
2020-01-14,GOOGL,71.40980138157744,71.54022369151787,70.80331039967703,70.94316101074219,26076000,1849913866.5161133
2020-01-15,GOOGL,71.06366724106702,71.44848723259247,70.99622386006052,71.37013244628906,21550000,1538026354.2175293
2020-01-16,GOOGL,71.68006159560105,71.94041435124791,71.40979626083083,71.91363525390625,26080000,1875507607.421875
2020-01-17,GOOGL,72.52755882003636,73.42067465653932,72.23051437982828,73.36959838867188,52424000,3846327825.9277344
2020-01-21,GOOGL,73.34380799940449,73.88335497384024,72.90791179429193,73.5049819946289,48930000,3596598768.9971924
2020-01-22,GOOGL,73.8759245867756,74.41397338110437,73.52532192544703,73.58531951904297,28458000,2094091022.8729248
2020-01-23,GOOGL,73.7678173234847,74.06287927041319,73.40927702930324,73.62598419189453,26650000,1962132478.7139893
2020-01-24,GOOGL,74.02914675123824,74.097581382054,72.559292859008,72.70757293701172,29786000,2165667767.501831
2020-01-27,GOOGL,70.99027408970458,71.2402073113937,70.3932038265922,70.99969482421875,34132000,2423361583.7402344
2020-01-28,GOOGL,71.49608309873746,72.14373017574707,70.93174708981847,71.93049621582031,29724000,2138062069.519043
2020-01-29,GOOGL,72.32522164792377,72.60689777918915,71.67708278899732,72.23794555664062,21566000,1557883533.8745117
2020-01-30,GOOGL,71.31559431068452,72.16606357675543,71.16186605464331,72.1164779663086,27110000,1955077717.666626
2020-01-31,GOOGL,72.79137767304688,72.88113570169328,70.76809913606537,71.0517578125,43822000,3113630130.859375
2020-02-03,GOOGL,72.48342482845398,73.70582753071683,72.23349161238843,73.5223388671875,71636000,5266846267.089844
2020-02-04,GOOGL,72.12835848746417,72.76558597572388,70.51866160482743,71.6780776977539,95880000,6872494089.660645
2020-02-05,GOOGL,72.5806094341786,72.62871192281361,70.89802115663437,71.70980834960938,36376000,2608515988.5253906
2020-02-06,GOOGL,72.00388927199774,73.4707694622342,71.92950709001718,73.19355773925781,37822000,2768326740.814209
2020-02-07,GOOGL,72.76807109346798,73.65374870960305,72.66988358975605,73.3492660522461,28360000,2080185185.2416992
2020-02-10,GOOGL,73.25604592514885,74.82557052333453,73.15537648833067,74.81465911865234,38302000,2865551073.562622
2020-02-11,GOOGL,75.04325524636788,75.86695264677628,74.6554615733179,74.88407135009766,34852000,2609859654.6936035
2020-02-12,GOOGL,75.17172095550396,75.39190133350222,74.8151706973667,75.30908966064453,31042000,2337744761.2457275
2020-02-13,GOOGL,74.88111203769492,75.67207538277923,74.58356816841906,75.04922485351562,22914000,1719677938.293457
2020-02-14,GOOGL,75.1057482210196,75.37948673334321,74.66042372612603,75.31402587890625,23198000,1747134772.3388672
2020-02-18,GOOGL,75.09633617170891,75.90068528400265,74.93119712969819,75.3492431640625,25642000,1932105293.2128906
2020-02-19,GOOGL,75.73405324495363,75.90960425641619,75.42560557770153,75.6185073852539,22746000,1720018568.9849854
2020-02-20,GOOGL,75.32791507548832,75.72761146175247,74.59645752229817,75.22774505615234,25962000,1953062717.1478271
2020-02-21,GOOGL,74.61233071932669,74.92822421575049,73.31852714783577,73.56498718261719,42520000,3127983255.004883
2020-02-24,GOOGL,70.56924154888083,71.23028195609393,69.76290996883232,70.41104888916016,49560000,3489571582.9467773
2020-02-25,GOOGL,70.96349914969215,71.25359725489407,68.4552303299718,68.74781036376953,51580000,3546012058.5632324
2020-02-26,GOOGL,69.17725919757333,70.1041006176885,68.26331169909781,68.95360565185547,49776000,3432234674.926758
2020-02-27,GOOGL,67.39994084412521,67.90873614395468,65.17334092529835,65.20854949951172,62290000,4061840548.324585
2020-02-28,GOOGL,63.193204492422396,66.5722739739755,62.89070436777219,66.41358947753906,80198000,5326237048.919678
2020-03-02,GOOGL,67.01562850899076,68.8048341866294,65.71686100211107,68.74781036376953,55430000,3810691128.463745
2020-03-03,GOOGL,69.31114862306558,69.83233844511692,65.9171948251204,66.33772277832031,56602000,3754847784.6984863
2020-03-04,GOOGL,67.39101599549596,68.57225502928063,66.30201692418471,68.51374053955078,47598000,3261117022.201538
2020-03-05,GOOGL,66.72601271363625,67.12670796663788,64.5485139115482,65.19913482666016,54380000,3545528951.8737793
2020-03-06,GOOGL,62.9769971984103,64.6035493381855,62.34521781036266,64.25592803955078,64640000,4153503188.4765625
2020-03-09,GOOGL,59.754129850992335,62.12305079959445,59.41096545267935,60.29119110107422,69252000,4175285566.131592
2020-03-10,GOOGL,62.20537061822726,63.269572972951494,60.22771277532329,63.2358512878418,54872000,3469877631.866455
2020-03-11,GOOGL,61.901881557171805,62.331330808488026,59.06879454018304,60.0486946105957,54732000,3286585153.427124
2020-03-12,GOOGL,55.67088167650658,58.95027701384307,54.96918076424431,55.121917724609375,94326000,5199430011.291504
2020-03-13,GOOGL,58.2679152243598,60.22226345773861,55.158611522233514,60.215816497802734,79400000,4781135829.925537
2020-03-16,GOOGL,54.03391417465646,56.804018794531096,52.916649086900534,53.21022415161133,96520000,5135850835.113525
2020-03-17,GOOGL,54.08498798539528,55.83849297321683,52.02501404698684,55.44474792480469,83194000,4612670358.856201
2020-03-18,GOOGL,52.56257095894629,54.79660524805218,51.424970078900834,54.11226272583008,93044000,5034821373.062134
2020-03-19,GOOGL,53.964983044434405,57.15809373620562,52.34487397039444,55.127872467041016,74064000,4082990746.398926
2020-03-20,GOOGL,56.08148339433845,56.45737823212612,52.66968337475193,52.972679138183594,82878000,4390269701.61438
2020-03-23,GOOGL,52.385533632275504,52.90821410094761,50.030002120502026,52.274452209472656,83672000,4373907965.270996
2020-03-24,GOOGL,54.74652747937438,56.201996968618325,53.876218046602105,56.037357330322266,72468000,4060915211.013794
2020-03-25,GOOGL,55.768078303487016,56.83872770368654,53.70661738665387,54.62948989868164,90324000,4934354045.6085205
2020-03-26,GOOGL,55.27912035694048,58.09385791556648,54.15392148412994,57.66936492919922,76562000,4415281917.709351
2020-03-27,GOOGL,55.911395704558494,57.08073204784074,54.74751506360393,55.05794906616211,62794000,3457308853.6605835
2020-03-30,GOOGL,56.16777698755777,57.07825124528936,54.47427322697181,56.845672607421875,58736000,3338887426.2695312
2020-03-31,GOOGL,56.96567688694709,58.18906316864204,56.370097362055304,57.62125778198242,65228000,3758519402.6031494
2020-04-01,GOOGL,55.73931501110959,56.008093464132045,54.22631868304361,54.653289794921875,51970000,2840331470.64209
2020-04-02,GOOGL,54.54914768908642,55.67831525812242,54.20846522221107,55.39366912841797,56410000,3124756875.5340576
2020-04-03,GOOGL,55.27861844766066,55.4809447712396,53.31336271403317,54.187137603759766,51374000,2783810007.255554
2020-04-06,GOOGL,56.18563269892655,59.049460387953076,55.788910047440375,58.674560546875,63320000,3715273173.828125
2020-04-07,GOOGL,60.35169060850497,60.5386486628773,58.37998779819019,58.643310546875,61620000,3613600795.8984375
2020-04-08,GOOGL,59.6618882417758,60.247051966830085,58.71223673380825,59.855289459228516,40334000,2414203245.048523
2020-04-09,GOOGL,60.40971213758575,60.59864892090374,59.132268239290795,59.83396911621094,54028000,3232709683.4106445
2020-04-13,GOOGL,59.58254746490999,60.228211985811114,58.631904675648435,60.02439498901367,38702000,2323064134.864807
2020-04-14,GOOGL,61.49029147762071,63.26462449371434,60.923473469967675,62.74293899536133,63358000,3975267128.868103
2020-04-15,GOOGL,61.81460686948649,63.232885198503794,61.19423448072011,62.34968566894531,42236000,2633401323.913574
2020-04-16,GOOGL,62.83764929137025,63.14610078349134,61.4025120129918,62.35612869262695,57896000,3610170426.78833
2020-04-17,GOOGL,63.55968441345793,63.97128350215332,62.78111933147425,63.4257926940918,51050000,3237886717.033386
2020-04-20,GOOGL,62.97401789004605,63.3176779307609,62.307029946262375,62.54059982299805,35292000,2207182848.953247
2020-04-21,GOOGL,61.62615811769642,61.98766835322001,59.75611229250409,60.11117935180664,49648000,2984399832.458496
2020-04-22,GOOGL,61.546816874331455,63.469426000735105,61.35292000771885,62.404727935791016,46296000,2889089284.515381
2020-04-23,GOOGL,62.76821677257481,63.879534159122194,62.50985410412235,63.03749084472656,34202000,2156008261.871338
2020-04-24,GOOGL,62.23562530613796,63.36181922472336,61.69013452627562,63.3067741394043,37402000,2367799966.3619995
2020-04-27,GOOGL,64.07046002760272,64.17460265209323,62.73450152115081,63.022125244140625,44186000,2784695626.0375977
2020-04-28,GOOGL,63.63406872473429,63.71142467884531,61.0147150018543,61.12430953979492,80700000,4932731779.86145
2020-04-29,GOOGL,66.6987343327068,67.45002460634528,65.7927245869815,66.55889129638672,108358000,7212188343.093872
2020-04-30,GOOGL,66.02233937163489,66.94669893140887,65.5333767050034,66.78305053710938,55842000,3729299108.0932617
2020-05-01,GOOGL,65.66179120018717,67.01758966464936,64.94620903970105,65.32606506347656,48872000,3192615451.7822266
2020-05-04,GOOGL,64.87034957246755,65.68065376658639,64.26931430979212,65.60279083251953,30806000,2020959574.3865967
2020-05-05,GOOGL,66.32680414700387,67.98856850629761,66.20431948237466,66.89807891845703,39666000,2653579198.3795166
2020-05-06,GOOGL,67.34341219746076,67.87353091957088,66.70518581908316,66.72006225585938,31732000,2117161015.5029297
2020-05-07,GOOGL,67.50755427769955,68.23603812169104,67.0726492790664,67.90278625488281,30652000,2081356204.284668
2020-05-08,GOOGL,68.52464582755636,69.25956898715928,68.03816519605402,68.64961242675781,33326000,2287816983.734131
2020-05-11,GOOGL,68.27520548318408,70.19632388908829,68.2112352957633,69.60421752929688,32718000,2277310789.123535
2020-05-12,GOOGL,69.833824423372,70.13681640125114,68.16213984874989,68.19536590576172,33918000,2313050420.791626
2020-05-13,GOOGL,68.24395686168661,68.69870207901334,65.8561907203026,66.86386108398438,40368000,2699160344.2382812
2020-05-14,GOOGL,66.1294392946917,67.3121612901518,65.62262654118136,67.28687286376953,36660000,2466736759.185791
2020-05-15,GOOGL,66.86039957997617,68.16560628520914,66.40118989060014,68.0902328491211,41544000,2828740633.4838867
2020-05-18,GOOGL,67.52094138012248,69.06715998167876,67.15496289864852,68.69126892089844,47094000,3234946618.560791
2020-05-19,GOOGL,68.70614443587316,69.05376572383527,68.12494948842443,68.15668487548828,31586000,2152797048.477173
2020-05-20,GOOGL,68.88862946707506,70.02275708211047,68.80234463314515,69.88043212890625,38262000,2673765094.116211
2020-05-21,GOOGL,69.9711931242331,70.24244974483369,69.14799496101227,69.76093292236328,30894000,2155194261.703491
2020-05-22,GOOGL,69.61958897415187,70.26921852029433,69.22534831600099,70.082763671875,28544000,2000442406.25
2020-05-26,GOOGL,71.5069951861751,71.6632053320512,70.38824330390248,70.48593139648438,44590000,3142967680.9692383
2020-05-27,GOOGL,70.41799195891424,70.68330099818472,69.15840585469878,70.43187713623047,31684000,2231563595.184326
2020-05-28,GOOGL,69.426192345688,71.63096943029363,69.38057178014799,70.33071899414062,35170000,2473531387.023926
2020-05-29,GOOGL,70.4393250257835,71.24764676163868,70.218652828686,71.08846282958984,37044000,2633401017.059326
2020-06-01,GOOGL,70.70066543276502,71.48815557585249,70.53106194988158,71.15540313720703,25162000,1790412253.7384033
2020-06-02,GOOGL,71.1618401370753,71.55856271044368,70.49782602311556,71.52434539794922,23442000,1676673704.8187256
2020-06-03,GOOGL,71.54369094375163,71.85660306579962,70.99423139231902,71.37260437011719,27732000,1979305064.3920898
2020-06-04,GOOGL,71.25011707361648,71.47526126931832,69.72423054944969,70.13533020019531,26982000,1892391479.46167
2020-06-05,GOOGL,70.20178017806124,71.72221852046398,69.80406630546283,71.4107894897461,42642000,3045098885.421753
2020-06-08,GOOGL,70.72943087648002,71.85611291261435,70.64016468589004,71.80850982666016,33878000,2432728695.907593
2020-06-09,GOOGL,71.66965065277674,72.78840250945899,71.52682627591334,72.00884246826172,33624000,2421225319.152832
2020-06-10,GOOGL,72.47648141459497,73.0348622998667,72.1219137520516,72.63467407226562,31762000,2307022517.883301
2020-06-11,GOOGL,71.4608677491371,71.98503884464859,69.34733955056195,69.5204086303711,47144000,3277470144.470215
2020-06-12,GOOGL,70.70858643432881,71.13754380958245,68.7220073373794,70.06689453125,36676000,2569773423.828125
2020-06-15,GOOGL,68.90500481086467,70.66594810504006,68.79144145539158,70.45469665527344,30468000,2146613697.692871
2020-06-16,GOOGL,71.85610266711461,72.26125473639239,70.86380812050945,71.73064422607422,30648000,2198400784.2407227
2020-06-17,GOOGL,72.0514946495563,72.51069676200414,71.16829143028149,72.03165435791016,30610000,2204888939.89563
2020-06-18,GOOGL,71.8982617395041,72.05298121424725,70.72743476994945,71.11820983886719,34862000,2479323031.402588
2020-06-19,GOOGL,71.40979643273978,71.63295053322123,70.36840054135394,70.6480941772461,52784000,3729089003.051758
2020-06-22,GOOGL,70.66645003115394,71.95281537744636,70.37783504857579,71.93843078613281,29442000,2118011279.2053223
2020-06-23,GOOGL,72.00487961496944,73.15537446068053,71.65775015871338,72.59896850585938,37752000,2740756259.033203
2020-06-24,GOOGL,72.5642562323238,73.18462478275211,70.91389504036651,71.04779052734375,31592000,2244541798.3398438
2020-06-25,GOOGL,70.97439400933185,71.52484484122479,70.39518156341698,71.46434783935547,23958000,1712142845.5352783
2020-06-26,GOOGL,71.04432444908078,71.26202286929771,67.19464153368672,67.56855010986328,97640000,6597393232.727051
2020-06-29,GOOGL,67.45944641414235,69.32701421353897,67.02850648187311,69.28585052490234,45074000,3122990426.5594482
2020-06-30,GOOGL,69.27147878140379,70.61635863988086,68.77805172682511,70.32129669189453,40286000,2832963758.529663
2020-07-01,GOOGL,70.3768421161721,71.83032898693156,70.12938326370785,71.50897979736328,42182000,3016391785.812378
2020-07-02,GOOGL,71.99695439492824,73.81592043493603,71.95876447702986,72.89403533935547,57218000,4170850914.047241
2020-07-06,GOOGL,73.79757524785116,74.88111870181295,73.24365115078267,74.36785888671875,44712000,3325135706.5429688
2020-07-07,GOOGL,74.19330132589292,75.44247559216144,73.87443405399931,73.88534545898438,42364000,3130078775.024414
2020-07-08,GOOGL,74.42488417311117,74.93913520411024,74.0033649498385,74.56373596191406,31766000,2368591636.566162
2020-07-09,GOOGL,74.87762448734807,75.83025350511394,74.16650673182482,75.310546875,41836000,3150692039.0625
2020-07-10,GOOGL,75.04227347746796,76.43526327419461,74.42091366005153,76.31971740722656,35918000,2741251609.8327637
2020-07-13,GOOGL,76.86174923666793,78.17191999043621,74.71053006647314,74.99170684814453,42954000,3221193775.9552
2020-07-14,GOOGL,74.0276638809234,75.51585983280482,73.68747324161508,75.4196548461914,38108000,2874092206.878662
2020-07-15,GOOGL,75.53719235159814,76.18682201246635,74.27760605217841,75.22229766845703,31026000,2333847007.461548
2020-07-16,GOOGL,74.45958671679637,75.17418530345144,73.80351018131975,75.12509155273438,26484000,1989612924.6826172
2020-07-17,GOOGL,75.22377608107477,75.54710778770762,74.29098718634621,75.2208023071289,34264000,2577365570.251465
2020-07-20,GOOGL,75.12905704307107,77.8074208084694,74.51910048084655,77.55104064941406,30166000,2339404692.2302246
2020-07-21,GOOGL,78.60186132798782,78.70203135101997,76.99463868090396,77.15828704833984,27486000,2120772677.810669
2020-07-22,GOOGL,77.14787303751817,77.70675334704666,76.52898757148118,77.60112762451172,24482000,1899830806.503296
2020-07-23,GOOGL,77.65468582028785,77.87387489576915,74.81118295355448,75.2158432006836,33910000,2550569242.9351807
2020-07-24,GOOGL,74.34504365729109,75.15038400386956,73.76979622867519,74.79234313964844,29902000,2236440644.5617676
2020-07-27,GOOGL,75.0427754818971,76.24781222334954,74.9966555026243,75.84464263916016,27124000,2057210086.94458
2020-07-28,GOOGL,75.62495452502512,75.67503953138889,74.41098901045284,74.56620788574219,30910000,2304841485.748291
2020-07-29,GOOGL,74.63315119222594,76.03803598682765,74.53446428373476,75.55106353759766,22676000,1713195916.7785645
2020-07-30,GOOGL,74.28454828311527,76.41296100573945,74.14569648203324,76.28799438476562,36042000,2749571893.6157227
2020-07-31,GOOGL,74.23890781925564,74.63413971739837,72.10404870762487,73.78763580322266,91468000,6749207471.64917
2020-08-03,GOOGL,73.93889104491423,74.27262713004906,72.98278880477989,73.53026580810547,45482000,3344303549.484253
2020-08-04,GOOGL,73.72614732908357,74.04352386940299,72.6014404781927,73.06114196777344,37212000,2718751214.904785
2020-08-05,GOOGL,73.23570970460068,73.88930432200833,72.95799858052132,73.34827423095703,29134000,2136928621.4447021
2020-08-06,GOOGL,73.20248543087422,74.6961371287166,72.99172582956919,74.63067626953125,33306000,2485649303.833008
2020-08-07,GOOGL,74.83350211063035,75.3814709934715,73.70433072116582,74.30437469482422,27718000,2059568657.7911377
2020-08-10,GOOGL,73.92897345317232,74.73976942853685,73.26892434364396,74.22750854492188,20546000,1525078390.5639648
2020-08-11,GOOGL,74.08766876140056,74.90293686647448,73.30365176800044,73.4201889038086,31098000,2283221034.5306396
2020-08-12,GOOGL,73.74649701775965,74.96393594922627,73.64136312889204,74.74424743652344,22512000,1682642498.2910156
2020-08-13,GOOGL,74.79233862250962,76.21855444545622,74.79233862250962,75.21087646484375,22388000,1683821102.2949219
2020-08-14,GOOGL,75.06012408061498,75.36659681987358,74.33561289996881,74.61480712890625,21942000,1637198098.022461
2020-08-17,GOOGL,75.17717361935591,75.56447556491348,74.63316965772786,75.19055938720703,19990000,1503059282.1502686
2020-08-18,GOOGL,75.68049915036515,77.23019092166476,75.45982697689634,77.1513442993164,28378000,2189400848.526001
2020-08-19,GOOGL,76.98819489670538,77.79998980713675,76.36881754336467,76.59742736816406,30472000,2334076806.7626953
2020-08-20,GOOGL,76.36731743172305,78.36084298271476,76.09407832961335,78.16645050048828,26382000,2062187297.1038818
2020-08-21,GOOGL,77.94578197707564,78.94155742131991,77.47517655139052,78.13274383544922,34838000,2721988529.73938
2020-08-24,GOOGL,78.9708081393401,79.77962926395986,78.10645386630996,78.6078109741211,25638000,2015347057.7545166
2020-08-25,GOOGL,78.35737106631586,79.78457814472273,78.24728090400605,79.63432312011719,25150000,2002803226.4709473
2020-08-26,GOOGL,79.65663374936909,81.96208008160359,79.39281538968537,81.53262329101562,52188000,4255024544.3115234
2020-08-27,GOOGL,81.65561820356022,81.72405283891463,80.27701291660559,80.75853729248047,31350000,2531780144.1192627
2020-08-28,GOOGL,80.80563405926029,81.39475900573815,80.61421536614671,81.29954528808594,22418000,1822573206.2683105
2020-08-31,GOOGL,81.50486573387329,81.55098571536558,80.60034658249602,80.80862426757812,26422000,2135125470.3979492
2020-09-01,GOOGL,80.93902828252244,82.28093405262332,80.80860599847226,82.07563018798828,22652000,1859177175.0183105
2020-09-02,GOOGL,82.71685576471795,85.59755015191129,82.3290619784215,85.16561889648438,49522000,4217571778.991699
2020-09-03,GOOGL,84.27942619556264,84.30323151911709,79.7265559132381,80.80762481689453,63726000,5149546699.081421
2020-09-04,GOOGL,79.79052798096303,81.07937516659749,76.26814209838817,78.41242218017578,55850000,4379333778.762817
2020-09-08,GOOGL,75.6249526167331,77.13992754362111,75.20343346065242,75.55552673339844,54032000,4082416220.4589844
2020-09-09,GOOGL,76.81017525430957,77.2971478144639,75.63340056915945,76.72736358642578,39242000,3010935201.8585205
2020-09-10,GOOGL,76.87363960393168,78.0380120006391,75.37700663755594,75.6770248413086,33024000,2499158068.359375
2020-09-11,GOOGL,75.78116905727127,76.30434137046228,74.03906730255125,75.166748046875,30706000,2308070165.5273438
2020-09-14,GOOGL,75.95473545699213,77.21184733619498,74.63861724293893,74.82308959960938,42660000,3191953002.319336
2020-09-15,GOOGL,75.7682678763048,76.91379872037813,75.48114361362637,76.12680053710938,23042000,1754113737.9760742
2020-09-16,GOOGL,76.49180158810144,77.08142606699325,74.95995988574093,74.98475646972656,22128000,1659262691.1621094
2020-09-17,GOOGL,73.68151152686062,74.31874654470757,72.52358617191905,73.74250793457031,40008000,2950290257.446289
2020-09-18,GOOGL,73.80500039329375,74.14717354274497,70.99423184511045,71.95974731445312,63056000,4537493826.660156
2020-09-21,GOOGL,70.99423595541519,71.41277382224862,69.55909872730024,70.92084503173828,56908000,4035963449.066162
2020-09-22,GOOGL,71.92156489906783,72.59847297958909,70.88909790425686,72.39266967773438,33950000,2457731135.559082
2020-09-23,GOOGL,72.00933895714364,72.05843270651947,69.55909323170627,69.89183807373047,37726000,2636739483.1695557
2020-09-24,GOOGL,69.5590904717612,71.31011340811294,69.53280322167417,70.559814453125,34552000,2437982708.984375
2020-09-25,GOOGL,70.66842379721632,71.70435638288463,69.80704340057243,71.3631820678711,30326000,2164159859.390259
2020-09-28,GOOGL,72.99619210723424,73.04577770670436,71.72123004229934,72.33515167236328,30784000,2226765309.0820312
2020-09-29,GOOGL,72.59549981591418,72.99667929784022,72.10405532889749,72.70013427734375,31816000,2313027472.1679688
2020-09-30,GOOGL,72.44822189421207,73.70086941289681,72.19134985223658,72.67931365966797,40924000,2974328232.208252
2020-10-01,GOOGL,73.57490368942042,74.14073037908443,73.23471303836575,73.78516387939453,32884000,2426351329.01001
2020-10-02,GOOGL,72.38325120895068,73.34530108822473,71.77428589367447,72.18340301513672,31222000,2253710208.9385986
2020-10-05,GOOGL,72.53302824034571,73.626491890223,72.40607909840801,73.53376007080078,21602000,1588476285.0494385
2020-10-06,GOOGL,73.17024916293467,73.61754863021302,71.65824787299684,71.95628356933594,26096000,1877771176.0253906
2020-10-07,GOOGL,72.36737722907078,72.84641961122173,71.07406570647528,72.35894775390625,36108000,2612736885.498047
2020-10-08,GOOGL,72.67186671262658,73.79160984769521,72.67186671262658,73.5634994506836,26076000,1918241811.6760254
2020-10-09,GOOGL,74.03112013611535,74.9728377454081,73.74052269718435,74.90341186523438,32966000,2469265875.5493164
2020-10-12,GOOGL,76.26962637160483,78.76995701320932,75.83818706732326,77.58822631835938,55344000,4294042797.3632812
2020-10-13,GOOGL,78.2041474056117,78.60830825072733,77.29268191848519,77.71121978759766,39072000,3036332779.5410156
2020-10-14,GOOGL,78.08463641146828,78.54333914498373,76.66139427283109,77.53120422363281,33174000,2572020168.914795
2020-10-15,GOOGL,76.5919747665281,77.92595083117723,76.42486076596214,77.13597869873047,31210000,2407413895.187378
2020-10-16,GOOGL,77.45136526093125,78.23885538819876,77.24457825784714,77.74246215820312,34194000,2658325751.0375977
2020-10-19,GOOGL,78.15058813294185,78.5473107543964,75.52181743296583,75.87042999267578,29734000,2255931365.4022217
2020-10-20,GOOGL,75.53123918577117,78.04694597778177,75.40180813556019,76.91827392578125,41670000,3205184474.4873047
2020-10-21,GOOGL,77.84907582540164,80.09501655041937,77.71468849305327,78.64945983886719,60322000,4744292716.4001465
2020-10-22,GOOGL,78.60037683033812,80.00972633668317,78.22745949895982,79.67449951171875,30512000,2431028329.1015625
2020-10-23,GOOGL,80.09056254283196,81.03624541577501,79.93484422792365,80.9797134399414,30548000,2473768286.16333
2020-10-26,GOOGL,80.08807542144447,80.81109596389342,77.7464289699495,78.5651626586914,35826000,2814675517.4102783
2020-10-27,GOOGL,78.79526157270044,79.44340050716269,78.20315519687098,79.28868103027344,25902000,2053735416.0461426
2020-10-28,GOOGL,76.86520815058896,77.05364551687353,74.80572991828615,74.9207763671875,45174000,3384471151.611328
2020-10-29,GOOGL,75.22922035595008,78.78582318752815,75.20591444663212,77.20588684082031,55406000,4277669366.30249
2020-10-30,GOOGL,82.68858716235039,83.37689856838614,79.42208175772936,80.14311981201172,99878000,8004534520.584106
2020-11-02,GOOGL,80.51157306203328,82.23235142341763,80.05038085259652,80.55025482177734,44228000,3562576670.2575684
2020-11-03,GOOGL,80.86961702118651,82.27003752125272,79.94475820536469,81.60850524902344,31432000,2565118536.9873047
2020-11-04,GOOGL,84.57995112111725,87.77603930665698,84.45201073795255,86.57695007324219,71342000,6176572772.125244
2020-11-05,GOOGL,87.79685909810694,88.85660464736164,86.33791656920567,87.40261840820312,39758000,3474953302.67334
2020-11-06,GOOGL,86.84920287648768,87.70017143027276,86.12220968092075,87.26526641845703,28622000,2497706455.429077
2020-11-09,GOOGL,89.06289964750782,90.09982356156625,87.15714949334874,87.34906005859375,53440000,4667933769.53125
2020-11-10,GOOGL,85.77954163133082,87.24790499621608,85.10263347510187,86.17378234863281,43022000,3707368464.202881
2020-11-11,GOOGL,86.70340081963118,87.42245635168302,86.43859116132685,86.6453857421875,31838000,2758615791.2597656
2020-11-12,GOOGL,86.38601724295751,87.5256006507518,86.18616905114561,86.42668151855469,26474000,2288059966.522217
2020-11-13,GOOGL,86.68355780156224,88.12811565464587,86.08748643492731,87.88661193847656,29744000,2614099385.498047
2020-11-16,GOOGL,87.48395764257096,88.98158211488364,87.34460643181245,87.97440338134766,25468000,2240532105.316162
2020-11-17,GOOGL,87.66841834553581,88.12861930166262,87.25335367641775,87.3609619140625,21314000,1862011542.2363281
2020-11-18,GOOGL,87.11201820971709,87.52659102492422,86.21592105216274,86.31857299804688,20108000,1735693865.8447266
2020-11-19,GOOGL,85.9511206538615,87.4517188316341,85.79193672214883,87.20773315429688,20106000,1753398682.800293
2020-11-20,GOOGL,87.37782799467588,87.69322208223674,86.03889568471133,86.10733032226562,27694000,2384656405.944824
2020-11-23,GOOGL,86.29775148895854,86.58388452691703,84.80806483367506,85.66993713378906,22530000,1930143683.6242676
2020-11-24,GOOGL,85.66697261307304,87.59999391838477,85.33124637413032,87.47205352783203,27984000,2447817945.9228516
2020-11-25,GOOGL,87.6659416054076,87.79338256520208,86.70140982396333,87.48344421386719,19600000,1714675506.5917969
2020-11-27,GOOGL,87.50377401389918,89.11397029438973,87.50377401389918,88.61856079101562,14790000,1310668514.099121
2020-11-30,GOOGL,88.05472883709749,88.28730367623308,86.67562420794934,87.00093841552734,32418000,2820396421.5545654
2020-12-01,GOOGL,87.60891569180329,90.33934712767135,87.42890021723332,89.03215026855469,37350000,3325350812.5305176
2020-12-02,GOOGL,89.03215541544569,90.8858381988271,88.52683325898421,90.50051879882812,29424000,2662887265.1367188
2020-12-03,GOOGL,90.28082916707561,91.4357808641382,90.10527814356266,90.34529876708984,24728000,2234058547.9125977
2020-12-04,GOOGL,90.26497019974981,90.72516363204076,89.93618277474572,90.44052124023438,20544000,1858010068.359375
2020-12-07,GOOGL,90.03337488446918,90.71474746268916,89.41300629000888,90.10677337646484,22288000,2008299765.0146484
2020-12-08,GOOGL,89.68476067965364,90.05420479386552,88.82982716744417,89.82410430908203,19936000,1790733343.5058594
2020-12-09,GOOGL,89.77600140990651,90.66912483380474,87.3778230247118,88.16432189941406,31728000,2797277605.2246094
2020-12-10,GOOGL,87.40757214922617,88.02199315546525,85.96598802674157,87.65800476074219,28688000,2514732840.576172
2020-12-11,GOOGL,87.27864133152798,88.13704799737961,86.91861796512762,88.0125732421875,18628000,1639498214.3554688
2020-12-14,GOOGL,87.81024388487914,88.75641842182344,86.73958703553363,86.89480590820312,33050000,2871873335.2661133
2020-12-15,GOOGL,87.27170215315259,87.4770060641718,86.36966493036442,87.33220672607422,21352000,1864717278.0151367
2020-12-16,GOOGL,87.7304049543823,87.7304049543823,86.73612785383081,87.13928985595703,24676000,2150249116.4855957
2020-12-17,GOOGL,87.4735323654879,87.61139288477847,85.84796774736196,86.31212615966797,34880000,3010566960.4492188
2020-12-18,GOOGL,86.59281350662172,86.7014130032397,85.04708672490963,85.60348510742188,85256000,7298210726.318359
2020-12-21,GOOGL,84.75599010453729,86.13806852719698,84.00569107154372,86.0170669555664,33974000,2922343832.748413
2020-12-22,GOOGL,85.75771792450207,85.92037503992229,84.58987222192447,85.30595397949219,20370000,1737682282.5622559
2020-12-23,GOOGL,85.4899367962746,86.49066096594188,85.35455062268282,85.70317077636719,22974000,1968944645.4162598
2020-12-24,GOOGL,85.74134221937419,86.40634763890155,85.51074990274458,85.99723052978516,9312000,800806210.6933594
2020-12-28,GOOGL,86.5303163813266,88.61756486730043,86.37708759430448,87.97090911865234,27650000,2432395637.1307373
2020-12-29,GOOGL,88.62899665277278,88.6904849203258,87.0361584425288,87.16757202148438,19726000,1719467525.6958008
2020-12-30,GOOGL,87.52658454559963,87.66345379664646,85.69175114215045,86.10086822509766,21026000,1810356855.3009033
2020-12-31,GOOGL,86.15145649430762,87.15466244553635,86.09293444461045,86.91365814208984,21070000,1831270777.053833
2021-01-04,GOOGL,87.27864427300177,87.402120207572,84.65731177627322,85.59902954101562,37324000,3194898178.588867
2021-01-05,GOOGL,85.54744478278593,86.62553228807558,85.14130146810675,86.28931427001953,20360000,1756850438.5375977
2021-01-06,GOOGL,84.31612534175449,86.48371128165162,84.10983019384653,85.43785095214844,46588000,3980378600.1586914
2021-01-07,GOOGL,85.63026481011545,88.16233866820387,85.63026481011545,87.9897689819336,41936000,3689938952.026367
2021-01-08,GOOGL,88.12960383731487,89.23050541250267,87.3391324437346,89.15463256835938,35484000,3163562982.055664
2021-01-11,GOOGL,88.1226604372479,88.48764764784643,86.88886216525205,87.09465789794922,34796000,3030545716.217041
2021-01-12,GOOGL,86.55264274953645,87.67040339276643,85.11552300350571,86.15939331054688,29528000,2544114565.673828
2021-01-13,GOOGL,85.65804035537805,87.09963218216294,85.65804035537805,86.64637756347656,23432000,2030297919.0673828
2021-01-14,GOOGL,86.72670521887984,87.65305472805,85.59605062771794,85.83656311035156,29212000,2507457681.57959
2021-01-15,GOOGL,85.74233848952319,86.6647153768153,84.88393935871447,85.67291259765625,31444000,2693899063.720703
2021-01-19,GOOGL,86.43560673566675,89.45267036457545,85.93127591068698,88.49211120605469,41660000,3686581352.8442383
2021-01-20,GOOGL,90.5699300649502,94.20736973532452,90.22974701111279,93.23292541503906,64152000,5981078631.225586
2021-01-21,GOOGL,93.90636933143983,95.81211195428514,93.2002001837018,93.43525695800781,58634000,5478482856.47583
2021-01-22,GOOGL,93.79776072604933,94.43896084883245,93.05589117003073,93.85231018066406,32744000,3073100044.555664
2021-01-25,GOOGL,94.8530372036717,95.30331799676104,92.19599688493652,93.9375991821289,50586000,4751927392.227173
2021-01-26,GOOGL,93.52649487258525,95.00229620820357,93.03753991216796,94.61549377441406,31462000,2976792665.130615
2021-01-27,GOOGL,92.97705264284299,93.25277371377656,89.1273696425718,90.20149230957031,82512000,7442705533.447266
2021-01-28,GOOGL,90.79954993985909,93.62568701190574,90.79954993985909,91.90045166015625,55278000,5080073166.870117
2021-01-29,GOOGL,90.94931198226257,91.61977320852743,89.33962239135802,90.6190414428711,44530000,4035265915.45105
2021-02-01,GOOGL,91.47348314014071,94.99190444693383,91.47348314014071,93.87761688232422,40252000,3778761834.7473145
2021-02-02,GOOGL,94.87237391938353,96.6695168475592,94.53713959231696,95.16941833496094,66332000,6312777856.994629
2021-02-03,GOOGL,102.43390242776726,104.4675932593003,99.85223504202864,102.10015869140625,97882000,9993767733.032227
2021-02-04,GOOGL,102.18642801251289,102.61686853209841,100.92088672711886,101.83979797363281,48596000,4949006822.32666
2021-02-05,GOOGL,102.1338760393463,103.93796575925221,101.65979740025753,103.58538055419922,29866000,3093680975.631714
2021-02-08,GOOGL,104.13928516789632,104.88313720480986,102.32181002045341,103.37162780761719,28828000,2979997286.4379883
2021-02-09,GOOGL,102.88961562155747,104.06539887651223,102.65158507922345,102.91887664794922,21892000,2253100047.5769043
2021-02-10,GOOGL,103.30319541840504,104.08374671519705,101.77086200517664,103.46882629394531,25102000,2597274477.630615
2021-02-11,GOOGL,103.69297120693396,103.84173555256167,102.5950434217079,103.58139038085938,20480000,2121346875.0
2021-02-12,GOOGL,103.13609147784828,104.11450097821873,102.82862745386913,103.89283752441406,18990000,1972924984.588623
2021-02-16,GOOGL,103.73017895489284,106.37779882279371,103.73017895489284,104.66991424560547,31004000,3245186021.270752
2021-02-17,GOOGL,103.84075695054456,105.2520964251539,103.56157027886391,105.06266021728516,20294000,2132141626.449585
2021-02-18,GOOGL,104.38723382023842,105.22977275348802,103.80851325413042,104.42739868164062,22546000,2354420130.6762695
2021-02-19,GOOGL,104.52560706749125,105.06068208751414,103.31758892872503,103.58438110351562,37938000,3929784250.305176
2021-02-22,GOOGL,101.83830606942489,103.1638524951323,101.56060251176662,101.87103271484375,29466000,3001731849.975586
2021-02-23,GOOGL,99.874032566136,102.77555020656679,98.69576750003357,102.16162109375,34658000,3540717463.8671875
2021-02-24,GOOGL,100.66996455548863,103.56007930549984,100.54549736259403,103.33642578125,22608000,2336229914.0625
2021-02-25,GOOGL,101.95385918325073,103.296264656048,99.50212250444032,99.97124481201172,41548000,4153605279.449463
2021-02-26,GOOGL,100.66548976778884,101.98309847376467,99.23035268675075,100.26678466796875,40042000,4014882591.6748047
2021-03-01,GOOGL,101.5606048992847,102.96053353696968,100.88716997270484,102.63472747802734,26060000,2674660998.0773926
2021-03-02,GOOGL,102.39570360453789,103.87845154552576,101.99055905326092,102.37785339355469,25564000,2617187444.152832
2021-03-03,GOOGL,101.75648597138567,102.94862875695728,98.88273085300933,99.74610137939453,33892000,3380594867.9504395
2021-03-04,GOOGL,99.91767835282445,102.87920137299997,99.44954734195224,100.86286926269531,49216000,4964066973.6328125
2021-03-05,GOOGL,102.21271269276662,104.44674319929116,100.55788705118852,103.99398803710938,53100000,5522080764.770508
2021-03-08,GOOGL,103.3488162024733,104.82064494342981,99.43763808766263,99.55219268798828,36868000,3670290240.020752
2021-03-09,GOOGL,101.6473888421462,102.35007722648686,100.94568414890182,101.18173217773438,33920000,3432084355.46875
2021-03-10,GOOGL,102.22511823828405,102.22511823828405,100.13886060476449,100.9749526977539,27100000,2736421218.109131
2021-03-11,GOOGL,102.06741705146506,104.69817024362116,101.97964153853603,104.16606903076172,27702000,2885608444.290161
2021-03-12,GOOGL,102.96945342859367,103.0289591680474,100.78798240311897,101.65977478027344,33818000,3437930263.519287
2021-03-15,GOOGL,101.41083684371416,101.90723004915033,100.5583853117007,101.87995910644531,26168000,2665994769.897461
2021-03-16,GOOGL,102.45272538765994,104.81767759960309,102.12047238189682,103.34039306640625,31900000,3296558538.8183594
2021-03-17,GOOGL,102.57571159931345,104.0896954073164,101.36819296395524,103.25757598876953,26382000,2724141369.735718
2021-03-18,GOOGL,101.56951989998234,102.58959237276454,100.13140900343207,100.238525390625,31700000,3177561254.8828125
2021-03-19,GOOGL,100.65458821260705,101.01708592464301,99.32556866080017,100.51721954345703,46072000,4631029338.806152
2021-03-22,GOOGL,100.55045613544077,101.57746751441745,99.87453925617409,100.70220184326172,33536000,3377149041.015625
2021-03-23,GOOGL,101.16139325256839,102.35949109317576,100.56879507536709,101.22982788085938,28510000,2886062392.883301
2021-03-24,GOOGL,101.74706227764077,102.53256990725708,100.61839021612809,100.79344940185547,25218000,2541809207.015991
2021-03-25,GOOGL,100.62086633670765,101.44356501016514,98.9863728269257,100.78997039794922,35616000,3589735585.6933594
2021-03-26,GOOGL,100.75674230960178,101.1336246171234,99.37119076934293,100.4066390991211,27978000,2809176948.71521
2021-03-29,GOOGL,100.2792009272737,101.62061514543679,99.45054707058068,101.45101165771484,26492000,2687640200.8361816
2021-03-30,GOOGL,101.80756587150155,102.28809141391507,100.97296449597272,101.48473358154297,27312000,2771751043.5791016
2021-03-31,GOOGL,101.87796952761705,103.45791345107975,101.51099982265738,102.2806396484375,42570000,4354086829.833984
2021-04-01,GOOGL,103.7549829720786,105.91214972011062,103.71431869033437,105.61609649658203,39880000,4211969928.2836914
2021-04-05,GOOGL,106.47746082606572,110.53592048261828,106.38125583923181,110.03852844238281,48510000,5337969014.73999
2021-04-06,GOOGL,109.63983019014792,110.48683365729421,109.1870749956329,109.55751037597656,35240000,3860806665.649414
2021-04-07,GOOGL,109.74793242768109,111.30506244729017,109.74793242768109,111.03380584716797,24134000,2679689870.3155518
2021-04-08,GOOGL,112.27207187647824,112.658382510487,111.23117534122576,111.59913635253906,28664000,3198877644.4091797
2021-04-09,GOOGL,111.35167993918043,112.76648496837154,110.94602844319752,112.60283660888672,26146000,2944113765.975952
2021-04-12,GOOGL,111.78211703998792,111.91947814319695,110.4778940603642,111.3110122680664,25024000,2785446770.9960938
2021-04-13,GOOGL,111.6269058095295,112.24579128521644,111.23315696050524,111.79749298095703,25682000,2871183214.7369385
2021-04-14,GOOGL,112.44216945631923,112.44216945631923,110.88454751475824,111.17662811279297,21002000,2334931543.624878
2021-04-15,GOOGL,112.17040796947886,113.85895143791116,111.63582486861483,113.32585144042969,29174000,3306168389.9230957
2021-04-16,GOOGL,113.52373007572085,113.77168077567667,112.61523834787371,113.20188903808594,26282000,2975172047.6989746
2021-04-19,GOOGL,112.57854354901255,114.26014079100582,112.57854354901255,113.54951477050781,30290000,3439414802.3986816
2021-04-20,GOOGL,113.9328401922627,114.00772178331093,111.93089265988128,113.01641845703125,22288000,2518909934.5703125
2021-04-21,GOOGL,112.67127568827584,113.06551638343237,111.32093263815867,112.98369598388672,23204000,2621673681.6101074
2021-04-22,GOOGL,112.83740129654701,113.50587995571698,111.09778136352259,111.7027816772461,24146000,2697175366.378784
2021-04-23,GOOGL,112.4208378072845,114.36080521624167,112.13569603609702,114.05384063720703,29066000,3315088931.9610596
2021-04-26,GOOGL,114.28146082870616,115.27376298428891,113.92441123580916,114.54974365234375,32038000,3669944687.133789
2021-04-27,GOOGL,114.93158969348886,114.97225396912138,113.37098650498807,113.61001586914062,44386000,5042694164.367676
2021-04-28,GOOGL,118.6444129864384,120.57247792112227,116.6965153246631,116.9851303100586,81106000,9488195978.927612
2021-04-29,GOOGL,118.4822588557865,119.22263781068271,117.71955767781353,118.65731048583984,41234000,4892715540.57312
2021-04-30,GOOGL,117.43043490062821,118.1162643027293,116.36623251844566,116.71038818359375,44856000,5235161172.363281
2021-05-03,GOOGL,117.2762012400106,118.10138178756102,115.8177582594562,116.19364929199219,28242000,3281541043.3044434
2021-05-04,GOOGL,114.72925560951428,115.29656536605839,111.90906636547629,114.39601135253906,44818000,5127000436.798096
2021-05-05,GOOGL,115.47709216813345,115.79297809431026,114.46793099267961,114.7897720336914,26636000,3057540367.8894043
2021-05-06,GOOGL,114.371219210084,115.90950775146484,113.71216888819075,115.90950775146484,25190000,2919760500.2593994
2021-05-07,GOOGL,117.22562773950987,117.59060737920674,116.34638956282501,116.63252258300781,28898000,3370446637.60376
2021-05-10,GOOGL,115.4527900587697,115.59462319092775,113.29065958056633,113.64820861816406,30914000,3513320721.221924
2021-05-11,GOOGL,111.23415327092532,113.07939883944981,110.78039927471382,112.57258605957031,34186000,3848406427.0324707
2021-05-12,GOOGL,110.39707540750636,111.47764498191353,108.78192267103177,109.11070251464844,46376000,5060117939.819336
2021-05-13,GOOGL,110.39359185483993,111.05413282086089,109.43154201842614,110.53839874267578,33204000,3670316991.8518066
2021-05-14,GOOGL,112.00131096781348,113.29957888960938,111.577809256897,112.98517608642578,31996000,3615073694.0612793
2021-05-17,GOOGL,112.25076154680255,113.55052033332134,111.85106510026651,113.50787353515625,21598000,2451543052.6123047
2021-05-18,GOOGL,114.17384773504614,114.43816551572112,112.18230470309192,112.1961898803711,22204000,2491204200.10376
2021-05-19,GOOGL,110.50815409240448,112.81706629241613,110.35988157512777,112.64399719238281,23684000,2667860429.5043945
2021-05-20,GOOGL,113.61101419771367,114.65240260155116,113.24007940429303,114.4019775390625,32352000,3701132777.34375
2021-05-21,GOOGL,114.92068766087792,114.99408615470026,113.52670649294609,113.76622772216797,40632000,4622549364.807129
2021-05-24,GOOGL,114.79571714938808,117.30795076933327,114.65041840397706,117.08430480957031,31832000,3727027590.698242
2021-05-25,GOOGL,117.62781165530731,118.22289182744397,116.7847807808758,117.17505645751953,22440000,2629408266.9067383
2021-05-26,GOOGL,117.35604726795344,118.47034224534134,117.35307349417839,118.03990173339844,21572000,2546356760.192871
2021-05-27,GOOGL,118.47332287279623,118.47332287279623,116.84726630527486,117.16563415527344,35224000,4127042297.4853516
2021-05-28,GOOGL,117.74781887099097,117.82963927117555,116.67816071964592,116.87651824951172,21482000,2510741365.0360107
2021-06-01,GOOGL,117.74881802621616,118.30769838712813,116.74907754551573,118.08305358886719,23354000,2757711633.5144043
2021-06-02,GOOGL,118.47827097273424,118.70093322748687,116.65384943203411,117.5578842163086,21158000,2487289714.248657
2021-06-03,GOOGL,116.3250761646754,116.88494774617168,115.52121891925472,116.41681671142578,18696000,2176528805.2368164
2021-06-04,GOOGL,117.49242726754059,118.96822874582733,117.15223662042179,118.69746398925781,24458000,2903102574.2492676
2021-06-07,GOOGL,118.49265182934205,119.23997703743203,118.07411399726047,119.13037872314453,24120000,2873424734.802246
2021-06-08,GOOGL,119.61191557625074,119.98433347180782,118.75747389251524,118.93897247314453,24240000,2883080692.7490234
2021-06-09,GOOGL,119.58315669372153,119.65505695022746,118.86261049023591,119.41008758544922,17942000,2142455791.45813
2021-06-10,GOOGL,119.35950068179913,120.80158431684347,119.20378994220064,120.75843811035156,25904000,3128126580.810547
2021-06-11,GOOGL,120.99992773077977,121.08522130896714,119.95654936765875,120.51394653320312,21958000,2646245237.976074
2021-06-14,GOOGL,120.61609253184254,121.44226430642028,119.90893979724657,121.4417724609375,22098000,2683620287.841797
2021-06-15,GOOGL,121.44623409294725,121.76906634678457,120.06366395354094,120.42418670654297,21562000,2596586313.7664795
2021-06-16,GOOGL,120.5754393849675,120.88686840654948,118.49067266185558,119.7824935913086,26472000,3170882170.349121
2021-06-17,GOOGL,119.70812106140869,121.51815815207105,119.51223788888802,120.74554443359375,25842000,3120306359.2529297
2021-06-18,GOOGL,120.37212004101573,120.60618554839238,119.03120533837755,119.12641906738281,46116000,5493633941.711426
2021-06-21,GOOGL,119.51272322906476,120.99992784761416,118.91565304746868,120.81396484375,27414000,3311994032.2265625
2021-06-22,GOOGL,120.75198899495656,121.39666231815684,120.07161525109758,121.32772827148438,22390000,2716527835.998535
2021-06-23,GOOGL,121.09266658134959,122.08645184131146,120.83579457394919,121.12589263916016,19148000,2319318592.2546387
2021-06-24,GOOGL,121.69419186972272,122.04677701360374,121.29747683144915,121.49583435058594,21362000,2595394013.397217
2021-06-25,GOOGL,120.99993398696205,121.62774832820787,120.5685022175003,121.50426483154297,34594000,4203318537.5823975
2021-06-28,GOOGL,121.67287369057478,121.77850698140655,120.4103137257864,121.53154754638672,28526000,3466808925.3082275
2021-06-29,GOOGL,121.66494274006068,122.0125716067318,120.69347211365788,121.27020263671875,23108000,2802311842.529297
2021-06-30,GOOGL,120.99448449461066,121.25483726670456,120.35973131531956,121.08870697021484,24474000,2963525014.389038
2021-07-01,GOOGL,120.72719613594724,121.58212967815209,120.5352855601365,121.44080352783203,18110000,2199292951.889038
2021-07-02,GOOGL,122.14050574564968,124.37602688380984,122.0507477211,124.23072814941406,25982000,3227762778.778076
2021-07-06,GOOGL,124.61852879829608,125.39164190205774,123.56126516970392,125.15559387207031,26404000,3304608300.5981445
2021-07-07,GOOGL,126.11961963968089,126.24061363873932,125.11888803471057,125.437255859375,24060000,3018020375.9765625
2021-07-08,GOOGL,123.0093289727932,124.56595957690325,123.005363941043,124.01898193359375,23790000,2950411580.2001953
2021-07-09,GOOGL,124.00013149635579,124.70381107829633,123.53050984041758,124.48958587646484,18632000,2319489964.050293
2021-07-12,GOOGL,125.14369092382793,126.02788545144588,124.581337423186,125.93465423583984,17668000,2225013471.0388184
2021-07-13,GOOGL,125.99713556323269,127.00777981268853,125.63612092477611,126.29765319824219,19240000,2429966847.5341797
2021-07-14,GOOGL,126.90909397847128,128.26638333995623,126.86594777508958,127.18580627441406,23742000,3019645412.5671387
2021-07-15,GOOGL,127.59443383506836,127.64501069030976,125.49280054236102,125.96390533447266,24218000,3050593859.390259
2021-07-16,GOOGL,126.61652699799224,126.76380826577638,125.1194020146952,125.92920684814453,20424000,2571978120.666504
2021-07-19,GOOGL,125.05590043371399,125.17045503188194,122.49258334163494,123.55679321289062,27968000,3455636392.578125
2021-07-20,GOOGL,124.49851812065599,126.00159811872851,123.33117189440424,125.17493438720703,26312000,3293602873.5961914
2021-07-21,GOOGL,125.09955486427575,126.55006794062126,124.99045595333612,126.50345611572266,20746000,2624440700.576782
2021-07-22,GOOGL,126.7960393554764,127.42980128632463,126.45386617760096,127.3687973022461,14302000,1821628539.0167236
2021-07-23,GOOGL,129.36131958948965,132.3054917449223,128.73649417322727,131.9246368408203,41506000,5475663976.715088
2021-07-26,GOOGL,132.2355886482273,133.13663460885186,131.2169991619108,132.93629455566406,30572000,4064128397.1557617
2021-07-27,GOOGL,133.1500131960715,133.29729444563313,129.0375036233096,130.8187713623047,54710000,7157094981.231689
2021-07-28,GOOGL,135.19460884795575,137.16333785236336,134.1685888131194,134.9783935546875,95130000,12840494578.857422
2021-07-29,GOOGL,135.03396443800386,135.54077731503992,134.43194537955202,134.66452026367188,31716000,4271019924.682617
2021-07-30,GOOGL,133.92808941978942,134.1953809902093,133.15448447715994,133.6221160888672,25576000,3417519241.088867
2021-08-02,GOOGL,134.00941440487134,134.22711280471987,132.6972613245468,133.7490692138672,21634000,2893527363.3728027
2021-08-03,GOOGL,134.02726631580427,134.61937271017896,132.22665752851483,134.51821899414062,20762000,2792867262.7563477
2021-08-04,GOOGL,134.24001564188015,134.53755950866824,133.38458270000555,134.01785278320312,19676000,2636935271.3623047
2021-08-05,GOOGL,134.56827929751879,135.2323009960872,133.74061681615711,135.1345977783203,17870000,2414855262.298584
2021-08-06,GOOGL,134.92684860507694,135.35381597219683,134.1016679203012,134.62582397460938,20488000,2758213881.591797
2021-08-09,GOOGL,134.82816095664558,136.0594850166339,134.23009186471586,135.7906951904297,17760000,2411642746.5820312
2021-08-10,GOOGL,136.21618040832792,136.64316290986423,135.2466997947702,135.68557739257812,19414000,2634199799.4995117
2021-08-11,GOOGL,136.05700947405194,136.55389460315365,135.15446522499255,135.1619110107422,15352000,2075005657.836914
2021-08-12,GOOGL,134.86087941942685,136.17453085667606,134.3153999728154,136.06939697265625,16506000,2245961466.430664
2021-08-13,GOOGL,136.12491636761754,136.72645098219778,135.90969991008646,136.59849548339844,15948000,2178472805.9692383
2021-08-16,GOOGL,136.39766610111587,137.22830997813796,134.18991525462013,137.1757354736328,22384000,3070541662.841797
2021-08-17,GOOGL,136.6208073403059,137.13208448324744,134.96648133972832,135.54122924804688,21716000,2943413334.350586
2021-08-18,GOOGL,135.38107897385382,135.98063113741676,134.21224206544025,134.3386993408203,19258000,2587094671.9055176
2021-08-19,GOOGL,133.33348946705797,135.23476744461345,133.1495089814083,134.56777954101562,21782000,2931155373.9624023
2021-08-20,GOOGL,134.88519193745017,136.42645446339975,134.1413397760304,136.302978515625,31194000,4251835111.8164062
2021-08-23,GOOGL,136.83853312618544,139.71971902868404,136.47950099945666,138.8935546875,28454000,3952077205.078125
2021-08-24,GOOGL,139.45888047774642,140.91534875374498,139.18812326737765,140.1035614013672,19268000,2699515421.081543
2021-08-25,GOOGL,140.4640639174662,141.02393547801682,140.21711205572637,140.91433715820312,15848000,2233210415.283203
2021-08-26,GOOGL,140.58803917062994,141.2500632657939,140.198255364594,140.2810821533203,20610000,2891193103.1799316
2021-08-27,GOOGL,140.49133697664018,143.3278934785733,140.3371093469741,142.8235626220703,28780000,4110462132.2631836
2021-08-30,GOOGL,143.2163138187646,144.77395084299167,142.98125704674328,143.40525817871094,24434000,3503964078.338623
2021-08-31,GOOGL,143.9571917138558,143.98148131585134,143.0982932268432,143.51136779785156,22448000,3221543184.326172
2021-09-01,GOOGL,143.8113826192152,145.0551009489579,143.69583676431287,144.02511596679688,21936000,3159334943.8476562
2021-09-02,GOOGL,144.02564581736442,144.32665531830855,142.0112884210009,142.11245727539062,32342000,4596201093.200684
2021-09-03,GOOGL,141.90765408612546,142.9733397187953,141.23322027346492,142.56124877929688,19850000,2829840788.269043
2021-09-07,GOOGL,142.65545041675884,143.37996157191282,142.44171705325797,143.09779357910156,20124000,2879699997.98584
2021-09-08,GOOGL,142.91878162510545,143.216310341674,141.8277925519912,142.51312255859375,18344000,2614260720.2148438
2021-09-09,GOOGL,142.66140907531098,143.12755759724692,142.0038493948319,142.36436462402344,15314000,2180167879.852295
2021-09-10,GOOGL,143.030327736573,143.53219172169224,139.58432216189144,139.72119140625,36840000,5147328691.40625
2021-09-13,GOOGL,140.7859002496474,141.77820242843924,140.09214075232128,141.165771484375,22094000,3118916555.1757812
2021-09-14,GOOGL,141.82332937621524,142.18782475783476,140.5880403778888,141.3760223388672,19674000,2781431863.494873
2021-09-15,GOOGL,141.60116132377672,143.2663989340108,140.18883824930154,143.24557495117188,27408000,3926074718.2617188
2021-09-16,GOOGL,142.77049372933465,143.1171313122396,141.23419535655154,142.4327850341797,26190000,3730314640.045166
2021-09-17,GOOGL,141.858059023679,142.27411498980177,139.31854675119118,139.64584350585938,53384000,7454853709.716797
2021-09-20,GOOGL,137.02895758765368,137.86058517975945,135.20454353336754,137.58238220214844,46518000,6400057255.279541
2021-09-21,GOOGL,138.60394429145055,138.86380522550456,137.1445098358899,137.89332580566406,25332000,3493113729.309082
2021-09-22,GOOGL,138.16208194134197,139.73209820488628,137.41574800022835,139.133544921875,25056000,3486130101.5625
2021-09-23,GOOGL,139.83179860304818,140.534986416547,139.25060362210317,140.0584259033203,20952000,2934504139.526367
2021-09-24,GOOGL,139.3864691123975,141.16378703061662,139.0914071880992,141.04922485351562,22984000,3241875384.033203
2021-09-27,GOOGL,139.65029458618613,140.77500156753678,138.91933644415815,139.9156036376953,21882000,3061633238.800049
2021-09-28,GOOGL,137.5184232831249,137.95630206318702,134.25043470064762,134.71658325195312,45772000,6166247448.608398
2021-09-29,GOOGL,135.85713198450668,136.02673545516842,132.7676762055498,133.25216674804688,30848000,4110562839.84375
2021-09-30,GOOGL,133.1609261171282,134.43141608042833,132.46120397036233,132.58021545410156,37996000,5037517866.394043
2021-10-01,GOOGL,133.3453939422307,135.7882166913334,132.97396732571667,135.42372131347656,35360000,4788582785.644531
2021-10-04,GOOGL,134.845991044881,134.845991044881,129.97575169598792,132.56385803222656,51202000,6787534658.966064
2021-10-05,GOOGL,132.94224164734214,136.09964809191845,132.94224164734214,134.90798950195312,32404000,4371558491.821289
2021-10-06,GOOGL,133.64542025587158,136.62082849904496,133.44706273306846,136.43734741210938,24364000,3324159532.348633
2021-10-07,GOOGL,137.7534621789869,138.89404439125028,137.51444038615332,138.083740234375,25110000,3467282717.2851562
2021-10-08,GOOGL,138.4328463076523,139.1806633910254,138.07629612988345,138.6396484375,26526000,3677555314.453125
2021-10-11,GOOGL,138.15019117218512,139.55854921153343,137.72072679461957,137.77528381347656,17954000,2473617445.587158
2021-10-12,GOOGL,138.33663473843401,138.36342140161824,134.64712752694697,135.3304901123047,36332000,4916827366.760254
2021-10-13,GOOGL,136.27619065855683,136.86879650740957,135.39993366753524,136.4542236328125,19654000,2681871311.279297
2021-10-14,GOOGL,138.33067213742052,140.17889116116768,137.68699020452303,139.99392700195312,31894000,4464966307.800293
2021-10-15,GOOGL,140.45366783413928,140.55631979319722,139.60121618297967,140.2091827392578,30274000,4244692798.248291
2021-10-18,GOOGL,139.92007540027947,141.62547801674657,139.91312902751054,141.6076202392578,20396000,2888229022.3999023
2021-10-19,GOOGL,142.21211472454237,142.4848695628123,141.43107913400408,142.06285095214844,20164000,2864555326.599121
2021-10-20,GOOGL,142.163011218959,142.3693139266215,140.2175881873202,140.60687255859375,23288000,3274452848.1445312
2021-10-21,GOOGL,140.6068856243596,140.99072189641535,139.3482906803263,140.72293090820312,26292000,3699887299.4384766
2021-10-22,GOOGL,138.00935869132704,139.43061082473707,134.94072652552163,136.4388427734375,50588000,6902168178.222656
2021-10-25,GOOGL,136.42248030097556,136.8687885412158,134.313900493147,136.32032775878906,34412000,4691055118.835449
2021-10-26,GOOGL,138.1219203768164,138.9346913152146,137.17078194335667,138.1665496826172,49236000,6802768240.17334
2021-10-27,GOOGL,138.26226450047915,147.4314763034353,138.26226450047915,145.0189208984375,85782000,12440013072.509766
2021-10-28,GOOGL,145.92839660361173,145.95170251359744,143.4414441362277,144.65342712402344,36206000,5237321982.452393
2021-10-29,GOOGL,143.88874030673037,147.02680518156643,143.4637555567586,146.83241271972656,43320000,6360780119.018555
2021-11-01,GOOGL,146.8324466906108,146.8324466906108,142.05145038269242,142.3207244873047,46924000,6678257675.842285
2021-11-02,GOOGL,143.39433663204673,145.40719548804785,143.15233350459803,144.24034118652344,33482000,4829455103.607178
2021-11-03,GOOGL,144.70453956398782,145.46674894702764,143.40577957107422,145.39633178710938,27494000,3997526746.154785
2021-11-04,GOOGL,145.918488091667,148.5061103237096,145.10868328164617,147.0521240234375,38412000,5648566187.988281
2021-11-05,GOOGL,147.9467383281665,149.0952508155655,146.98222150325446,147.63185119628906,38354000,5662272020.782471
2021-11-08,GOOGL,148.5968545496057,149.3803872526516,147.2137847900475,147.8093719482422,23052000,3407301642.150879
2021-11-09,GOOGL,148.0097358891572,148.6063068347854,146.03802502608983,147.69781494140625,19530000,2884538325.805664
2021-11-10,GOOGL,146.29092366960225,146.85625857101513,143.35271371379034,144.6975860595703,29970000,4336586654.205322
2021-11-11,GOOGL,145.28870535866426,146.32613634452161,144.40698511974696,144.57162475585938,16518000,2388034097.717285
2021-11-12,GOOGL,145.4136656401591,147.62986135268545,144.219040793597,147.45925903320312,22360000,3297189031.982422
2021-11-15,GOOGL,147.6799325584469,148.32361464376697,146.36529744247616,147.235107421875,23508000,3461202905.2734375
2021-11-16,GOOGL,146.93507493624477,147.54304137580007,146.10493053390076,146.663818359375,18904000,2772532822.265625
2021-11-17,GOOGL,146.81404840607473,147.34168506259596,146.0330129778113,146.83338928222656,19594000,2877053429.5959473
2021-11-18,GOOGL,147.0263355590037,149.3461667867612,146.67226728662533,148.61024475097656,35608000,5291713595.092773
2021-11-19,GOOGL,148.74610077592874,149.72898972518277,147.67843279309778,147.70570373535156,33682000,4975023513.214111
2021-11-22,GOOGL,148.10838258410493,148.6013025990791,144.94949337082977,145.10272216796875,30594000,4439272682.006836
2021-11-23,GOOGL,144.9549360689054,145.45778377770264,142.93364778882065,144.58697509765625,27218000,3935368288.208008
2021-11-24,GOOGL,144.28102578011982,145.05066575153023,143.18955232530504,144.92222595214844,18040000,2614396956.176758
2021-11-26,GOOGL,143.16521675032945,143.37250313576732,140.67976264069813,141.01747131347656,30470000,4296802350.921631
2021-11-29,GOOGL,142.81959849591408,145.0982659592094,142.7139652055701,144.33755493164062,32596000,4704826940.551758
2021-11-30,GOOGL,143.81983548713401,144.80320881089577,140.44076564760365,140.73434448242188,42068000,5920412403.686523
2021-12-01,GOOGL,142.8195956469263,144.75410739029755,139.75691130496085,139.895263671875,34020000,4759236870.1171875
2021-12-02,GOOGL,140.09214564508795,142.68521600548834,139.06512670151332,141.79408264160156,29194000,4139536448.638916
2021-12-03,GOOGL,142.5032312136305,143.21633168228553,139.15093259281727,140.83749389648438,41230000,5806729873.352051
2021-12-06,GOOGL,141.86795825434288,142.67329857712156,139.00114949695094,141.9815216064453,30618000,4347190228.546143
2021-12-07,GOOGL,144.40301145252772,146.32166315012472,144.0370329543183,146.0623016357422,32240000,4709048604.736328
2021-12-08,GOOGL,146.38661124962783,147.17659085728474,145.20587927665102,146.97177124023438,24270000,3567004888.0004883
2021-12-09,GOOGL,146.38117245241173,147.8778055616714,145.9090763713213,146.42828369140625,23270000,3407386161.4990234
2021-12-10,GOOGL,147.4810753999608,147.75629704872722,145.5014348041652,146.78829956054688,24458000,3590148230.6518555
2021-12-13,GOOGL,146.57007966602828,146.7570414903442,144.32464606078113,144.63111877441406,27070000,3915164385.2233887
2021-12-14,GOOGL,142.78786052539195,143.2956569953205,140.05742162389038,142.72735595703125,38446000,5487295927.124023
2021-12-15,GOOGL,142.23342665334246,145.51827360710053,140.51661343560883,145.24057006835938,36370000,5282399533.38623
2021-12-16,GOOGL,145.96412418925743,146.4664725789084,142.42982768319294,143.26097106933594,33650000,4820731676.483154
2021-12-17,GOOGL,141.33188874138816,142.65545262972856,140.1417284945182,140.56324768066406,50416000,7086636695.068359
2021-12-20,GOOGL,138.85239100741393,140.61235063263806,138.17895606354023,140.4462127685547,27192000,3819013417.602539
2021-12-21,GOOGL,140.88905801007334,142.68968194664052,139.35077693447047,142.2964324951172,28756000,4091876212.82959
2021-12-22,GOOGL,141.89471983565815,145.29907733381634,141.89471983565815,145.2147674560547,26322000,3822343108.9782715
2021-12-23,GOOGL,145.29909901208103,147.028306818594,145.25148836497797,145.71218872070312,26384000,3844470387.2070312
2021-12-27,GOOGL,146.04891135250273,147.1279902675561,145.96311835123439,146.69407653808594,15976000,2343584566.772461
2021-12-28,GOOGL,147.0208564815043,147.08334356217858,144.8572507717245,145.48455810546875,18200000,2647818957.5195312
2021-12-29,GOOGL,145.4423925755682,146.20856671905378,144.45357134655592,145.4528045654297,17788000,2587314487.6098633
2021-12-30,GOOGL,145.49151435657527,146.09254961389885,144.79775486353165,145.00205993652344,15688000,2274792316.2841797
2021-12-31,GOOGL,144.85278953169095,145.49597213944008,143.66461181640625,143.66461181640625,18136000,2605501399.9023438
2022-01-03,GOOGL,143.86594988262885,144.65543012836076,142.53495522830957,143.802978515625,28646000,4119380122.5585938
2022-01-04,GOOGL,144.2041576289817,145.2842353697018,142.53843558316575,143.21583557128906,28400000,4067329730.2246094
2022-01-05,GOOGL,143.23614798069272,143.3149946024937,136.55933735130031,136.64561462402344,54618000,7463310179.534912
2022-01-06,GOOGL,135.8754939287169,138.7928795446468,135.43909829641714,136.61834716796875,37348000,5102422030.029297
2022-01-07,GOOGL,137.01308839091683,137.31361360301065,134.6535916733449,135.8938446044922,29760000,4044200815.4296875
2022-01-10,GOOGL,133.9707545272893,137.68158591115076,132.0729417434719,137.53280639648438,44408000,6107556866.455078
2022-01-11,GOOGL,136.87572990846158,139.06662188460535,135.57200624477076,138.59054565429688,28730000,3981706376.647949
2022-01-12,GOOGL,139.9929457226333,141.4390018146242,139.54118939726052,140.27114868164062,26108000,3662199149.7802734
2022-01-13,GOOGL,140.37975480829834,141.67902912526233,137.27442366179454,137.4509735107422,31436000,4320908803.283691
2022-01-14,GOOGL,135.95530916112932,139.5882918033961,135.87547885508806,138.33712768554688,29662000,4103355881.4086914
2022-01-18,GOOGL,135.05874499682633,136.00740156008052,134.32828625328975,134.88319396972656,34872000,4703646740.112305
2022-01-19,GOOGL,135.40439065709728,136.82862410530518,133.90875636510398,134.00892639160156,28648000,3839087723.2666016
2022-01-20,GOOGL,135.1331212999803,136.49784887181025,131.8745463034307,132.21473693847656,29908000,3954278352.355957
2022-01-21,GOOGL,131.506600309101,133.75996411235568,129.02014712662628,129.28297424316406,55652000,7194856082.580566
2022-01-24,GOOGL,124.94533645029941,130.1275124017033,123.47945498392451,129.73178100585938,76622000,9940308524.230957
2022-01-25,GOOGL,127.68468965184117,128.3382842647663,125.46354548795776,125.89447784423828,46960000,5912004679.56543
2022-01-26,GOOGL,130.04420204001252,131.90977994463373,126.09979711495389,128.1736602783203,49130000,6297171929.473877
2022-01-27,GOOGL,130.2276834310956,131.56512510672957,127.87561726096432,127.9475326538086,31950000,4087923668.2891846
2022-01-28,GOOGL,128.59615164447928,132.26335206297418,127.43177919070502,132.2578887939453,34362000,4544645574.737549
2022-01-31,GOOGL,133.06224407236246,134.36250208787934,131.12574979400958,134.1943817138672,39986000,5365896547.210693
2022-02-01,GOOGL,136.46660753981268,136.6634819687619,133.26705377749363,136.5157012939453,68644000,9370983799.621582
2022-02-02,GOOGL,150.01017866907893,150.3042417927189,144.32963459516995,146.7868194580078,123200000,18084136157.226562
2022-02-03,GOOGL,144.51112229924576,148.4480810526987,141.49603343553346,141.91705322265625,71518000,10149623812.37793
2022-02-04,GOOGL,142.26865554288074,143.68742564570832,139.36316498296367,142.11839294433594,57998000,8242582553.985596
2022-02-07,GOOGL,143.06756034988416,143.06756034988416,137.76140907718417,138.05995178222656,54974000,7589707789.276123
2022-02-08,GOOGL,137.8868730262489,138.8523885484705,135.8908729676065,138.25631713867188,54284000,7505105919.555664
2022-02-09,GOOGL,139.80799308806806,141.35620183871598,139.03785374463664,140.43133544921875,40144000,5637475530.2734375
2022-02-10,GOOGL,138.55831786227063,140.3247091861647,136.8261287196153,137.4836883544922,39330000,5407233462.982178
2022-02-11,GOOGL,137.46387619119915,138.01580259283259,132.30648944702975,133.1817626953125,39958000,5321676873.779297
2022-02-14,GOOGL,132.1641423533614,135.18269632695234,132.1641423533614,134.4150390625,34302000,4610704669.921875
2022-02-15,GOOGL,136.4427979327925,136.9763973849014,134.7081419187358,135.4886932373047,26680000,3614838335.571289
2022-02-16,GOOGL,135.5263729022058,136.95407185843112,133.81798904852437,136.6089324951172,25022000,3418228708.8928223
2022-02-17,GOOGL,135.1261616337196,135.98952448924578,131.39252475863216,131.45252990722656,38950000,5120076039.886475
2022-02-18,GOOGL,132.37293985364457,132.97100892915242,129.12925617493363,129.3340606689453,45620000,5900219847.717285
2022-02-22,GOOGL,128.77367925061782,131.09697591573786,127.17241181915688,128.7493896484375,44990000,5792435040.283203
2022-02-23,GOOGL,130.56933788926054,130.96853484878528,126.4821167334988,126.54212188720703,32786000,4148810008.1939697
2022-02-24,GOOGL,123.9292178705829,131.9097594685947,123.9292178705829,131.60328674316406,54456000,7166588582.885742
2022-02-25,GOOGL,132.45722247770382,134.16262474428726,130.6714753626144,133.35728454589844,36406000,4855005301.1779785
2022-02-28,GOOGL,131.95938366728677,134.63873167161665,131.5056295866077,133.94993591308594,38864000,5205830309.326172
2022-03-01,GOOGL,133.77284374365715,135.13855485924103,132.12646289912342,132.96253967285156,26496000,3522975451.171875
2022-03-02,GOOGL,133.5244239122076,134.15371378545083,131.9806796935572,133.4683837890625,23520000,3139176386.71875
2022-03-03,GOOGL,134.8950837847723,135.32106741558047,131.93505144439177,132.80189514160156,24604000,3267457828.063965
2022-03-04,GOOGL,131.8378523374268,132.75427399164153,129.26907196974855,130.82521057128906,30430000,3981011157.684326
2022-03-07,GOOGL,130.41015738314775,130.65512671280234,125.25971770982827,125.34253692626953,45112000,5654452525.817871
2022-03-08,GOOGL,125.21509629053482,130.17411000501144,124.64431332771989,126.06259155273438,40428000,5096458451.293945
2022-03-09,GOOGL,130.1741142565606,132.63924417090806,128.83567386884616,132.32632446289062,37026000,4899514489.562988
2022-03-10,GOOGL,130.18998790766506,132.17954098140794,129.8393852677274,131.3439483642578,27102000,3559683688.568115
2022-03-11,GOOGL,132.39424653455924,132.69873673623212,128.56886893727994,128.805908203125,31526000,4060735062.0117188
2022-03-14,GOOGL,129.18229653438024,129.33998976745445,124.24807981160097,124.91853332519531,38812000,4848338115.41748
2022-03-15,GOOGL,125.93513042039176,128.79004377353704,124.68992141435149,128.138916015625,30920000,3962055283.203125
2022-03-16,GOOGL,129.66135482928354,132.240032982956,127.67923236827228,132.18797302246094,35576000,4702719328.24707
2022-03-17,GOOGL,132.05755123913005,132.98141880336502,131.10144887364655,132.7418975830078,28264000,3751816993.286133
2022-03-18,GOOGL,132.33078043484574,135.1271719338952,131.17433810969047,135.0096435546875,44566000,6016839774.658203
2022-03-21,GOOGL,135.04732810159504,135.92656630102422,132.99330550843302,134.98583984375,26832000,3621940054.6875
2022-03-22,GOOGL,134.9858461376951,139.89378371835335,134.9858461376951,138.72146606445312,35496000,4924057159.423828
2022-03-23,GOOGL,137.56553055143635,138.4442694271566,136.70514886604158,137.14202880859375,25154000,3449670592.651367
2022-03-24,GOOGL,138.058933800913,140.458110844999,136.62132231474047,140.4114990234375,26396000,3706301928.2226562
2022-03-25,GOOGL,140.7526772850465,140.87070507937713,138.59203769066454,140.5116729736328,24126000,3389984622.161865
2022-03-28,GOOGL,139.74551627484473,140.83848798996723,138.66543848117558,140.2959747314453,35050000,4917373914.337158
2022-03-29,GOOGL,141.4781907391212,142.61479282683288,140.87417414180615,141.33734130859375,34318000,4850414879.02832
2022-03-30,GOOGL,141.29221863890226,141.55058130392723,140.43926771554987,140.77499389648438,19884000,2799169978.6376953
2022-03-31,GOOGL,140.88853656508715,140.9430935807132,137.88487396414888,137.92752075195312,37524000,5175592288.696289
2022-04-01,GOOGL,138.3564676186564,139.31950107652258,137.17373813332352,139.0016326904297,25942000,3605980355.255127
2022-04-04,GOOGL,139.20794293991247,142.53395362091976,139.1603322944685,141.7995147705078,25942000,3678563012.1765137
2022-04-05,GOOGL,141.69786404034355,141.81835862566132,139.23175060773136,139.43853759765625,21418000,2986494598.2666016
2022-04-06,GOOGL,137.6126258686909,138.21812553888182,134.40612601563646,135.42868041992188,32468000,4397098395.874023
2022-04-07,GOOGL,134.89507649085877,136.04012309209003,133.12718701050363,134.7745819091797,26234000,3535676381.80542
2022-04-08,GOOGL,134.47208496943966,134.5578779659387,131.87554910979466,132.19491577148438,25142000,3323644572.32666
2022-04-11,GOOGL,130.742917857672,131.0097100260204,127.61378123728949,127.76750946044922,36884000,4712576818.939209
2022-04-12,GOOGL,130.52125019058332,130.52125019058332,125.7496824779024,126.66759490966797,32710000,4143297029.4952393
2022-04-13,GOOGL,126.9507369724858,129.2656039537595,126.69385742711057,128.82920837402344,27928000,3597942131.4697266
2022-04-14,GOOGL,129.40994617629295,129.40994617629295,125.56322941407538,125.69117736816406,31598000,3971589822.479248
2022-04-18,GOOGL,125.95896028482899,127.16151517107208,125.14766477730133,126.62991333007812,20808000,2634915236.5722656
2022-04-19,GOOGL,126.64477542409657,129.26461711503015,125.95844660693362,128.9432830810547,26490000,3415707568.8171387
2022-04-20,GOOGL,129.8190594866463,130.32190729459282,126.45486584861408,126.99043273925781,31696000,4025088756.1035156
2022-04-21,GOOGL,128.1905088826277,129.0320490590413,123.50572537982224,123.79136657714844,36446000,4511700146.270752
2022-04-22,GOOGL,123.97534345046293,124.37404857874347,117.95014478551222,118.65481567382812,56884000,6749560534.790039
2022-04-25,GOOGL,118.12469276013913,122.26695521347695,117.53953279206783,122.06512451171875,46128000,5630620063.4765625
2022-04-26,GOOGL,121.29202455748772,121.50575793064277,117.53953815889362,117.67739868164062,73054000,8596804683.288574
2022-04-27,GOOGL,113.53116592670582,116.2809382238553,111.81237758233146,113.35760498046875,91820000,10408495289.30664
2022-04-28,GOOGL,115.46072646475163,118.66870978777183,113.17957694674581,117.55094909667969,48884000,5746360595.64209
2022-04-29,GOOGL,115.77758476702827,116.9533679106837,112.8815228143991,113.17410278320312,42676000,4829818010.375977
2022-05-02,GOOGL,112.47539163673035,115.78850866046761,111.67699010622513,115.6273422241211,35534000,4108701978.591919
2022-05-03,GOOGL,115.4760799985851,117.47109620573961,115.08333000535104,116.37217712402344,24968000,2905580518.432617
2022-05-04,GOOGL,116.07215712779917,121.84742219771121,114.17235467476033,121.2587890625,49916000,6052753714.84375
2022-05-05,GOOGL,119.21866011890872,120.04681450711568,114.06277194925556,115.55047607421875,45840000,5296833823.2421875
2022-05-06,GOOGL,114.24030172909401,116.60773584446028,113.08088562376314,114.79769134521484,39710000,4558616323.318481
2022-05-09,GOOGL,112.32165521736495,114.13368219175439,111.08240126088768,111.58871459960938,40802000,4553042733.093262
2022-05-10,GOOGL,114.56064360003587,115.29705736588568,111.97501186731932,113.45726013183594,39900000,4526944679.260254
2022-05-11,GOOGL,112.30826753178046,115.41062467447975,112.30826753178046,112.6712646484375,37534000,4229003247.314453
2022-05-12,GOOGL,110.46451302431396,113.35809330514908,108.92424196384515,111.91899108886719,53836000,6025270804.260254
2022-05-13,GOOGL,113.59415004437889,116.90875792873446,112.67376319786906,115.09921264648438,35038000,4032846212.7075195
2022-05-16,GOOGL,114.01318748987721,115.2177324454328,112.95593136795685,113.50687408447266,25990000,2950043657.4554443
2022-05-17,GOOGL,115.88272969753332,115.94174359590812,113.92838521355479,115.51824188232422,23054000,2663157548.3551025
2022-05-18,GOOGL,114.05731760057398,114.45404021864253,110.64104923458649,110.98223114013672,35126000,3898361851.0284424
2022-05-19,GOOGL,110.51807047133238,112.08362994881233,109.0983015778271,109.47915649414062,34144000,3738056319.3359375
2022-05-20,GOOGL,111.03330620451212,111.26390609492667,104.92926089526213,108.01525115966797,48962000,5288642727.279663
2022-05-23,GOOGL,108.6891932186079,111.2282060203502,107.84962795327247,110.57411193847656,37184000,4111587778.3203125
2022-05-24,GOOGL,104.90497385041874,105.58584704950131,101.0493357437059,105.10134887695312,76780000,8069681566.772461
2022-05-25,GOOGL,104.12489705414852,105.62698566700652,103.00515400506396,104.93768310546875,40258000,4224581246.459961
2022-05-26,GOOGL,104.81073736570944,107.75886699890704,104.36243908840518,106.90889739990234,37948000,4056978838.531494
2022-05-27,GOOGL,108.58554373009294,111.39730365863458,108.24386241128829,111.39581298828125,37914000,4223460853.6376953
2022-05-31,GOOGL,111.8222815933293,114.78628645360023,111.15975811404779,112.82946014404297,50012000,5642826960.723877
2022-06-01,GOOGL,113.91350798260179,116.14159098002285,112.3216612422036,112.9583969116211,36606000,4134955077.3468018
2022-06-02,GOOGL,113.06550709942832,116.933039706465,112.0206456249851,116.65830993652344,37992000,4432082511.108398
2022-06-03,GOOGL,115.11111657901444,115.36799617690578,112.58797143708928,113.60208892822266,26136000,2969104196.2280273
2022-06-06,GOOGL,115.74783813274163,118.3686786203438,115.21177191367441,115.8628921508789,33542000,3886273128.5247803
2022-06-07,GOOGL,114.53387621473067,116.72625878645412,114.10889140185589,116.18919372558594,31590000,3670416629.79126
2022-06-08,GOOGL,115.80436476547463,117.5985414825902,115.64418960311157,116.23332214355469,26108000,3034619574.523926
2022-06-09,GOOGL,115.37391604729453,117.32925904503257,113.83513589128597,113.89414978027344,25798000,2938241276.031494
2022-06-10,GOOGL,111.52326180460535,112.3504249488664,109.46130149167207,110.25028228759766,41452000,4570094701.385498
2022-06-13,GOOGL,105.91113796225396,107.89969964994525,105.24911389802193,105.52037048339844,47252000,4986048546.081543
2022-06-14,GOOGL,105.66171211229965,107.03981794977923,104.93273646839161,105.84072875976562,33706000,3567467603.57666
2022-06-15,GOOGL,107.65522972129614,110.5101358678124,106.78691045306238,108.86473846435547,39698000,4321712387.557983
2022-06-16,GOOGL,106.34209542849807,107.75789189656318,104.27616988348034,105.1643295288086,51684000,5435313207.366943
2022-06-17,GOOGL,105.16431896946578,107.80846549966309,104.18491071395393,106.26522064208984,51376000,5459481975.708008
2022-06-21,GOOGL,108.03658348672354,111.567406717593,107.70978614823225,110.62965393066406,47416000,5245615670.776367
2022-06-22,GOOGL,109.6502478770662,112.41737098859431,109.47767062090766,110.57361602783203,30774000,3402792459.640503
2022-06-23,GOOGL,111.31151031036939,111.81832309519362,109.5947045131696,111.3219223022461,28362000,3157312360.3363037
2022-06-24,GOOGL,112.06874621725599,117.11107066416578,112.02659127406567,117.00791931152344,41164000,4816513990.539551
2022-06-27,GOOGL,117.30349693355397,117.60748019835728,114.23534911421451,114.88399505615234,36420000,4184075099.9450684
2022-06-28,GOOGL,114.85323751449626,116.34788803372125,110.9311551773519,111.08934783935547,35792000,3976109937.866211
2022-06-29,GOOGL,110.63759325554062,112.2329057759541,109.96365886170436,110.7858657836914,24716000,2738183458.709717
2022-06-30,GOOGL,109.09830333262894,109.97902466562923,105.87494437052855,108.0698013305664,43170000,4665373323.440552
2022-07-01,GOOGL,107.04822845208419,108.3544338050981,105.85558643362806,107.84613800048828,35476000,3825949591.7053223
2022-07-05,GOOGL,106.22256636530622,112.44761288334064,104.86478520912014,112.33454895019531,39342000,4419465824.798584
2022-07-06,GOOGL,112.37324154606672,114.64198891272858,110.5622056578975,113.63282775878906,37432000,4253504008.666992
2022-07-07,GOOGL,114.13666235926765,118.21247285733529,113.8921848578157,117.8093032836914,40936000,4822641639.221191
2022-07-08,GOOGL,116.28887225514453,118.70390952621402,115.94322591003493,118.37512969970703,38238000,4526428209.457397
2022-07-11,GOOGL,117.03074427714583,117.03074427714583,114.38510706026808,114.728271484375,31196000,3579063157.2265625
2022-07-12,GOOGL,115.26236105063236,116.01514205426072,112.75806498456316,113.08585357666016,29960000,3388052173.1567383
2022-07-13,GOOGL,110.78536716192433,113.25991800982311,110.28996514675138,110.44071960449219,43722000,4828689142.547607
2022-07-14,GOOGL,109.30708832837976,110.18235402261737,107.48464911605639,109.46279907226562,37004000,4050561416.870117
2022-07-15,GOOGL,111.08240810060202,112.21306263725859,109.99092716981522,110.8612289428711,46770000,5184979677.658081
2022-07-18,GOOGL,111.71666979612723,112.7481456439362,107.48167505545912,108.13626098632812,43164600,4667658450.970459
2022-07-19,GOOGL,109.94132492872627,113.08533759009629,108.66189857090403,112.87705993652344,36530900,4123500588.835144
2022-07-20,GOOGL,112.24232732688169,114.45405102378699,111.5579885021337,112.96634674072266,35600400,4021647130.508423
2022-07-21,GOOGL,113.34322710024298,113.61101810390477,110.19921392026373,113.4027328491211,32676200,3705570379.1244507
2022-07-22,GOOGL,110.0901208958507,111.41913313763787,105.62700788655945,107.01553344726562,48901200,5233188004.211426
2022-07-25,GOOGL,107.52133180810117,108.96936280799288,105.42862755501386,106.62870788574219,34690900,3699045842.3934937
2022-07-26,GOOGL,105.72616877091382,106.32124889141323,103.2169090921242,104.15911865234375,47991000,4998700263.244629
2022-07-27,GOOGL,108.36437830874573,112.97626293838638,107.12462478286679,112.13322448730469,59858500,6712126617.973328
2022-07-28,GOOGL,111.44888817788124,113.40273342218575,110.54634395877491,113.28372192382812,32816600,3717586588.885498
2022-07-29,GOOGL,112.15306933310434,115.75331099431166,112.13322903844622,115.36650848388672,37223400,4294333691.899109
2022-08-01,GOOGL,114.35486029276694,115.76321838407448,113.4027229923445,113.91846466064453,26034300,2965787484.514618
2022-08-02,GOOGL,113.06550683255934,115.39624164424568,112.78780328963215,114.18624114990234,20236000,2310672775.909424
2022-08-03,GOOGL,114.76150045832908,117.64765022278551,114.53339005300344,117.11207580566406,28499000,3337577048.38562
2022-08-04,GOOGL,116.51698189558793,117.80632083637465,115.93181438103123,117.22116088867188,21602900,2532317016.5618896
2022-08-05,GOOGL,115.27723158541431,117.14181794438285,115.0491136341377,116.50706481933594,19159500,2232217108.406067
2022-08-08,GOOGL,117.41954727010912,119.16512253065495,115.92192273993633,116.33848571777344,19138300,2226520841.2124634
2022-08-09,GOOGL,116.17977937135981,116.35830417801051,114.76150106487229,115.67395782470703,19086500,2207810996.0212708
2022-08-10,GOOGL,117.80631627614383,119.92877331873154,117.43935414241786,118.7187728881836,30930400,3672019132.940674
2022-08-11,GOOGL,120.28583826796728,120.49411594083621,117.58813353334271,117.86583709716797,24293700,2863397286.6874695
2022-08-12,GOOGL,119.2741980957184,120.68255615234375,118.48075288719056,120.68255615234375,19096300,2304590297.052002
2022-08-15,GOOGL,120.13706749098401,121.29748248930953,119.62133337705963,121.07928466796875,19494800,2360416438.745117
2022-08-16,GOOGL,120.52386016096523,121.42640424546009,119.65107651347627,120.70238494873047,19041200,2298318252.2857666
2022-08-17,GOOGL,119.13534985161822,120.29575726084148,118.40141036356964,118.57002258300781,22847000,2708969305.9539795
2022-08-18,GOOGL,118.45100459562921,119.82960983443398,117.74682554009155,119.1849365234375,17987700,2143862882.7026367
2022-08-19,GOOGL,118.08402472990431,118.17329090592166,115.80288310465481,116.24919128417969,21809500,2535336737.312317
2022-08-22,GOOGL,114.25568050831775,114.6821560186315,112.91674823026226,113.30355072021484,21456600,2431108966.383362
2022-08-23,GOOGL,112.54979152761548,114.0672486879377,112.5001983580296,112.92667388916016,15870400,1792191485.2905273
2022-08-24,GOOGL,112.56960408080326,113.83911029938794,111.94477111702129,112.75804901123047,17734600,1999718895.9945679
2022-08-25,GOOGL,113.3035459506188,115.76322014148404,113.17461431501371,115.69379425048828,16956800,1961796530.3466797
2022-08-26,GOOGL,113.77960949375512,114.17633209597903,109.28674437319086,109.43550872802734,37245700,4076002127.431488
2022-08-29,GOOGL,109.08837563086466,110.04050530416411,107.90813557656172,108.5230484008789,21191200,2299733623.272705
2022-08-30,GOOGL,109.2669025344326,109.5941992441479,106.9163349590416,108.04698944091797,27513300,2972729234.5848083
2022-08-31,GOOGL,109.74297432432968,109.94133184491908,107.24362719051874,107.33289337158203,28627000,3072618738.548279
2022-09-01,GOOGL,107.39240011242691,109.54461025492617,106.47994340226887,108.8404312133789,28360900,3086812585.599518
2022-09-02,GOOGL,109.6834567691589,109.83222868726963,106.38075953474187,106.9659194946289,24160700,2584371491.1338806
2022-09-06,GOOGL,106.42043703294185,107.14444879573196,104.91289263064388,105.9344482421875,25068300,2655596528.869629
2022-09-07,GOOGL,106.18240264265648,109.07847249571734,106.02371813346193,108.55281066894531,23167000,2514842964.767456
2022-09-08,GOOGL,107.15437545780347,108.70158540495544,106.28159171756349,107.49158477783203,24238300,2605413279.320526
2022-09-09,GOOGL,108.17593072235994,110.08019027578453,108.12633755578807,109.74298095703125,23197700,2545784749.346924
2022-09-12,GOOGL,110.0801874345021,110.70502802301867,109.02887891863624,109.95125579833984,22966800,2525228501.6693115
2022-09-13,GOOGL,106.91634367306543,107.4122450675289,103.2367486673143,103.4648666381836,38172900,3949554007.6927185
2022-09-14,GOOGL,103.7128143662537,104.41699341820953,102.8102777889331,104.13928985595703,26395100,2748766969.6769714
2022-09-15,GOOGL,103.17724342441045,104.40707676995653,101.51101442821535,102.0664291381836,34188300,3489477699.304962
2022-09-16,GOOGL,101.23330943767259,102.28461796293107,100.11257502049808,101.95732879638672,42797200,4363488191.964722
2022-09-19,GOOGL,100.91593353936474,102.48298375828159,100.71757600878111,102.22511291503906,23036800,2354939481.201172
2022-09-20,GOOGL,101.24322534010722,101.53084904223219,99.6960079229227,100.31092834472656,26517100,2659954918.0099487
2022-09-21,GOOGL,100.83658693545453,102.03666739252802,98.45625874751293,98.46617889404297,31487300,3100434114.690399
2022-09-22,GOOGL,98.00994304598551,100.41010377703378,97.98019017551985,99.31912231445312,34298600,3406506848.614502
2022-09-23,GOOGL,98.81330688401681,98.84306732316416,96.67101684353818,97.93060302734375,31625400,3097094492.980957
2022-09-26,GOOGL,97.29584663330873,99.06125428806656,96.99831035340091,97.36527252197266,27072700,2635940813.405609
2022-09-27,GOOGL,98.61495489564797,99.18028220152245,96.0759420926826,96.70077514648438,30072800,2908063070.8251953
2022-09-28,GOOGL,96.84954541208984,99.8745394269292,96.31397098941996,99.22987365722656,32466300,3221626847.1176147
2022-09-29,GOOGL,97.8314301011561,97.8314301011561,95.17339822616405,96.62142944335938,31047200,2999824844.213867
2022-09-30,GOOGL,96.25445392690247,98.08928738689897,94.77666247319067,94.86592864990234,32941500,3125025988.620758
2022-10-03,GOOGL,95.9668344859771,98.47609418773558,95.72879638211501,97.8314208984375,27982000,2737518819.580078
2022-10-04,GOOGL,99.61666354191142,101.00518123961032,99.5571502356858,100.80682373046875,28850800,2908357510.083008
2022-10-05,GOOGL,99.0116735801322,101.09445790974014,97.99011792498692,100.59855651855469,22176900,2230964128.0563354
2022-10-06,GOOGL,99.85469877759263,102.08625491156727,99.76543259746941,100.58863067626953,22324000,2245540591.217041
2022-10-07,GOOGL,99.03150112865876,99.70592728808386,97.49421143647145,97.87109375,27502800,2691729117.1875
2022-10-10,GOOGL,98.18847777441846,98.2876565416277,96.21479230959145,97.05782318115234,18225100,1768888533.2588196
2022-10-11,GOOGL,96.63135067252868,98.43643153246492,95.5205287714698,96.3833999633789,26507100,2554844421.169281
2022-10-12,GOOGL,96.50241351977157,97.94052452401523,95.94699881751596,96.7602767944336,21876400,2116766519.265747
2022-10-13,GOOGL,94.37002605589976,98.96206971787448,93.60633375857984,98.24797058105469,34574500,3396874458.8546753
2022-10-14,GOOGL,99.1703544867437,99.86462094928686,95.58003338781863,95.76847076416016,25410700,2433543880.0468445
2022-10-17,GOOGL,98.04962623156622,100.10265774202443,98.0198733580147,99.15052795410156,28419200,2817778684.033203
2022-10-18,GOOGL,102.28462505466679,102.62184195796414,99.15053198777534,99.9439697265625,24060700,2404721872.3999023
2022-10-19,GOOGL,99.19020627528849,100.191921717045,98.10913722172899,98.81331634521484,23811100,2352853756.827545
2022-10-20,GOOGL,99.18028082765306,101.48126304018042,98.57528050925599,99.15052795410156,25323200,2510808649.4873047
2022-10-21,GOOGL,97.04789829825931,100.47953493084219,96.9189666638649,100.30101013183594,32458700,3255640397.566223
2022-10-24,GOOGL,100.96551960605208,101.90772916035505,99.1604389639881,101.67961120605469,27176400,2763285785.9802246
2022-10-25,GOOGL,102.05650031802847,103.9607597041695,101.87797552764937,103.62355041503906,40611400,4208297455.3253174
2022-10-26,GOOGL,95.6395366616455,97.50412305253043,93.91380204631294,94.1518325805664,88114100,8296103991.187286
2022-10-27,GOOGL,93.74519988449306,94.64774408921001,91.04750255104241,91.46405792236328,60710900,5552865274.118805
2022-10-28,GOOGL,91.51363539732378,95.75855747636481,91.37478361921333,95.50068664550781,43697300,4173122154.5547485
2022-10-31,GOOGL,94.637811790529,95.242812042702,93.20962104840368,93.73527526855469,31675000,2969064844.1314697
2022-11-01,GOOGL,94.66756687746879,95.2428142728165,89.62921479576478,89.7283935546875,47161400,4231716659.790039
2022-11-02,GOOGL,90.19454589639709,90.43257644134617,86.16782152387951,86.25708770751953,57038300,4919957645.787811
2022-11-03,GOOGL,85.61241063994241,85.81076815755338,82.6568351996716,82.74610137939453,61288000,5071343061.340332
2022-11-04,GOOGL,84.69994994578491,85.92978314388307,83.02380100389072,85.87027740478516,51124900,4390109345.291901
2022-11-07,GOOGL,86.56454509810828,88.17126831965837,86.1380696016579,87.7646255493164,34078900,2990921897.632599
2022-11-08,GOOGL,88.17127227783203,89.5796304672484,86.87200543719126,88.17127227783203,30429000,2682963644.142151
2022-11-09,GOOGL,87.72494420662868,88.70683431006073,86.56453688459513,86.60420989990234,31769100,2751337804.7309875
2022-11-10,GOOGL,91.49381831450972,93.61627593347617,90.85906505838082,93.16996765136719,51620100,4809443047.160339
2022-11-11,GOOGL,93.9138107806014,96.13544696291301,93.1501183771832,95.61971282958984,33090500,3164104107.3875427
2022-11-14,GOOGL,94.31051943427285,95.99658864167773,93.73527959271193,94.91551971435547,30179500,2864502927.219391
2022-11-15,GOOGL,97.4545394739204,99.31912590340235,95.91724219824151,97.63306427001953,41640800,4065518902.6550293
2022-11-16,GOOGL,97.09749375411836,98.82322847399864,96.83962291238991,98.03970336914062,29105200,2853465174.4995117
2022-11-17,GOOGL,96.17512087878868,98.46618297666177,95.99659606811966,97.55372619628906,26052600,2541528207.1014404
2022-11-18,GOOGL,97.96035204939338,98.0892912467336,95.58003155727448,96.63134002685547,28342300,2738754428.4431458
2022-11-21,GOOGL,96.49250211567761,97.59340390655896,94.57832227419392,94.81635284423828,21647400,2052527516.5603638
2022-11-22,GOOGL,95.16346653720288,96.42306021024527,93.2790474508061,96.25445556640625,23438500,2256060056.793213
2022-11-23,GOOGL,96.29412816473291,97.95044455619234,96.29412816473291,97.65290069580078,18868100,1842524695.6184387
2022-11-25,GOOGL,97.43469190584294,97.83141448608896,96.60158129749476,96.66108703613281,9701400,937747869.7723389
2022-11-28,GOOGL,96.24453976932135,96.78011416235111,94.82626153412802,95.26265716552734,26237500,2499453967.3805237
2022-11-29,GOOGL,94.94528050830175,95.33208297513312,93.33855733056448,94.40970611572266,20061700,1894019201.1817932
2022-11-30,GOOGL,94.04274131301841,100.21175594756679,93.64601867914251,100.16216278076172,43647500,4371827999.973297
2022-12-01,GOOGL,100.19191565410281,101.4118364290716,99.42823082654697,100.16216278076172,28687100,2873361979.9079895
2022-12-02,GOOGL,98.23806351073277,99.94395785152076,98.08929158774455,99.61666870117188,21480700,2139835775.3692627
2022-12-05,GOOGL,98.58519711399899,100.5489623663918,98.1884744915712,98.66454315185547,24405100,2407918042.075348
2022-12-06,GOOGL,98.48601001120109,98.96207106432217,95.62961342505861,96.18502807617188,24910700,2396036378.8970947
2022-12-07,GOOGL,95.61970972120518,96.08585067198514,93.94356060039664,94.16175842285156,31045400,2923289454.940796
2022-12-08,GOOGL,94.59813448405295,94.79649955511114,92.68395505775045,92.94182586669922,32213300,2993962919.191742
2022-12-09,GOOGL,93.00133540862666,93.48732417745734,91.98969998883905,92.06904602050781,28225400,2598685651.547241
2022-12-12,GOOGL,91.95002489014092,92.7930556486765,90.85904346339758,92.54510498046875,29420000,2722676988.5253906
2022-12-13,GOOGL,96.958644678424,98.71413232006631,94.25101968178204,94.84609985351562,40593700,3850154123.623657
2022-12-14,GOOGL,94.4196191950435,96.07593554575189,92.83273630132557,94.29068756103516,28733600,2709310900.10376
2022-12-15,GOOGL,92.36659290509361,92.8724144565508,89.2721729828965,90.11520385742188,40107000,3614250481.109619
2022-12-16,GOOGL,90.01602776214001,90.5813550775437,88.7861867939752,89.52012634277344,58011800,5193223665.371704
2022-12-19,GOOGL,89.5201151224369,89.81765139665094,87.4869165311304,87.71503448486328,29493000,2586979512.0620728
2022-12-20,GOOGL,87.38774657684024,88.44897528550977,86.72324050727767,88.290283203125,23453800,2070742644.1894531
2022-12-21,GOOGL,88.34979410199328,89.48044867408069,87.59602186498341,88.84569549560547,24745600,2198540042.4560547
2022-12-22,GOOGL,87.43733387958731,87.81421619968995,85.61241288884075,87.04061126708984,27658300,2407395338.608551
2022-12-23,GOOGL,86.39594104938888,88.81594226177606,86.35626803003854,88.49856567382812,23003000,2035732506.1950684
2022-12-27,GOOGL,88.07207507742031,88.21092683791771,86.29674749179976,86.67362976074219,20097300,1741905939.390564
2022-12-28,GOOGL,86.26701007977196,87.31831861670652,85.23553426923881,85.31487274169922,19523200,1665619323.5107422
2022-12-29,GOOGL,85.9099593646084,88.12167532237186,85.9000392181079,87.7249526977539,23333500,2046930183.7730408
2022-12-30,GOOGL,86.2669986892601,87.57617789768041,85.86035596660308,87.50675201416016,23986300,2098963205.8372498
2023-01-03,GOOGL,88.85560627643153,90.30364497529531,87.79437761826055,88.38946533203125,28131200,2486501727.1484375
2023-01-04,GOOGL,89.60937532240884,89.90691916874918,86.55462109181812,87.35798645019531,34854800,3044845146.1242676
2023-01-05,GOOGL,86.75298665837843,86.85216541875592,85.19585666320351,85.49339294433594,27194400,2324941525.085449
2023-01-06,GOOGL,86.0785669486724,86.97119099271035,84.16438721912351,86.62405395507812,41381500,3584633288.7420654
2023-01-09,GOOGL,87.6357017109346,89.31185097330206,87.13980027869384,87.2984848022461,29003900,2531996523.3558655
2023-01-10,GOOGL,85.2752044746708,87.94314874861813,85.12643254757823,87.69519805908203,30467800,2671879755.4244995
2023-01-11,GOOGL,88.44897568545483,90.84913669096524,88.28037102229985,90.76979064941406,26862000,2438258116.4245605
2023-01-12,GOOGL,90.73010969806401,91.11691212598826,89.01428778515732,90.38297271728516,30258100,2734817026.776886
2023-01-13,GOOGL,90.10528201196577,91.43430168612433,89.39118279204233,91.36487579345703,26329200,2405564087.741089
2023-01-17,GOOGL,91.30535652243567,91.49380146174484,89.3118384915669,90.54167175292969,32602400,2951875799.157715
2023-01-18,GOOGL,91.3847206735028,92.03931423444145,89.89701628975767,90.37308502197266,29116700,2631366004.6592712
2023-01-19,GOOGL,89.9763445358991,92.84265380940697,89.88707835577257,92.28724670410156,37000400,3414665042.9504395
2023-01-20,GOOGL,94.32044460307483,97.49421809768434,94.24109856316726,97.21650695800781,63191100,6143218012.8341675
2023-01-23,GOOGL,97.14708656455124,99.21995846507203,96.70077830680043,98.97200775146484,40005100,3959385067.298126
2023-01-24,GOOGL,97.29584675272618,98.79347100071968,96.40322277819845,96.89912414550781,33078500,3205277678.04718
2023-01-25,GOOGL,94.78659786716852,95.37176548216979,92.99143713393819,94.43946838378906,42330000,3997622696.685791
2023-01-26,GOOGL,95.70896843494373,96.77019710869844,94.59814659536165,96.7206039428711,30114000,2912644267.13562
2023-01-27,GOOGL,96.5123239826297,99.49765240364174,96.5123239826297,98.5554428100586,33879800,3339038691.316223
2023-01-30,GOOGL,96.68093725731849,97.48429507886306,95.60978845068932,96.1453628540039,27226200,2617672878.135681
2023-01-31,GOOGL,96.07593999568378,98.0694581762873,96.02634682892345,98.02978515625,29870700,2928218303.466797
2023-02-01,GOOGL,97.90085604626204,100.36053038415385,96.78012157695186,99.60675811767578,35531100,3539137683.35495
2023-02-02,GOOGL,104.93272708957909,106.96591805351979,104.74428215805406,106.85681915283203,69883800,7467560578.312683
2023-02-03,GOOGL,102.08625562934304,106.92625024321528,101.73912618609937,103.92108917236328,65309300,6787013589.084625
2023-02-06,GOOGL,101.56059433437012,103.5045266483121,101.04485271151285,102.0564956665039,31999600,3265767038.7298584
2023-02-07,GOOGL,102.37388574345306,107.29322670020932,102.27470697729218,106.75765228271484,49010200,5232213889.906311
2023-02-08,GOOGL,101.2134745048074,102.29453587919534,97.23634332555855,98.5554428100586,94743500,9337487595.874786
2023-02-09,GOOGL,99.18027172399981,99.21002459482034,92.8624856911135,94.2311782836914,119455000,11256385401.878357
2023-02-10,GOOGL,94.66755282971253,95.956899204944,93.47739276553976,93.79476928710938,54980700,5156902071.743774
2023-02-13,GOOGL,93.96338902898977,94.4196173792314,93.07076505379771,93.83445739746094,50076100,4698863672.080994
2023-02-14,GOOGL,93.65594180887688,94.07249718262943,91.50373147763352,93.90389251708984,54726100,5138993812.2795105
2023-02-15,GOOGL,93.7154415296958,96.32388765510876,93.37823222030585,96.1453628540039,50169000,4823516709.022522
2023-02-16,GOOGL,94.58822952133472,96.87929141683016,93.96338895576008,94.72708129882812,42462600,4022358162.359619
2023-02-17,GOOGL,94.07248521564689,94.77666422937034,92.44592938203277,93.57658386230469,34284100,3208188958.79364
2023-02-21,GOOGL,92.23766291009657,92.3368416794246,90.96815650224582,91.03758239746094,33629300,3061530169.718933
2023-02-22,GOOGL,90.94830538293209,91.35494812568693,89.86724406227897,90.89871978759766,30884000,2807316061.920166
2023-02-23,GOOGL,91.1665064831145,91.18634677544837,89.02421648917793,90.14495086669922,41206400,3714548903.3935547
2023-02-24,GOOGL,88.70683991186095,89.15314812025682,87.85388894602733,88.39937591552734,36585100,3234100007.8071594
2023-02-27,GOOGL,89.13331604003906,89.42093974612138,88.60765422535826,89.13331604003906,27502300,2451371197.7279663
2023-02-28,GOOGL,88.59775024323443,90.48217716813194,88.58783009603324,89.32176208496094,30142000,2692336552.7648926
2023-03-01,GOOGL,89.24242610290563,90.28381458248744,88.9349620659149,89.61930847167969,31111200,2788164229.724121
2023-03-02,GOOGL,88.92503489270483,91.52355315835904,88.85560143860462,91.245849609375,32204400,2938517839.1601562
2023-03-03,GOOGL,91.7219244117424,92.96167788657921,91.69216397218837,92.88233184814453,35160100,3265752076.0139465
2023-03-06,GOOGL,93.2492875940104,95.1833074213031,93.22945486919875,94.35018920898438,32639300,3079524130.6488037
2023-03-07,GOOGL,94.20143621358584,94.8857750214838,92.76331756858707,93.09061431884766,27835500,2591223794.872284
2023-03-08,GOOGL,93.3484777291188,95.1733911604508,93.229458674828,93.47740936279297,34103300,3187888134.7221375
2023-03-09,GOOGL,93.27906233445889,94.74692633492973,91.14668466466473,91.56324005126953,28813500,2638257417.2172546
2023-03-10,GOOGL,91.41446217961779,92.02938263914514,89.65897455457669,89.8870849609375,35941000,3230631720.5810547
2023-03-13,GOOGL,89.35150093708918,91.81117494395599,88.68699494914536,90.36314392089844,37335600,3373762196.1730957
2023-03-14,GOOGL,91.80125398569051,93.58650184316622,91.6822425064281,93.19969940185547,36050200,3359867803.37677
2023-03-15,GOOGL,92.45584959444147,96.13543673086967,91.88060220810499,95.32215881347656,50622100,4825407855.671692
2023-03-16,GOOGL,95.41142015117943,100.36052125064333,94.71716126290511,99.49765014648438,65492000,6516300103.393555
2023-03-17,GOOGL,99.43814263216196,101.99698789396676,99.27945056518114,100.78699493408203,61028500,6150879120.334625
2023-03-20,GOOGL,99.29929255271749,100.91592828670724,99.05134186896636,100.39027404785156,32960400,3308903588.7268066
2023-03-21,GOOGL,100.4200298260466,104.23846895297474,100.39027695383191,104.05994415283203,42110300,4381995466.259003
2023-03-22,GOOGL,103.41527577821408,105.71625799716358,102.48298628129344,102.52265930175781,43427400,4452292534.561157
2023-03-23,GOOGL,104.19878539495483,105.42862614570019,103.60370531028819,104.73435974121094,40797800,4272931461.8499756
2023-03-24,GOOGL,104.12937541633211,104.62527682377592,102.98880066584036,104.57569122314453,30393300,3178400356.0523987
2023-03-27,GOOGL,103.76240714497641,103.90125892558605,101.09445530767543,101.62010955810547,31120900,3162509267.5468445
2023-03-28,GOOGL,101.60027347597008,101.61018605507579,98.92240158084621,100.20182800292969,32057900,3212260181.9351196
2023-03-29,GOOGL,101.44158753942646,101.64986521604924,99.82495172553267,100.55888366699219,28779600,2894044448.3825684
2023-03-30,GOOGL,100.0828209446528,100.33077163663715,98.96207897409658,100.06298065185547,33086200,3310703790.4434204
2023-03-31,GOOGL,100.46962623998861,103.03839184898722,100.21175539436457,102.87970733642578,36863400,3792495803.425598
2023-04-03,GOOGL,101.5506793026603,103.67313650572234,101.09445096214598,103.50453186035156,25035400,2591277356.9366455
2023-04-04,GOOGL,103.47476984660906,104.71452312982774,103.18714617687989,103.861572265625,24420100,2536309980.883789
2023-04-05,GOOGL,104.91289907946413,105.2302756731111,102.8102819841236,103.61363983154297,28290500,2931281677.6542664
2023-04-06,GOOGL,104.39716471996435,108.27510972849137,103.47478781441008,107.53125762939453,48711500,5238008856.014252
2023-04-10,GOOGL,106.10305636159114,106.70804904814693,104.2583027310059,105.5674819946289,27067400,2857437262.1414185
2023-04-11,GOOGL,105.6765952509876,105.85512006422364,103.82192122274951,104.4864273071289,26311800,2749225978.0197144
2023-04-12,GOOGL,105.70633385627954,105.87493849967197,103.48469035438097,103.78223419189453,24370300,2529204181.9267273
2023-04-13,GOOGL,104.97239950361016,106.6088755556612,104.97239950361016,106.54936981201172,24843600,2647069923.8616943
2023-04-14,GOOGL,106.01379677904549,108.04699547084493,105.96420361413152,107.97756958007812,26578000,2869827844.2993164
2023-04-17,GOOGL,103.80208956915179,105.28979383922241,103.66323020910507,105.10134887695312,37571200,3948783798.9257812
2023-04-18,GOOGL,105.61707218442865,105.66666534841484,103.2169113578442,103.64338684082031,26596400,2756540973.7731934
2023-04-19,GOOGL,102.73093151613256,104.11945689106093,102.22510999070306,103.32601165771484,20905700,2160102601.912689
2023-04-20,GOOGL,103.05823288579296,105.37904781258688,103.01855986565269,104.42691802978516,27820800,2905240401.123047
2023-04-21,GOOGL,104.60544996470482,105.13110427538487,103.92110356265056,104.54594421386719,25800100,2697295815.312195
2023-04-24,GOOGL,104.62528018111423,105.7559348210195,103.84175502418775,105.10134887695312,23542800,2474380036.340332
2023-04-25,GOOGL,104.96248334111876,105.8154342829649,102.98879048643646,102.99871063232422,46664100,4806342132.817841
2023-04-26,GOOGL,104.05995143064801,105.4782297846258,101.78872203487352,102.85987091064453,53347600,5487327249.3927
2023-04-27,GOOGL,103.59380098496241,107.48167377000753,102.69126435820809,106.70806121826172,50089200,5344921419.973755
2023-04-28,GOOGL,106.16256960456029,106.47002604243367,104.22854965938166,106.4601058959961,36139800,3847446935.0601196
2023-05-01,GOOGL,105.96420132305943,107.1047759897289,105.9443685976354,106.32125091552734,26681700,2836831720.552826
2023-05-02,GOOGL,106.26174573640694,106.3212514798493,102.85986201062076,104.4566650390625,30997200,3237864137.548828
2023-05-03,GOOGL,104.66495571554243,106.60888843374389,104.09962838201884,104.54594421386719,21795400,2278620672.518921
2023-05-04,GOOGL,104.62527823765616,104.73437715411653,103.11774126807067,103.83184051513672,23419500,2431689788.9442444
2023-05-05,GOOGL,103.9607758431424,105.01208445699545,103.2565967181224,104.70462799072266,26639300,2789257996.433258
2023-05-08,GOOGL,104.3178158732233,107.07502636899285,104.29798314719713,106.88658142089844,26511400,2833712914.682007
2023-05-09,GOOGL,107.50150758418665,109.24708267470773,106.31134722106391,106.47003173828125,36360100,3871261001.00708
2023-05-10,GOOGL,107.08494078998831,112.01420151452291,107.04526777320253,110.83395385742188,63153400,6999541021.539307
2023-05-11,GOOGL,114.4540486758181,116.95338849067711,113.47216598785796,115.61445617675781,78900000,9121980592.346191
2023-05-12,GOOGL,115.7235396119098,117.06247174670034,115.15821237424916,116.54673767089844,41102300,4790338975.770569
2023-05-15,GOOGL,115.15822426414559,117.50879963545604,115.05904549704219,115.55494689941406,36266800,4190808148.21167
2023-05-16,GOOGL,115.535101164742,119.76018303268906,115.47559542065336,118.53034973144531,45035600,5338085418.3654785
2023-05-17,GOOGL,118.62952837460274,120.67263963270652,117.91542917883902,119.84944152832031,33323600,3993814849.713135
2023-05-18,GOOGL,119.95854133598478,122.29919646548392,119.83952984703524,121.82313537597656,35234200,4292340716.4642334
2023-05-19,GOOGL,122.53723296740392,124.93739380984856,121.1487076020142,121.75370788574219,41353400,5034929783.682251
2023-05-22,GOOGL,121.93223602252743,125.39362560112353,121.73387092669454,124.02494049072266,35253000,4372251227.119446
2023-05-23,GOOGL,123.14222636559451,123.60836727655007,121.20820656831121,121.55533599853516,34046300,4138509436.0069275
2023-05-24,GOOGL,120.12714861556921,120.91067367529489,118.87747506501967,119.90895080566406,34182600,4098799701.8096924
2023-05-25,GOOGL,123.49927982509996,124.29272508219533,120.96026710936242,122.46781158447266,42317000,5182470382.820129
2023-05-26,GOOGL,122.16035584955227,124.23322775152575,121.44625658316629,123.58855438232422,35635900,4404189365.113068
2023-05-30,GOOGL,124.61011047029689,124.62995076489531,120.99994867262599,122.65625762939453,35076700,4302376751.988983
2023-05-31,GOOGL,121.74379679384124,123.04305607346541,121.49584608754014,121.8628158569336,37325800,4548627092.112732
2023-06-01,GOOGL,121.81320947582672,123.40009231065325,121.61485195904373,122.7058334350586,30772700,3775989800.5470276
2023-06-02,GOOGL,122.97362980848881,125.11592753657705,122.74551939681675,123.64805603027344,26980100,3336036916.5023804
2023-06-05,GOOGL,122.9934755662655,126.38543955290231,122.82486332818759,124.97708129882812,32305500,4037447099.899292
2023-06-06,GOOGL,124.97707929168565,127.23838101293813,124.33240592558523,126.26641845703125,26638300,3363522734.7839355
2023-06-07,GOOGL,125.92919376166726,127.98221754198133,121.11895203748432,121.49583435058594,52539000,6383269640.945435
2023-06-08,GOOGL,121.22805249747213,122.21985523958173,120.24616233464845,121.13878631591797,29389200,3560172018.7957764
2023-06-09,GOOGL,121.2478829569892,122.74550718830598,120.9106736630639,121.2280502319336,23778300,2882596946.8299866
2023-06-12,GOOGL,121.78345693305364,123.0331304793446,120.66272258318774,122.6264877319336,28306400,3471114412.335205
2023-06-13,GOOGL,123.95551612909149,124.13404093411759,122.17026807883049,122.81494140625,22278300,2736108109.1308594
2023-06-14,GOOGL,122.0909303030245,123.03314755821141,120.45445407399907,122.65625762939453,30592300,3752337030.2757263
2023-06-15,GOOGL,122.13059332494937,124.43157546435972,121.39666138886585,124.06460571289062,35246300,4372818312.338257
2023-06-16,GOOGL,124.89772318191494,125.07624798326509,122.26944432692575,122.51739501953125,45535600,5578903092.651367
2023-06-20,GOOGL,121.9223072208865,123.5488630569753,121.13878217339122,122.09091186523438,26097500,3186267572.402954
2023-06-21,GOOGL,121.39666224993185,121.65453309243799,119.11551282046045,119.56182861328125,30306300,3623476646.5026855
2023-06-22,GOOGL,119.01633780765464,122.22977680974192,117.8559303300752,122.14051818847656,26952200,3291955674.319458
2023-06-23,GOOGL,120.38501322694266,121.78345871511222,120.06763665447824,121.33714294433594,34913600,4236316473.901367
2023-06-26,GOOGL,119.77009470813596,120.9999279223986,117.30050056715868,117.36992645263672,33969900,3987044664.603424
2023-06-27,GOOGL,116.1202700370029,118.10387557545451,115.14829999374557,117.36002349853516,39535900,4639934153.035736
2023-06-28,GOOGL,116.13017287240949,119.40312476297248,115.89214234648705,119.1948471069336,27091400,3229155280.912781
2023-06-29,GOOGL,118.26255477904468,119.0758327106557,117.33026536325183,118.12370300292969,24090900,2845706316.673279
2023-06-30,GOOGL,119.18492133931473,120.08746537309688,118.708860309926,118.7187728881836,29532200,3506026544.6884155
2023-07-03,GOOGL,118.26255136387671,119.20476846528122,117.84599604756099,118.91714477539062,14467900,1720481358.895874
2023-07-05,GOOGL,118.26255664547801,121.60493460466255,118.25264406620929,120.75198364257812,27584800,3330919318.383789
2023-07-06,GOOGL,118.81797842897954,119.31387982882194,117.42945299604987,119.12543487548828,24745200,2947782711.0809326
2023-07-07,GOOGL,119.1155002818165,120.05771736735291,118.42124143298246,118.5005874633789,21709500,2572588503.5362244
2023-07-10,GOOGL,117.33026342725442,117.34017600620315,115.18796594507899,115.49542236328125,35315200,4078743939.84375
2023-07-11,GOOGL,115.33674818852833,116.74510634443534,114.40445113781433,116.17977905273438,23078800,2681289884.802246
2023-07-12,GOOGL,117.82617700118566,119.34363409167489,117.4393745101533,117.95510864257812,30404400,3586354305.2124023
2023-07-13,GOOGL,119.938710617678,123.80674297722868,119.4626419533475,123.51911926269531,44297900,5471637593.186951
2023-07-14,GOOGL,123.77699383825481,125.74075916657561,122.47772701039696,124.39190673828125,33283100,4140148271.1608887
2023-07-17,GOOGL,124.90764611490182,126.05813341949313,123.18190380773267,123.62821960449219,25716200,3179248020.993042
2023-07-18,GOOGL,123.57861693621366,123.65796296956178,121.95206108684837,122.7455062866211,26193600,3215146693.4692383
2023-07-19,GOOGL,123.57862647852336,124.15387391443447,120.80158319859368,121.02969360351562,37224000,4505209314.697266
2023-07-20,GOOGL,120.42468068272518,123.07279204631881,117.25091510465651,118.2228775024414,37906800,4481450972.909546
2023-07-21,GOOGL,119.63124336904816,119.99820552210508,117.75673688752023,119.0361557006836,72937900,8682247220.88089
2023-07-24,GOOGL,120.6627297925078,121.99174188501857,119.98830359973758,120.5337905883789,29686100,3578178160.785675
2023-07-25,GOOGL,120.36518297759501,122.14051081744289,120.02796610605938,121.20821380615234,52509600,6364594823.675537
2023-07-26,GOOGL,129.00380296662527,129.90633205152977,127.26814799253995,128.21035766601562,61682100,7908284102.590942
2023-07-27,GOOGL,130.59064476632827,132.14778209152604,127.73424847403028,128.33924865722656,44952100,5769118739.564514
2023-07-28,GOOGL,129.7079618698937,132.64370465595107,129.49969176817697,131.4932098388672,36591200,4811494339.855957
2023-07-31,GOOGL,131.64197739889866,132.43542264148525,130.6997677943249,131.63206481933594,28055500,3693003394.5388794
2023-08-01,GOOGL,129.70794167840054,131.54278252577237,129.6087553657888,130.4716339111328,23166800,3022610248.4924316
2023-08-02,GOOGL,128.38885774863965,129.02361087752263,126.51435123258612,127.32763671875,26273300,3345317197.8027344
2023-08-03,GOOGL,126.92098790971262,128.32934587418347,126.37549341868682,127.39704895019531,20089500,2559343014.8849487
2023-08-04,GOOGL,128.22025231793552,130.43196810964983,126.8614874567136,127.05984497070312,26147200,3322259178.4179688
2023-08-07,GOOGL,128.10126008485418,130.53117404718972,127.96240829082672,130.4518280029297,22746300,2967296415.3030396
2023-08-08,GOOGL,129.5492407017986,130.43194434185443,128.47809216099392,130.32284545898438,23535200,3067174232.446289
2023-08-09,GOOGL,130.58074278541653,130.95761750800182,127.94254405878128,128.59713745117188,24912900,3203727625.6073
2023-08-10,GOOGL,130.2435507528464,130.9675625582551,128.38886922887625,128.6269073486328,20857800,2682874308.0963135
2023-08-11,GOOGL,127.60535409901688,128.86493278064867,127.11936527043054,128.4979705810547,19591100,2517416591.4505005
2023-08-14,GOOGL,128.3293638886943,130.29312919834737,127.90289594820355,130.2534637451172,24695600,3216687439.263916
2023-08-15,GOOGL,130.0253428626258,130.3427118640274,128.22025464503122,128.71615600585938,19770700,2544808505.545044
2023-08-16,GOOGL,127.64500427246094,129.21205435216356,126.82181378350052,127.64500427246094,25216100,3218709192.2348022
2023-08-17,GOOGL,128.7359842548602,130.90803443349202,128.23015522856085,128.85499572753906,33446300,4309722843.60199
2023-08-18,GOOGL,127.4565647289768,128.19050420505582,125.34402761585469,126.41517639160156,30504800,3856269672.7905273
2023-08-21,GOOGL,126.13747078000077,127.6747604625636,125.52255036686307,127.31771087646484,25248700,3214606686.606598
2023-08-22,GOOGL,127.4565767415667,129.21207199508038,127.2681469154346,128.02191162109375,22054900,2823510458.6120605
2023-08-23,GOOGL,129.11289189432017,132.31642609894942,128.80543542234216,131.28494262695312,27819700,3652307718.399048
2023-08-24,GOOGL,132.85197153912117,133.14951538235977,128.50788590918833,128.71615600585938,28500700,3668500547.4761963
2023-08-25,GOOGL,128.47811371877063,129.68811421046675,126.20689221900474,128.81533813476562,26762900,3447472012.966919
2023-08-28,GOOGL,130.23362480291482,131.4535380240542,129.07321732909296,129.9360809326172,20543300,2669315891.4230347
2023-08-29,GOOGL,131.15600145683445,135.45050919179718,131.15600145683445,133.46690368652344,43075600,5749166956.439209
2023-08-30,GOOGL,133.67518514236738,135.16288939766932,132.97101360306888,134.76617431640625,28315800,3816012038.708496
2023-08-31,GOOGL,134.8950799084139,136.8687727314443,134.67688210350767,135.05377197265625,30053800,4058879052.1118164
2023-09-01,GOOGL,136.3332062668677,136.3332062668677,133.74460060567057,134.54795837402344,21543700,2898660850.8224487
2023-09-05,GOOGL,134.3297620041587,135.30172442643027,133.4768110647792,134.6570587158203,19403100,2612764375.968933
2023-09-06,GOOGL,134.90499776499271,135.41081165738936,132.5742555345524,133.3577880859375,18684500,2491723591.491699
2023-09-07,GOOGL,132.4949060690644,134.46859869666807,131.86015300865373,134.15121459960938,18844300,2527985733.279419
2023-09-08,GOOGL,133.80411838628038,135.53977327338907,133.7446126401159,135.26206970214844,23558300,3186544416.6641235
2023-09-11,GOOGL,135.4207175987325,136.35301444521784,134.67686566381838,135.797607421875,20763400,2819620041.9433594
2023-09-12,GOOGL,135.14303224154853,135.74803250189984,134.08181120803886,134.23057556152344,18405500,2470580858.4976196
2023-09-13,GOOGL,133.98263986174015,135.77780055178212,133.05034278578884,135.58937072753906,20749500,2813411647.911072
2023-09-14,GOOGL,136.47207040513118,137.563044397484,135.1232180009584,136.9679718017578,24751000,3390094270.0653076
2023-09-15,GOOGL,136.84892900879936,137.38451092876176,135.36122499467155,136.273681640625,38919600,5303717179.980469
2023-09-18,GOOGL,135.49018160432044,138.019281780227,135.49018160432044,137.0770721435547,21861300,2996682997.251892
2023-09-19,GOOGL,136.2935192027612,137.2754092805613,135.50007405103756,136.90843200683594,20353700,2786593152.5375366
2023-09-20,GOOGL,136.94811189062173,136.94811189062173,132.5246654075392,132.64369201660156,29927500,3969694092.8268433
2023-09-21,GOOGL,130.3625454686309,131.14606291971518,129.00378065244968,129.37074279785156,31503900,4075682944.029236
2023-09-22,GOOGL,129.68811066252235,130.94770428096794,128.53763107597587,129.1822967529297,26397300,3410063842.076111
2023-09-25,GOOGL,128.76575671410941,130.0947688069164,127.90289313849301,130.03526306152344,20094600,2613006597.116089
2023-09-26,GOOGL,128.7062429989617,129.2914029707038,126.17714304040305,127.51608276367188,25718700,3279547877.774048
2023-09-27,GOOGL,127.51608742320651,129.82697452376246,127.51608742320651,129.4699249267578,22746500,2944987647.3464966
2023-09-28,GOOGL,128.77566411264445,132.20730825142687,128.72607094890918,131.2254180908203,22513100,2954290960.020447
2023-09-29,GOOGL,132.18746856469267,132.9511609153293,129.29140636705122,129.7873077392578,30859800,4005210359.3719482
2023-10-02,GOOGL,130.1344325390662,133.3181105749404,130.09475195813707,133.07015991210938,22288000,2965867724.1210938
2023-10-03,GOOGL,132.8420685488848,133.15943757319482,130.75927662958244,131.3444366455078,22989400,3019529791.8182373
2023-10-04,GOOGL,131.70147985901755,134.45870541332442,131.44361659343454,134.13140869140625,26752300,3588323684.7351074
2023-10-05,GOOGL,133.9628143310547,134.37936969993646,132.35608346969923,133.9628143310547,19832600,2656830911.502075
2023-10-06,GOOGL,132.91148163496393,137.02747214489506,132.91148163496393,136.4522247314453,27597600,3765753917.248535
2023-10-09,GOOGL,135.8174754746164,137.8010810398745,134.49837595767463,137.28533935546875,19278100,2646600500.628662
2023-10-10,GOOGL,137.36469462527216,138.57469531209054,136.2042871076599,136.9282989501953,27786600,3804771871.609497
2023-10-11,GOOGL,137.44402038931838,139.95328001705715,137.44402038931838,139.3978729248047,25884300,3608216362.147522
2023-10-12,GOOGL,139.89377728823808,140.0623819353228,137.12663921258442,137.83082580566406,24765500,3413449316.4901733
2023-10-13,GOOGL,138.23746980650327,138.8523826583463,135.50008457709373,136.23402404785156,23420500,3190668960.2127075
2023-10-16,GOOGL,137.03740849990476,138.4854474310205,136.85889123736658,137.9597930908203,28501900,3932116226.6952515
2023-10-17,GOOGL,137.49363032645,138.75320901659043,136.05550412475992,138.57469177246094,23515800,3258694736.782837
2023-10-18,GOOGL,138.30689326315832,139.56648701861894,136.25386939858822,136.82911682128906,23375000,3198380605.697632
2023-10-19,GOOGL,137.36467110137107,138.51516584160242,136.25385694319345,136.62081909179688,26066000,3561158270.4467773
2023-10-20,GOOGL,136.2042789444492,136.73984579212933,133.97272266731449,134.48846435546875,26335700,3541847850.7263184
2023-10-23,GOOGL,133.93304944521964,136.53158318839846,132.85198797694417,135.38108825683594,26317900,3562945942.6345825
2023-10-24,GOOGL,136.70017196237376,138.21762892713875,136.2935292113691,137.67213439941406,44814300,6169680332.615662
2023-10-25,GOOGL,127.10943743152842,127.25820178277296,124.04476315937147,124.58033752441406,84366200,10510369671.652222
2023-10-26,GOOGL,122.25952391827924,123.31083999813282,120.27591838168972,121.27764129638672,57061100,6920235617.777252
2023-10-27,GOOGL,121.87272000373477,122.29919549173574,119.22460845972752,121.16854095458984,44566500,5400057780.452728
2023-10-30,GOOGL,122.20002007986204,124.37207059770444,121.74379170735196,123.43977355957031,28940100,3572359390.791321
2023-10-31,GOOGL,124.03485926262917,124.34232328480618,121.68429140278461,123.06289672851562,26292300,3235606599.6551514
2023-11-01,GOOGL,123.05297186152897,125.45313279745749,122.70584239837481,125.41345977783203,30082400,3772737862.4206543
2023-11-02,GOOGL,127.36730789447058,127.92271501549958,125.88952390924445,126.44493103027344,27124600,3429768176.223755
2023-11-03,GOOGL,126.9705840713952,128.46820067879287,126.81189200957998,128.04173278808594,26393100,3379418257.649231
2023-11-06,GOOGL,127.9921365850185,129.2715553604388,127.61524673059205,129.1822967529297,19052700,2461271545.3445435
2023-11-07,GOOGL,129.63856004129278,130.82872046079768,128.81536184159327,129.89642333984375,29757300,3865366838.2507324
2023-11-08,GOOGL,129.89639859360128,131.1262393685652,129.70795366245193,130.75926208496094,26425800,3455418108.0047607
2023-11-09,GOOGL,130.8783111759331,131.46347122727005,129.00380438860708,129.1724090576172,23747800,3067560535.8184814
2023-11-10,GOOGL,129.03354879478132,131.71141329610631,128.34920244954847,131.5031280517578,26913300,3539183136.1953735
2023-11-13,GOOGL,130.69977620897475,131.50313408284546,130.17412191783197,131.00723266601562,18324800,2400681337.158203
2023-11-14,GOOGL,133.09002359550504,134.58764041410248,132.2271599799759,132.52468872070312,32395200,4293163796.044922
2023-11-15,GOOGL,133.76443017621472,133.92312224608222,132.4750987262402,133.5164794921875,23861500,3185903475.402832
2023-11-16,GOOGL,134.0818138246226,136.09517216084916,133.21895029015656,135.8075408935547,28013200,3804403804.559326
2023-11-17,GOOGL,134.88518254388185,134.94468829125762,132.55443988026462,134.20083618164062,37240600,4997719659.906006
2023-11-20,GOOGL,132.59412016100978,135.53977571897755,132.524686700092,135.1331329345703,27815500,3758795659.1415405
2023-11-21,GOOGL,135.1727648728612,136.05546855002234,134.84548334419887,135.84719848632812,22635300,3074942091.897583
2023-11-22,GOOGL,136.34312381394363,138.2771361292862,136.34312381394363,137.35476684570312,17813900,2446824081.112671
2023-11-24,GOOGL,136.89851567499682,136.99770199138314,134.87524497059664,135.5695037841797,12514300,1696557441.2063599
2023-11-27,GOOGL,134.914934431914,137.28534253189412,134.88518155844346,135.2918243408203,23436500,3170766841.1636353
2023-11-28,GOOGL,134.96453355193609,136.1249410695989,134.30994003929231,136.07534790039062,18730000,2548691266.1743164
2023-11-29,GOOGL,136.4423372797072,137.15642147118808,133.7347043659717,133.88348388671875,23967200,3208812235.0097656
2023-11-30,GOOGL,133.94296597089948,134.43886735166274,130.2038653225059,131.44361877441406,38988300,5124763241.862488
2023-12-01,GOOGL,130.7790985107422,131.02704917414542,129.59885093154966,130.7790985107422,31442300,4111995649.104309
2023-12-04,GOOGL,128.81535800518807,128.9641223780541,126.85158504794954,128.21035766601562,36669900,4701460994.577026
2023-12-05,GOOGL,127.89297349238338,131.05682698082634,127.1987145294908,129.916259765625,27384800,3557730790.4296875
2023-12-06,GOOGL,130.36255115310777,130.75926618523522,128.81534134061891,128.95419311523438,23576200,3040249847.7233887
2023-12-07,GOOGL,133.9330343345262,137.42418419027493,133.59582503757497,135.8075408935547,56767100,7709400254.658508
2023-12-08,GOOGL,133.09995109176842,135.28191452598526,132.9313464085579,133.88348388671875,32260100,4319094578.533936
2023-12-11,GOOGL,131.29485865478858,132.24698086173262,130.28321556791462,132.1973876953125,31138000,4116362258.0566406
2023-12-12,GOOGL,130.72952914922644,131.9097769432704,130.18403456369643,131.4337158203125,29032800,3815888784.6679688
2023-12-13,GOOGL,132.28668009820586,132.40569160742476,130.49151921016573,131.4833221435547,30104800,3958279116.467285
2023-12-14,GOOGL,132.28665787823815,132.6238671868591,128.62690324736187,130.85845947265625,38722400,5067153611.083984
2023-12-15,GOOGL,130.54105356016876,132.41555987156252,130.10465799413734,131.51303100585938,50847100,6687056238.858032
2023-12-18,GOOGL,131.54280052592037,136.02573795572846,131.34442787355178,134.6868133544922,32258000,4344727225.189209
2023-12-19,GOOGL,135.71827586427287,136.34311639898218,134.96451127135808,135.5298309326172,25476800,3452866396.7041016
2023-12-20,GOOGL,137.83083424971508,140.5384516154751,136.93821779664987,137.20599365234375,49107200,6737802171.484375
2023-12-21,GOOGL,138.34656689160218,139.5367271291243,138.03909533601887,139.26893615722656,27488300,3828266297.770691
2023-12-22,GOOGL,139.61608570312794,140.8260863411753,139.5565799559633,140.33018493652344,26532200,3723268532.772827
2023-12-26,GOOGL,140.4293579031904,141.510419346836,140.032642827964,140.3599395751953,16780300,2355281894.05365
2023-12-27,GOOGL,140.42934564037535,140.9153344287429,138.74328401733115,139.21934509277344,19628600,2732680837.0880127
2023-12-28,GOOGL,139.6259846308267,139.9830342126131,138.60442904782565,139.0804901123047,16045700,2231643820.1950073
2023-12-29,GOOGL,138.4854161342685,139.20942786934887,137.6423777840169,138.544921875,18733000,2595362021.484375
2024-01-02,GOOGL,137.41427392066478,138.30689034141093,135.36123496575607,137.03738403320312,23711200,3249320820.288086
2024-01-03,GOOGL,136.1249259824603,138.48542134501582,135.9563213328076,137.78123474121094,24212100,3335973033.6776733
2024-01-04,GOOGL,137.2853464572302,138.01928600247774,135.23232246051418,135.27198791503906,27137700,3670970626.4419556
2024-01-05,GOOGL,135.6290289280703,136.03567169625202,134.0421384410589,134.6173858642578,22513900,3030762363.609314
2024-01-08,GOOGL,135.17278901977872,137.87049368814525,135.1430361482217,137.70188903808594,21404000,2947371232.9711914
2024-01-09,GOOGL,137.36467261696302,140.33016810931971,137.0175356218485,139.79458618164062,24759600,3461258036.022949
2024-01-10,GOOGL,139.84418693539638,141.82779242384171,139.75492832050645,141.1136932373047,21320200,3008572162.5579834
2024-01-11,GOOGL,142.3137898243085,144.02960443815402,139.4871457788245,140.91534423828125,24008700,3383194225.213623
2024-01-12,GOOGL,141.50049214729324,142.02614637782855,140.6574689161085,141.48065185546875,18785500,2657784785.430908
2024-01-16,GOOGL,140.83597171839403,143.16671392355445,140.2904772518983,141.32196044921875,22670500,3203839504.3640137
2024-01-17,GOOGL,140.19133701313217,140.67731071751322,137.76140795638582,140.3103485107422,20968600,2942111573.7823486
2024-01-18,GOOGL,140.8855776587382,143.02787513950906,140.8260719176682,142.30384826660156,25746400,3663811799.0112305
2024-01-19,GOOGL,143.5535284040744,145.24950254806373,143.19647882633325,145.18008422851562,34271900,4975597328.671265
2024-01-22,GOOGL,145.89419084442545,147.17360973542569,144.64450969157375,144.7932891845703,32200400,4662401829.058838
2024-01-23,GOOGL,144.69413418007426,145.97355334805007,144.30733162848043,145.83470153808594,21636100,3155294185.948181
2024-01-24,GOOGL,147.32237177289502,148.6216460696022,146.88599128129252,147.48106384277344,25233500,3721463424.4766235
2024-01-25,GOOGL,148.83984348061125,151.7954113890045,148.31417410884393,150.6250762939453,29149100,4390585411.399841
2024-01-26,GOOGL,149.86142806752846,151.28961156765428,149.77215430262993,150.94248962402344,26115500,3941938587.776184
2024-01-29,GOOGL,150.81352174869434,152.51942366682596,150.18868118167268,152.2516326904297,27784300,4230205038.1607056
2024-01-30,GOOGL,151.5474722147389,152.3607426484438,149.95066908718712,150.2184600830078,36331800,5457707048.043823
2024-01-31,GOOGL,142.44271896094438,142.81960888272778,138.7234583129567,138.9515838623047,71910000,9992008395.53833
2024-02-01,GOOGL,140.9550214666243,141.8873186018574,139.63592181078502,140.00289916992188,40466500,5665427319.259644
2024-02-02,GOOGL,138.11844060532798,141.45089833217304,135.38107056080497,141.21287536621094,62499600,8825748225.238037
2024-02-05,GOOGL,141.64929185123162,144.27756337900828,141.60961126191953,142.50222778320312,38505400,5487105281.68335
2024-02-06,GOOGL,143.4642721698212,144.16845883237673,142.0162485243668,142.91879272460938,29128200,4162967178.240967
2024-02-07,GOOGL,143.57336464859975,144.4263156427516,142.7501665270815,144.3469696044922,25208900,3638828322.062683
2024-02-08,GOOGL,144.63459744507298,145.13049882211826,143.91058567202538,144.7139434814453,22563800,3265296477.9266357
2024-02-09,GOOGL,145.47763559904774,148.2150211661504,144.9817341712347,147.77862548828125,26829500,3964826632.537842
2024-02-12,GOOGL,147.20335197335376,148.11580862305635,146.16195613244383,146.32064819335938,21564100,3155273089.706421
2024-02-13,GOOGL,143.7320585231407,145.46771340579025,142.51214532877424,143.95025634765625,27837700,4007244051.1291504
2024-02-14,GOOGL,144.88254990203635,145.31894554055629,142.90885694916992,144.7436981201172,22704200,3286289870.8587646
2024-02-15,GOOGL,141.96663255261817,142.34352240728126,139.30860868040443,141.59967041015625,37590700,5322830730.487061
2024-02-16,GOOGL,141.81787214200648,142.01622965333587,138.9912284210113,139.3681182861328,31468900,4385761377.534485
2024-02-20,GOOGL,138.51518739713623,140.915348438827,138.34658273143967,139.9632110595703,25144700,3519332953.1295776
2024-02-21,GOOGL,140.29049590728383,141.5203367649503,139.5268035526364,141.38148498535156,23223300,3283344640.260315
2024-02-22,GOOGL,143.74193926238937,143.8113727064956,141.6294100783797,142.90882873535156,27191900,3885962580.088806
2024-02-23,GOOGL,142.4923064572686,143.49402183711422,142.2542683371376,142.77993774414062,19493800,2783323550.3967285
2024-02-26,GOOGL,140.9748370483321,141.27238088903258,136.26377416065105,136.4423065185547,53641800,7319010917.807007
2024-02-27,GOOGL,136.8886109742461,138.10852404072233,135.9662266066363,137.74156188964844,33099200,4559135505.297852
2024-02-28,GOOGL,136.76959905068048,136.87869796321857,134.30001978259713,135.26206970214844,37328600,5049143695.083618
2024-02-29,GOOGL,136.15469224866533,137.72174254712453,135.28190090934368,137.3250274658203,42133000,5785915382.217407
2024-03-01,GOOGL,137.29524220433814,137.7316378191588,135.79762555684746,136.0158233642578,31151100,4237042515.2023315
2024-03-04,GOOGL,134.54795880340606,134.54795880340606,130.82869865382304,132.25689697265625,55999400,7406306876.330566
2024-03-05,GOOGL,130.7989410451295,132.1477932825311,129.59885315483893,131.58245849609375,40194800,5288930602.758789
2024-03-06,GOOGL,132.0287470091134,132.48498282848973,129.77736617833952,130.32284545898438,35318600,4602820449.627686
2024-03-07,GOOGL,131.70149485455573,133.8338800794751,130.53117474630065,133.27847290039062,37738200,5029689666.0095215
2024-03-08,GOOGL,133.10985799917378,136.95804250148979,132.90157275617153,134.30001831054688,39370400,5287445440.893555
2024-03-11,GOOGL,135.01413409372148,137.95978992775838,135.01413409372148,136.54150390625,32437800,4429105995.410156
2024-03-12,GOOGL,135.90671866415707,138.23746099222168,135.90671866415707,137.3646697998047,27563400,3786237339.5599365
2024-03-13,GOOGL,137.86055612116084,139.9334198436989,137.8506435436748,138.64407348632812,23347200,3236950912.5
2024-03-14,GOOGL,140.03262465964323,142.41294506959082,139.30861293112127,141.92697143554688,42753400,6067860580.57251
2024-03-15,GOOGL,141.33189197321508,142.00631057950346,138.88213796831596,140.022705078125,49475400,6927679342.822266
2024-03-18,GOOGL,147.3918211593764,150.90279656609297,145.96362264352206,146.4694366455078,69273700,10146479813.349915
2024-03-19,GOOGL,146.9454947247472,147.57032014783982,144.882543249734,145.8247528076172,24070400,3510060129.9804688
2024-03-20,GOOGL,146.78679725990156,147.639748173652,145.53713132595888,147.52073669433594,21311500,3143888180.0613403
2024-03-21,GOOGL,148.24477268139387,149.13738918978584,145.6958321016332,146.39010620117188,24755600,3623974913.0737305
2024-03-22,GOOGL,147.89761979182254,150.3374611918101,147.75876801352786,149.5341033935547,29211800,4368160321.511841
2024-03-25,GOOGL,148.71091979719523,149.1473154668572,146.60830262559878,148.83985900878906,19229300,2862086300.8377075
2024-03-26,GOOGL,148.98861304571224,151.011884033954,148.7505749332153,149.43492126464844,22149100,3309849014.5828247
2024-03-27,GOOGL,149.94072668288968,150.3969625890798,147.679417711027,149.63327026367188,22879200,3423489517.0166016
2024-03-28,GOOGL,149.61343338917058,150.1886655992159,148.9389997285373,149.69276428222656,24485400,3665287210.5560303
2024-04-01,GOOGL,149.45476709366227,154.4633742852125,149.3754210532241,154.21542358398438,31730800,4893378762.658691
2024-04-02,GOOGL,152.24173645140743,153.43189683666333,150.90279655942555,153.2930450439453,24586000,3768862805.4504395
2024-04-03,GOOGL,152.34091364414047,153.80877752671594,151.47803493131784,153.65008544921875,24705000,3795925361.022949
2024-04-04,GOOGL,152.2417216532487,153.5013153792841,149.21672024838048,149.2960662841797,34724700,5184261112.898254
2024-04-05,GOOGL,148.80015462106246,152.162365095296,148.37368673355488,151.24990844726562,23459200,3548201852.2460938
2024-04-08,GOOGL,151.52763410967862,153.9972285874499,151.35902944578888,153.58067321777344,20702000,3179427096.9543457
2024-04-09,GOOGL,154.81048561572567,157.26023958727896,153.91786920573918,155.31631469726562,31079500,4827153402.633667
2024-04-10,GOOGL,154.92952562487014,155.32624070054823,153.41205338281176,154.86009216308594,22838600,3536787700.8758545
2024-04-11,GOOGL,155.62377976256258,158.37106260079813,155.1774715327962,158.10328674316406,27166400,4295097128.979492
2024-04-12,GOOGL,156.66516776322655,158.90663651169768,155.85188225072014,156.43704223632812,25353700,3966257837.7471924
2024-04-15,GOOGL,157.5577715629048,157.93466141742405,153.32276995678504,153.59056091308594,27136500,4167910256.2179565
2024-04-16,GOOGL,152.92606827651122,154.3740918150493,152.17228850176252,153.13433837890625,20779500,3182054984.3444824
2024-04-17,GOOGL,154.3443362556772,155.7923749027095,153.3128680735991,154.19557189941406,21763100,3355773650.804138
2024-04-18,GOOGL,154.0666341164594,155.6535245551475,153.3525349324206,154.73114013671875,19883000,3076519259.338379
2024-04-19,GOOGL,154.91960900846084,155.07830110358373,151.05158377553497,152.826904296875,32615600,4984541179.785156
2024-04-22,GOOGL,153.04509433151492,156.34779961582007,152.79714362068458,154.9989471435547,26446200,4099133155.947876
2024-04-23,GOOGL,155.67336083793805,157.66687884737183,154.99892712206798,156.9626922607422,21151600,3320012081.6223145
2024-04-24,GOOGL,156.19903597568538,158.26198771551822,155.88165180015244,157.82559204101562,22779100,3595124943.661499
2024-04-25,GOOGL,150.08950510920468,155.20721069723666,149.63326920623868,154.72122192382812,57109700,8836082567.703247
2024-04-26,GOOGL,172.9406579042473,173.2778823744627,168.25934724716632,170.54049682617188,64665300,11028052389.413452
2024-04-29,GOOGL,167.67417460775002,168.1601634153097,163.8557430067843,164.78802490234375,45610000,7515981815.795898
2024-04-30,GOOGL,164.25245175294467,166.7220460143007,161.26713096501757,161.44564819335938,33562900,5418584145.748901
2024-05-01,GOOGL,162.95319556004813,165.7500714576766,161.7531075684998,162.5167999267578,33493200,5443207683.306885
2024-05-02,GOOGL,163.43917993284745,165.36327982367402,162.54656344896563,165.25418090820312,24294500,4014767698.074341
2024-05-03,GOOGL,166.18646385430256,166.5831940285256,161.71343896761203,165.8690948486328,34662400,5749420913.28125
2024-05-06,GOOGL,166.08732315442762,166.7617418738661,164.66903711346148,166.72207641601562,21871300,3646428549.9176025
2024-05-07,GOOGL,167.11874933173186,170.35202057689946,167.00965043305126,169.84620666503906,28039700,4762436681.025696
2024-05-08,GOOGL,167.61467198559197,168.75523914384442,167.35680870759575,167.99156188964844,19569100,3287443673.774719
2024-05-09,GOOGL,168.0014377284883,169.29078410391594,166.80134995280326,168.5667724609375,15346700,2586943686.9262695
2024-05-10,GOOGL,166.65261946945532,168.45770778843482,164.8277059911993,167.2675323486328,29799900,4984555737.236023
2024-05-13,GOOGL,162.91350746089623,167.89236129533526,162.65564420480408,167.75350952148438,31327600,5255314844.885254
2024-05-14,GOOGL,168.37836010153808,169.8462239602229,167.41631020621995,168.9436798095703,25127100,4245064736.943054
2024-05-15,GOOGL,169.23130735927975,171.23473800953292,169.11228073886124,171.09588623046875,26948400,4610760380.493164
2024-05-16,GOOGL,171.86949341563104,173.68449428030138,171.27442084056955,172.752197265625,27867900,4814240958.178711
2024-05-17,GOOGL,172.75219674772163,174.8250760090424,172.2662230829347,174.61679077148438,24479300,4274496806.3323975
2024-05-20,GOOGL,174.74573004665857,177.30458297385175,174.63663113812171,175.46974182128906,22554400,3957614744.934082
2024-05-21,GOOGL,175.44991084467418,176.68966435582567,174.36884941504044,176.3921356201172,16989400,2996796548.904419
2024-05-22,GOOGL,175.1920215691199,175.69783547848618,173.7737510269732,174.9341583251953,17880000,3127822750.854492
2024-05-23,GOOGL,175.61853049301604,176.78885054238378,171.53229263275466,172.12738037109375,21024900,3618960959.564209
2024-05-24,GOOGL,173.54566005438852,174.32919278798485,172.22656043569077,173.5555877685547,16579400,2877447511.8499756
2024-05-28,GOOGL,173.01998246270298,175.8168734132129,172.94063642860604,174.95399475097656,20572200,3599188570.81604
2024-05-29,GOOGL,173.99195085751208,175.39039638067896,173.28777937305267,174.45809936523438,23388700,4080348148.623657
2024-05-30,GOOGL,173.76383985817733,173.78368015073974,170.38178882747087,170.6991729736328,22931500,3914388085.044861
2024-05-31,GOOGL,170.4512148865134,171.6413751155462,168.05105413674661,171.08596801757812,37638900,6439487641.616821
2024-06-03,GOOGL,171.12564767729586,173.09934068848278,169.75697011042396,171.75048828125,27459100,4716113832.763672
2024-06-04,GOOGL,171.85957302701576,172.42490783803038,170.48096786025872,172.36538696289062,26879600,4633112655.407715
2024-06-05,GOOGL,173.7638369582265,175.2019479039631,172.50424324144495,173.9721221923828,22068500,3839303778.6026
2024-06-06,GOOGL,174.45808249066545,175.6978358202856,174.30931814459407,175.28128051757812,23251000,4075465053.314209
2024-06-07,GOOGL,175.59868809544102,176.4119585188029,172.8712304058679,173.02992248535156,19661400,3402010517.953491
2024-06-10,GOOGL,173.73488619485127,175.8101292272444,171.54047994095143,173.77459716796875,23726700,4123097734.625244
2024-06-11,GOOGL,174.97607487552963,175.59169348463175,172.54337230776866,175.3732452392578,21540600,3777644926.400757
2024-06-12,GOOGL,176.99174796777623,179.13650434238232,174.8668546571235,176.5349884033203,27864700,4919094491.3619995
2024-06-13,GOOGL,174.8668444097431,175.49240210344783,173.64553119205647,173.92355346679688,20913300,3637315450.717163
2024-06-14,GOOGL,172.99020243322104,175.81015156626538,172.92068928258647,175.54205322265625,18063600,3170921432.5927734
2024-06-17,GOOGL,174.2214424940307,177.10096546528717,173.57602172386774,175.98887634277344,19618500,3452637770.5307007
2024-06-18,GOOGL,175.88958192240335,176.13781719186318,172.87104771224654,173.8540496826172,21869900,3802170681.1538696
2024-06-20,GOOGL,174.13203805594256,176.03848273593877,173.7547308225866,175.05548095703125,20160100,3529136001.6418457
2024-06-21,GOOGL,175.75055979188994,179.57338876304848,175.3633134017814,178.36199951171875,57759000,10302010729.797363
2024-06-24,GOOGL,178.88826202454848,179.61310474396652,177.40877441541713,177.95489501953125,18298000,3256218669.067383
2024-06-25,GOOGL,178.35206806848578,182.98910099326696,178.15348288701358,182.73094177246094,23130200,4226603229.385376
2024-06-26,GOOGL,181.34083960482536,183.2075585872156,181.19188934781172,182.58201599121094,19839000,3622244615.249634
2024-06-27,GOOGL,182.87988309562385,184.73669324083986,182.7210240356858,184.10121154785156,18848900,3470105326.3442993
2024-06-28,GOOGL,183.01890751714419,183.82318736943728,180.67556595744807,180.8642120361328,29156600,5273385484.65271
2024-07-01,GOOGL,181.7379989393426,182.58200489120532,180.02021516731907,181.6982879638672,16006100,2908280966.9784546
2024-07-02,GOOGL,180.7649192250836,184.2600759255339,180.27837266146466,183.93240356445312,17372500,3195365680.923462
2024-07-03,GOOGL,183.545146815405,184.77638393795382,182.7011409192061,184.50830078125,10242100,1889752467.4316406
2024-07-05,GOOGL,184.54803142014995,189.51273686548802,184.48845737897847,189.25457763671875,20967500,3968195356.5979004
2024-07-08,GOOGL,188.55948674203475,188.82758504993222,186.45445670495957,187.6956329345703,21035900,3948346564.8483276
2024-07-09,GOOGL,188.96660951335545,190.00920064999954,187.38783687416534,187.64599609375,15121400,2837470165.3320312
2024-07-10,GOOGL,187.8147905079295,190.3964432565855,187.69564243220248,189.83045959472656,15952500,3028270406.6848755
2024-07-11,GOOGL,188.5098571184734,189.51272208583228,183.77352425069444,184.26007080078125,25625800,4721811722.32666
2024-07-12,GOOGL,183.77353479614163,185.7892039533301,183.18770320192158,183.76361083984375,22898400,4207892666.455078
2024-07-15,GOOGL,183.61465170436622,186.91122316515236,183.61465170436622,185.21328735351562,16474000,3051203695.8618164
2024-07-16,GOOGL,186.03743905754484,187.34811338839907,182.0755987428797,182.62171936035156,18290700,3340279082.3043823
2024-07-17,GOOGL,181.67841945681636,182.2543270659603,178.63008325599765,179.7421875,20734100,3726792489.84375
2024-07-18,GOOGL,180.64575986268414,181.21174353968178,175.22431015700485,176.43569946289062,25315700,4466593236.8927
2024-07-19,GOOGL,177.61728826175099,179.01732353591333,175.87964153783852,176.40589904785156,18881900,3330878545.2316284
2024-07-22,GOOGL,179.3152104096892,181.41031651236526,178.95775104592673,180.38758850097656,24100300,4347394999.150085
2024-07-23,GOOGL,180.76491875098247,182.31390434397233,180.258509125605,180.50674438476562,36352700,6561907526.596069
2024-07-24,GOOGL,172.37457678491225,174.9462905344622,170.60714288242724,171.4114227294922,49585200,8499469678.326416
2024-07-25,GOOGL,171.30218308939462,172.19582391606315,166.00980581766575,166.0991668701172,44852000,7449879832.458496
2024-07-26,GOOGL,165.9700715547249,166.90343845965242,162.90188769573447,165.82113647460938,41336900,6854531736.33728
2024-07-29,GOOGL,167.6382268176297,169.22692328878654,166.80416003394157,168.33328247070312,20293800,3416121967.803955
2024-07-30,GOOGL,169.03828621199597,170.0212881339037,167.25098932978506,169.08792114257812,18959700,3205856258.4869385
2024-07-31,GOOGL,172.01709806342805,173.01996298271357,168.80988784082692,170.32908630371094,25729100,4382414094.416809
2024-08-01,GOOGL,169.04823192931204,172.82141135501334,167.68790739296938,169.55462646484375,24531400,4159412363.659668
2024-08-02,GOOGL,165.26513327016306,167.32051364473287,163.50762313025547,165.48358154296875,29130100,4820553278.704834
2024-08-05,GOOGL,154.4023257364845,163.26928160754815,153.83634209310054,158.1258544921875,53630700,8480400264.51416
2024-08-06,GOOGL,158.2053051541738,159.43655755600886,155.3059189992834,157.17263793945312,49004600,7702182253.167725
2024-08-07,GOOGL,160.11174561926643,161.82952940748444,157.35137068982363,157.81805419921875,25138600,3967324937.2924805
2024-08-08,GOOGL,159.37695589283805,162.5345161798724,159.07908571101373,160.88623046875,25578800,4115276711.9140625
2024-08-09,GOOGL,158.88048081312152,162.63379650679866,157.9371899119943,162.5146484375,28602300,4648292729.003906
2024-08-12,GOOGL,163.1898806325975,163.73598613275442,160.6975887017958,161.1444091796875,15895300,2561438727.2338867
2024-08-13,GOOGL,162.25648447214553,163.56715864917211,161.81958802944447,163.00119018554688,18551700,3023949179.96521
2024-08-14,GOOGL,161.2535991509072,162.0678179768307,156.59671896869054,159.23793029785156,40591100,6463642752.513123
2024-08-15,GOOGL,159.36705153563673,160.49900381900557,158.48333453503372,160.16140747070312,31524300,5048976257.528687
2024-08-16,GOOGL,160.3302046522989,163.89485965448893,159.99260830608642,161.8096923828125,24208600,3917186119.0185547
2024-08-19,GOOGL,164.1132970310061,165.5133475605536,163.1004929084528,165.4934844970703,22416200,3709735047.1832275
2024-08-20,GOOGL,165.72187088023108,167.4495939252533,165.64244892165763,165.99989318847656,18341500,3044687040.916443
2024-08-21,GOOGL,163.984189478023,165.67220118965227,163.5075820711663,164.67926025390625,22902000,3771484418.334961
2024-08-22,GOOGL,166.07932072756,166.4069931043409,162.15720646482643,162.6437530517578,22493300,3658394730.519104
2024-08-23,GOOGL,163.55725630307884,165.00694179876172,162.67353934579646,164.45089721679688,13955700,2295027386.288452
2024-08-26,GOOGL,165.20553931092914,166.36727853932712,163.29909428347517,164.98709106445312,14190400,2341232817.0410156
2024-08-27,GOOGL,164.66933228950003,165.26510295168842,163.29908400819048,163.51751708984375,11821900,1933087735.2844238
2024-08-28,GOOGL,163.87498286647468,164.4310425767687,160.38976526426643,161.70045471191406,16407400,2653084040.640259
2024-08-29,GOOGL,163.15015560870546,164.7984415304893,159.11881702129344,160.6380157470703,19699800,3164536782.6141357
2024-08-30,GOOGL,161.47205499845862,162.50472208741948,160.54862717284777,162.22669982910156,22123800,3589071061.679077
2024-09-03,GOOGL,160.57839882785174,160.7074859893918,155.375383210797,156.24917602539062,38945300,6085171035.0616455
2024-09-04,GOOGL,155.55413584223268,157.8776140734706,154.85908019413716,155.34561157226562,19353800,3006527897.2473145
2024-09-05,GOOGL,155.19668368087028,158.32444181781332,154.87893528354047,156.1300506591797,18688700,2917867677.7542114
2024-09-06,GOOGL,156.18961281792176,156.71587030378532,149.4872614761098,149.85464477539062,37912100,5681304278.189087
2024-09-09,GOOGL,151.63435601744013,152.51924546184443,146.3747353094781,147.85618591308594,39260500,5804907787.04071
2024-09-10,GOOGL,149.58620426686707,150.4015036061094,147.48831800096144,147.80648803710938,31118800,4599560539.929199
2024-09-11,GOOGL,149.05925855823048,150.63018908340467,146.67304380954099,150.29214477539062,29607700,4449804734.866333
2024-09-12,GOOGL,152.91699025153633,153.931138367879,151.7735836501272,153.8018798828125,29621500,4555842384.94873
2024-09-13,GOOGL,154.53761027887018,157.47068534964538,154.318887339598,156.55596923828125,29591200,4632678996.923828
2024-09-16,GOOGL,156.4068328344505,157.34143843484944,155.70091765708278,157.15252685546875,18379800,2888432013.0981445
2024-09-17,GOOGL,158.107008079676,159.628222536102,157.47068317745328,158.40528869628906,20715600,3281460598.5168457
2024-09-18,GOOGL,158.9422025434275,159.57852752922,157.6894419945441,158.89248657226562,23677300,3762145072.317505
2024-09-19,GOOGL,162.77008449382728,162.8496118323656,160.41368126049775,161.20909118652344,26587700,4286178953.739929
2024-09-20,GOOGL,162.5612924555598,162.78996770160265,161.1295575441582,162.65077209472656,40896400,6651831035.894775
2024-09-23,GOOGL,163.40642311261095,164.5398774216767,160.74180191250147,160.9207763671875,24150900,3886381577.9663086
2024-09-24,GOOGL,162.09398745781283,162.28289902982328,159.7674258440889,161.3582305908203,23332100,3764826371.9680786
2024-09-25,GOOGL,160.5429462723237,161.87524922923666,160.37392412147798,160.56283569335938,18869200,3029692259.2651367
2024-09-26,GOOGL,162.7004790534292,163.13795527115403,161.34828673099906,161.7957000732422,20319300,3287575368.49823
2024-09-27,GOOGL,161.87524329123835,164.7486500925775,161.69628402203105,163.00869750976562,21101300,3439695428.7628174
2024-09-30,GOOGL,162.38233858584195,165.19607736347226,162.32267031989335,164.89781188964844,20413900,3366207442.134094
2024-10-01,GOOGL,166.72721266688677,168.18877389639653,163.6350680810018,166.03123474121094,28338100,4705009733.21991
2024-10-02,GOOGL,165.46451248473383,166.55820300060364,163.78421304270756,164.90773010253906,17760200,2928794268.1671143
2024-10-03,GOOGL,163.46605818338855,165.6832505879078,162.9788660133771,164.90773010253906,15073100,2485670706.6085815
2024-10-04,GOOGL,167.09510397311843,167.26412612073125,164.5299148711692,166.10084533691406,19047400,3163789241.470337
2024-10-07,GOOGL,166.7570727731855,167.5127039344141,161.81560574950586,162.04428100585938,22463100,3640016888.6627197
2024-10-08,GOOGL,162.99875730912473,163.78421492779364,161.93489332497202,163.4362335205078,23072700,3770915185.1486206
2024-10-09,GOOGL,162.5115774919813,163.89359644421285,158.8228863013817,160.9307098388672,31181800,5018109208.053589
2024-10-10,GOOGL,159.94636978765286,162.13375075790051,159.47906705048007,161.14942932128906,14144100,2279313643.2632446
2024-10-11,GOOGL,161.19915249290503,162.9589793006072,160.3142629412503,162.3027801513672,15344300,2490422549.4766235
2024-10-14,GOOGL,162.70048027253844,165.27560646204375,162.46185274166893,164.01290893554688,19016100,3118885877.609253
2024-10-15,GOOGL,164.83813228183462,166.71728049354707,163.68480379630955,164.51004028320312,20247200,3330867687.6220703
2024-10-16,GOOGL,163.58537367338423,164.84808640066018,162.7999160190336,164.21176147460938,16406000,2694058158.7524414
2024-10-17,GOOGL,164.77847983302945,165.4148047545223,161.82553046438127,161.9945526123047,21453400,3475333935.0128174
2024-10-18,GOOGL,162.25307524146882,163.76435267205474,162.14370618061358,162.48175048828125,19757700,3210265681.6223145
2024-10-21,GOOGL,162.01445640921125,163.5555604691452,161.6863492090046,163.12803649902344,20946500,3416961416.5267944
2024-10-22,GOOGL,162.04426180421996,164.81825178422423,162.04426180421996,164.19186401367188,16568100,2720347222.164917
2024-10-23,GOOGL,163.81405642655295,164.86798338254357,161.00030251118483,161.84542846679688,18280500,2958615355.0872803
2024-10-24,GOOGL,161.89512038935888,162.3922496608961,160.08556255879625,161.78575134277344,22412500,3626023151.9699097
2024-10-25,GOOGL,162.7303165163636,164.63929136354844,162.48175184608664,164.32113647460938,19828900,3258307383.041382
2024-10-28,GOOGL,167.78114595500233,167.78114595500233,163.00870143582344,165.76280212402344,32138600,5327384392.34314
2024-10-29,GOOGL,166.76699401414237,169.40178845873763,166.13066910445878,168.70579528808594,42169000,7114154681.503296
2024-10-30,GOOGL,179.6426331826948,180.9749512117023,173.06064622942904,173.45835876464844,68890800,11949685101.983643
2024-10-31,GOOGL,172.1359852263983,175.8048016523507,170.01820968952273,170.12757873535156,44769000,7616441572.402954
2024-11-01,GOOGL,169.09358268677013,171.33066473922122,167.91041241830663,170.3065643310547,31796500,5415152672.75238
2024-11-04,GOOGL,168.954351474997,169.74976136503125,167.04537684162395,168.26832580566406,21492700,3616540646.043396
2024-11-05,GOOGL,168.45723948005892,169.55093008750674,167.87063050478386,168.76547241210938,18242100,3078636624.2889404
2024-11-06,GOOGL,172.80214969030013,175.92412112315387,172.50386907265272,175.49658203125,33695500,5913445079.833984
2024-11-07,GOOGL,176.3914145518733,180.0403416420051,176.17267645525013,179.7122344970703,25352900,4556226309.980774
2024-11-08,GOOGL,179.61283273694843,179.8613974183841,177.0575957008054,177.3260498046875,22006200,3902272517.211914
2024-11-11,GOOGL,177.55470270682915,179.513393363608,177.44533365392132,179.31454467773438,17450400,3129110530.444336
2024-11-12,GOOGL,178.78758666786376,181.44225527864106,178.3600475857902,180.57723999023438,25134900,4538790869.430542
2024-11-13,GOOGL,179.423911961303,179.9210412566759,177.51492211643085,177.8529815673828,23184000,4123343524.658203
2024-11-14,GOOGL,177.2564251654299,177.79333331489727,173.3191695348543,174.57192993164062,31007500,5413039117.355347
2024-11-15,GOOGL,172.73255057874763,173.1402002652983,170.236966835199,171.4996795654297,32504600,5574528484.402466
2024-11-18,GOOGL,172.424337422112,174.4327441914951,171.90731866370794,174.29354858398438,20135300,3509452888.8031006
2024-11-19,GOOGL,172.72260407260165,177.8430297605378,172.56351905656155,177.0973358154297,23434900,4150258355.101013
2024-11-20,GOOGL,176.32181201959514,176.65985629395433,172.7822539205829,174.96961975097656,18997100,3323915363.371277
2024-11-21,GOOGL,172.9015782767723,173.1302686962832,162.76014278127062,166.66758728027344,59734400,9955788325.634766
2024-11-22,GOOGL,164.89779453956643,165.5042928911672,162.9589781366054,163.8140411376953,38604600,6323975532.504272
2024-11-25,GOOGL,165.13639806236714,167.6618232619843,164.65915820880082,166.68743896484375,33135300,5523238296.331787
2024-11-26,GOOGL,166.66758166120195,168.84501052303654,166.61786569467208,168.14901733398438,20486700,3444818473.4161377
2024-11-27,GOOGL,168.02973232334207,168.50697228555944,167.05536297555267,168.25840759277344,19266500,3241750609.8861694
2024-11-29,GOOGL,167.53258236969043,168.4572356311654,166.20027942100947,167.97999572753906,14257200,2394924395.08667
2024-12-02,GOOGL,167.80103219947992,171.09202581712017,167.60218350894124,170.5054168701172,23789100,4056170412.464905
2024-12-03,GOOGL,170.50542536954606,171.68858044714352,169.86910042539293,170.3562774658203,22248700,3790205710.4537964
2024-12-04,GOOGL,170.16733710736509,173.90575879671132,170.07785748297476,173.3688507080078,31615100,5481073552.018738
2024-12-05,GOOGL,174.35318831054713,175.0491662947447,171.34058597302015,171.6488037109375,21356200,3665766181.8115234
2024-12-06,GOOGL,171.04230353586647,174.07479526094843,170.8732813965907,173.70692443847656,21462400,3728167495.0683594
2024-12-09,GOOGL,173.15945800345577,175.44886145410123,172.8508718378986,174.56295776367188,25389600,4432083672.436523
2024-12-10,GOOGL,182.00857038298057,185.5024126630823,180.21685055142655,184.31788635253906,54813000,10103016304.641724
2024-12-11,GOOGL,184.4572152451297,194.70981847741263,183.99934063524287,194.5007781982422,67894100,13205455285.069275
2024-12-12,GOOGL,194.10264873841155,194.28181312365592,190.82779534779633,191.07664489746094,34817500,6652811083.717346
2024-12-13,GOOGL,190.1309984875668,191.84308455058388,188.76730785856873,188.9464874267578,25143500,4750776006.614685
2024-12-16,GOOGL,191.98243736831273,198.08423292115103,191.73358782946704,195.7550048828125,44934900,8796231568.908691
2024-12-17,GOOGL,196.3422712265007,200.4930793963414,194.082713332717,194.52069091796875,43504000,8462428137.6953125
2024-12-18,GOOGL,194.32164322282495,196.09345085301007,186.8760687325767,187.53302001953125,34166100,6407271915.289307
2024-12-19,GOOGL,190.748138909751,192.1416901461699,187.513095150107,187.64248657226562,32265200,6054322357.751465
2024-12-20,GOOGL,184.92506321844033,192.00234452424112,184.36764269628742,190.52915954589844,63462900,12091532999.345398
2024-12-23,GOOGL,191.73356940291157,194.20216752678672,189.27493498031782,193.7343292236328,25675000,4974128902.816772
2024-12-24,GOOGL,193.94335970742864,195.20751953125,192.88824016493578,195.20751953125,10403300,2030802387.9394531
2024-12-26,GOOGL,194.2519335810559,195.84457662010342,193.48548797808414,194.6998748779297,12046600,2345471512.704468
2024-12-27,GOOGL,194.05283355668863,194.42114113826142,189.77261919629782,191.87290954589844,18891400,3624747883.3953857
2024-12-30,GOOGL,188.9265638700057,191.66390866604786,188.24968525874627,190.3599395751953,14264700,2715427430.0582886
2024-12-31,GOOGL,190.2006709297877,191.07662611886298,187.6424905201336,188.42886352539062,17466900,3291268116.3116455
2025-01-02,GOOGL,189.77266033181004,191.1164539742449,186.63716208422355,188.5582733154297,20370800,3841082874.053955
2025-01-03,GOOGL,190.489329030918,192.32087307336826,189.10572628313417,190.9073944091797,18596200,3550152087.9119873
2025-01-06,GOOGL,193.0873348986171,197.30782865396526,192.95794346331456,195.9640350341797,29563600,5793402346.136475
2025-01-07,GOOGL,196.20293323603758,200.0750314967655,193.70448930563006,194.59039306640625,26487200,5154154659.228516
2025-01-08,GOOGL,191.68384065635297,195.386708025345,191.49471256621632,193.05747985839844,24864800,4800335625.183105
2025-01-10,GOOGL,193.40584405374383,195.61562893869856,189.43420036839143,191.15623474121094,26665200,5097219230.621338
2025-01-13,GOOGL,189.19532001022134,190.3001972959748,186.49778453538255,190.1309814453125,21823700,4149361499.7680664
2025-01-14,GOOGL,190.35994708125565,191.09653198927745,187.4434226127788,188.78721618652344,17174900,3242401559.2819214
2025-01-15,GOOGL,192.20141470890871,195.4563707355863,190.97707930364396,194.6501007080078,21776000,4238700593.017578
2025-01-16,GOOGL,193.2465980564925,194.5804279448186,191.92271668187493,192.0222625732422,17815400,3420953416.647339
2025-01-17,GOOGL,195.6255822249555,196.32235783888785,192.85837679493184,195.0980224609375,27735100,5411063162.756348
2025-01-21,GOOGL,198.1539212272468,201.3590893649602,196.95943127097462,197.13861083984375,29971300,5908500447.064209
2025-01-22,GOOGL,198.14394994474472,199.5574134711185,196.62099201618707,197.45712280273438,26200600,5173495091.705322
2025-01-23,GOOGL,197.22819130144518,199.3782549776066,194.30171827365388,197.0689239501953,26951400,5311283396.951294
2025-01-24,GOOGL,197.18837511510904,199.9754777209976,197.08882922694013,199.28866577148438,23877500,4758515116.958618
2025-01-27,GOOGL,191.5245673708486,195.97399844848505,189.85229053116194,190.9273223876953,41728900,7967187143.183899
2025-01-28,GOOGL,191.8629920734772,194.58042475121238,189.80251062684363,194.40126037597656,24157900,4696326208.036804
2025-01-29,GOOGL,194.66006109436606,195.88439657430914,192.5398581602494,194.51075744628906,18218300,3543655332.383728
2025-01-30,GOOGL,197.08882990069444,200.47317747002577,196.76034669489817,199.94561767578125,24354700,4869615534.80835
2025-01-31,GOOGL,201.0704225036096,204.5344037474068,200.87134591508243,203.0811309814453,32001100,6498819580.65033
2025-02-03,GOOGL,199.76644678798675,202.8123625387659,199.17916555521708,200.303955078125,27838300,5576121592.651367
2025-02-04,GOOGL,202.4540365472158,206.09719755510824,201.8767037764101,205.43028259277344,43856400,9009432645.501709
2025-02-05,GOOGL,190.19074112078758,191.86300280413045,187.16472209106553,190.4495391845703,70373900,13402676825.621033
2025-02-06,GOOGL,188.62795003909466,191.21599131294843,187.85154069465264,190.71829223632812,29297400,5587550094.9646
2025-02-07,GOOGL,190.17080550398342,190.3001969256679,182.39674895869484,184.48707580566406,49315000,9097980143.356323
2025-02-10,GOOGL,186.4878479252447,187.33392723255807,185.00469922620795,185.6118927001953,23105600,4288674147.973633
2025-02-11,GOOGL,184.17851963260873,186.07973375626966,183.43197101543439,184.46719360351562,21239500,3917990958.54187
2025-02-12,GOOGL,182.37682528941733,184.2581269278111,180.99322265788507,182.76502990722656,22072600,4034099399.130249
2025-02-13,GOOGL,183.47179995722882,185.42277188580212,182.2972222059454,185.28341674804688,21402500,3965528326.9500732
2025-02-14,GOOGL,184.20837813225802,185.54220800020582,183.4717932262479,184.37759399414062,20448400,3770226793.029785
2025-02-18,GOOGL,184.74589678490392,185.10424071494356,180.90365944170068,182.92431640625,29916700,5472491896.630859
2025-02-19,GOOGL,183.22292953180167,184.6065322377559,182.74512752374517,184.4174041748047,19549400,3605249601.1749268
2025-02-20,GOOGL,183.9495944004591,184.4572420256199,181.87916427677797,183.710693359375,20441500,3755322138.305664
2025-02-21,GOOGL,184.29796286054517,184.48709094071828,178.255903940123,178.83323669433594,35199200,6294786865.05127
2025-02-24,GOOGL,181.15252162389993,182.2773112476267,178.06678116700198,178.4251251220703,29854200,5326739370.419312
2025-02-25,GOOGL,177.22067008112575,177.91746089820734,173.88609557732903,174.61273193359375,41913400,7318613278.625488
2025-02-26,GOOGL,174.26436286262216,175.26970953461128,170.79041782229913,171.93511962890625,35431300,6091884804.107666
2025-02-27,GOOGL,173.1893356179125,173.75670468511518,167.16717356296937,167.72459411621094,39991000,6707474243.301392
2025-02-28,GOOGL,167.90375578067133,169.82488214403156,166.00255682205264,169.49639892578125,48130600,8157963378.137207
2025-03-03,GOOGL,171.13879690224084,172.57217267061702,165.1664079930538,166.24143981933594,40770500,6777746622.154236
2025-03-04,GOOGL,165.47499722472898,172.49254217135646,165.03701959982106,170.13345336914062,45388000,7722017181.518555
2025-03-05,GOOGL,169.73530516145718,172.98029782260173,168.28201710781593,172.2238006591797,30954900,5331170527.024841
2025-03-06,GOOGL,169.7452376648565,174.0055403400316,169.71537693678601,171.55686950683594,28302000,4855402520.782471
2025-03-07,GOOGL,170.4718800246714,174.1648138078256,169.48644558654738,173.05992126464844,27385800,4739384391.769409
2025-03-10,GOOGL,167.6785699397653,167.87789100205225,163.12436954047675,165.2968292236328,43604000,7207602941.467285
2025-03-11,GOOGL,164.34016388069963,166.17380218640486,160.81238769070245,163.47315979003906,39587400,6471477365.872192
2025-03-12,GOOGL,166.0043948548276,167.06072965689114,162.96493090148982,166.53256225585938,28372400,4724928469.348145
2025-03-13,GOOGL,165.4662665449778,165.55596711984276,161.5498533800482,162.19760131835938,31756200,5150779466.986084
2025-03-14,GOOGL,162.70582188820455,165.91469633780176,161.88864811378173,164.91815185546875,31995900,5276704694.952393
2025-03-17,GOOGL,164.45972311944107,165.72533878055947,163.10442211068442,163.72227478027344,31184300,5105564533.430481
2025-03-18,GOOGL,163.11440067725707,163.68243835584954,156.17845929337233,160.11480712890625,42074800,6736798486.987305
2025-03-19,GOOGL,161.20103994792456,165.2968386316175,160.44367156873926,163.3236846923828,34275600,5598017287.042236
2025-03-20,GOOGL,161.01169658179438,164.3202162999389,160.40380384962694,162.23744201660156,28138500,4565118262.184143
2025-03-21,GOOGL,160.65294731947398,163.67247597151626,160.33404577702316,163.42333984375,36625800,5985510560.449219
2025-03-24,GOOGL,166.49269314529027,167.73837374209387,164.5693543966733,167.10057067871094,30879100,5159915232.044983
2025-03-25,GOOGL,168.39606958496637,170.0403769796432,167.73836183315652,169.97061157226562,24174400,4108937552.392578
2025-03-26,GOOGL,168.41601157841293,169.02390429945322,164.27038302856647,164.4896240234375,28901600,4754013317.675781
2025-03-27,GOOGL,164.06113851285755,164.84840203770966,161.44022141043914,161.6793975830078,24508300,3962487179.7836304
2025-03-28,GOOGL,159.9354404969839,161.26084657481337,153.0991442674789,153.79672241210938,48669300,7485178822.091675
2025-03-31,GOOGL,152.58092477046202,155.0025205393741,150.13939385440554,154.1056365966797,54603500,8414707127.906799
2025-04-01,GOOGL,153.0891615011919,157.55369181763876,153.0891615011919,156.52725219726562,30672900,4801144753.921509
2025-04-02,GOOGL,154.61387643325034,157.86262130532444,154.1654344397735,156.49734497070312,25041700,3918959563.5528564
2025-04-03,GOOGL,150.58785527738945,152.2520829364648,149.870341948127,150.19920349121094,46883400,7041849336.959839
2025-04-04,GOOGL,147.4985386204676,150.54797741159612,144.87763705619835,145.0968780517578,62259500,9033659079.063416
2025-04-07,GOOGL,141.06087632952463,152.3218321659185,140.04439668677543,146.24290466308594,76794100,11230592244.987488
2025-04-08,GOOGL,150.69747183435217,151.71395155845798,142.53576933287036,144.1999969482422,52200200,7527268680.697632
2025-04-09,GOOGL,143.92094670447867,158.9986690004619,143.41271451247957,158.1615753173828,70406200,11135555504.110718
2025-04-10,GOOGL,155.99906254121734,157.17499290712513,149.41190307502956,152.29193115234375,48022000,7313363117.797852
2025-04-11,GOOGL,152.37164602184413,157.1251674838408,152.29193584419684,156.5970001220703,33636200,5267328015.505981
2025-04-14,GOOGL,159.44710369836886,161.16116127961118,157.015532933999,158.52032470703125,30333000,4808397009.338379
2025-04-15,GOOGL,158.58016077482426,159.09835306326136,154.67370742979892,155.7698974609375,27551500,4291694329.8950195
2025-04-16,GOOGL,152.5709851557027,155.35133791385522,150.98646767664792,152.80018615722656,28187400,4307039967.288208
2025-04-17,GOOGL,153.75685420118594,154.14550597318726,147.98686786207978,150.63768005371094,33046600,4978063157.662964
2025-04-21,GOOGL,148.3655391927389,148.43528939549356,145.5951469015095,147.1597137451172,26049100,3833378099.317932
2025-04-22,GOOGL,148.37549264543264,151.66409215206974,148.0266960287967,150.9465789794922,26971800,4071300938.9190674
2025-04-23,GOOGL,155.07231329740588,156.98567719700944,153.27852988963238,154.81321716308594,31128800,4819149674.42627
2025-04-24,GOOGL,155.6104249592094,159.03854063446718,155.2516683139833,158.7296142578125,45894000,7284736916.748047
2025-04-25,GOOGL,164.49961422965615,165.52605388757996,160.4835257508864,161.40036010742188,56034000,9043907778.259277
2025-04-28,GOOGL,161.86872639451175,162.5862396977989,158.0519740918863,160.05502319335938,29745800,4760964708.905029
2025-04-29,GOOGL,159.76603342291708,160.18458031932272,156.97570557414937,159.60658264160156,26809000,4278892874.0386963
2025-04-30,GOOGL,157.43409270690867,158.7196436016194,154.86300612354924,158.2512664794922,34981100,5535803377.845764
2025-05-01,GOOGL,159.8955611021286,161.39037784388623,158.36088927125815,160.7426300048828,30203200,4854941802.563477
2025-05-02,GOOGL,162.84534306658284,164.39995007912242,161.3106559960053,163.46319580078125,25715000,4203456080.01709
2025-05-05,GOOGL,162.4367677423953,164.81850869798296,162.15773647441492,163.64259338378906,21341800,3492427499.4781494
2025-05-06,GOOGL,161.6096198520829,164.23053675483612,160.63301049910467,162.66595458984375,21277200,3461076048.9990234
2025-05-07,GOOGL,163.5130310359637,164.42985019413678,147.32914212449143,150.85691833496094,127490100,19232763604.216003
2025-05-08,GOOGL,154.46440047734652,155.39117958130052,152.37165090458322,153.74688720703125,57498700,8840246143.450928
2025-05-09,GOOGL,153.63729009433737,154.51425427070677,151.67409587609725,152.22219848632812,32435300,4937372674.563599
2025-05-12,GOOGL,156.94581087118723,158.5502482480448,155.7100901217978,157.91246032714844,44138800,6970066503.887939
2025-05-13,GOOGL,158.24128090704517,160.01514395464716,155.6203794367127,158.97872924804688,42382100,6737852400.863647
2025-05-14,GOOGL,159.40725946266062,166.4229258122212,159.0584628171564,164.79855346679688,48755900,8034901792.971802
2025-05-15,GOOGL,165.26692581903856,165.63565760093152,161.80891540540173,163.3934326171875,33146700,5415953092.932129
2025-05-16,GOOGL,167.1504098009548,168.76482228008075,165.04770023388704,165.61573791503906,42846900,7096120960.871887
2025-05-19,GOOGL,163.94153908750272,166.06418385324469,163.6525478575402,165.9645233154297,30426100,5049653182.847595
2025-05-20,GOOGL,165.85490703254322,167.91776161058672,162.33710588412995,163.4133758544922,46607700,7616321597.813416
2025-05-21,GOOGL,163.12438701474937,172.54173038625467,162.99483135159699,167.97755432128906,73416000,12332240128.051758
2025-05-22,GOOGL,171.25618084668935,176.15917803179707,170.12012070875053,170.27955627441406,74864400,12747876812.750244
2025-05-23,GOOGL,168.47582079984258,169.37272002705043,167.30986548992928,167.8878631591797,35211400,5911566704.84314
2025-05-27,GOOGL,169.57202886061165,172.5716225630013,169.4125780788469,172.30255126953125,37995700,6546756047.2717285
2025-05-28,GOOGL,172.56165823831284,174.66436785084326,171.31597754856884,171.76441955566406,34784000,5974653569.824219
2025-05-29,GOOGL,173.39874848808273,173.81729536660228,170.04039828273065,171.26614379882812,29317300,5021060917.593384
2025-05-30,GOOGL,170.75790891590938,171.61493780799663,166.86141620850907,171.1465606689453,52639900,9009137838.957214
2025-06-02,GOOGL,167.2600475640349,169.28303195267003,166.8116055203689,168.44593811035156,38612300,6504085096.098328
2025-06-03,GOOGL,166.91124474262,167.89781407143477,164.70887469424017,165.6057586669922,45084900,7466319068.925476
2025-06-04,GOOGL,166.1638436483944,167.63872532387313,165.78515185366567,167.4693145751953,26900800,4505058537.524414
2025-06-05,GOOGL,169.75139851627495,170.33935616350743,167.01090094696792,167.62876892089844,36379100,6098183747.450256
2025-06-06,GOOGL,170.239706414102,173.897023068816,170.239706414102,173.07984924316406,35731800,6184454557.18689
2025-06-09,GOOGL,174.14745263351276,176.0731199779413,173.9778367906517,175.6939697265625,28935900,5083863138.61084
2025-06-10,GOOGL,175.8037071645682,180.70266778284787,174.51661519040564,178.1983184814453,61766100,11006615159.1568
2025-06-11,GOOGL,179.36569688795734,179.96433833777158,176.352484683136,176.95114135742188,31646800,5599937380.310059
2025-06-12,GOOGL,175.78375628436552,176.32255032681226,174.3569797237004,175.30484008789062,20941900,3671216430.6365967
2025-06-13,GOOGL,172.05216517338764,176.7316192634362,172.00227458420645,174.2771453857422,27663100,4821046100.520325
2025-06-16,GOOGL,174.33703117902292,176.5420676284148,174.25720927061568,176.37245178222656,27389200,4830700356.35376
2025-06-17,GOOGL,175.30483777675101,176.96110799729416,174.1873615915514,175.5542755126953,24973000,4384116922.37854
2025-06-18,GOOGL,175.6141436330853,176.16290971424257,172.81046582918458,172.93020629882812,28707500,4964393897.323608
2025-06-20,GOOGL,173.55876981570484,173.94789206625825,165.08787423262584,166.2652130126953,75659900,12579609390.019226
2025-06-23,GOOGL,165.89603893694584,166.96362443515676,161.63563852290417,164.81846618652344,57671000,9505245763.442993
2025-06-24,GOOGL,166.5445998017471,167.84167918331357,165.75638318822968,166.3949432373047,40524300,6743038598.231506
2025-06-25,GOOGL,167.25298407095676,171.9723414475006,167.17316217400943,170.29611206054688,35479000,6041935759.796143
2025-06-26,GOOGL,172.0421997468365,173.29937576602373,169.5578094698184,173.1497039794922,31796700,5505589192.524719
2025-06-27,GOOGL,173.14968136313868,178.27812028762878,171.34375470263782,178.1284637451172,108140200,19262847695.08972
2025-06-30,GOOGL,180.3734342799105,180.82241920920578,174.1873807915227,175.8336639404297,63378900,11144144203.5141
2025-07-01,GOOGL,175.3447530851258,175.6939567742825,173.139716841545,175.44451904296875,35904500,6299247733.9782715
2025-07-02,GOOGL,175.14518633422566,178.4577266308603,174.67625741761273,178.23822021484375,29128900,5191883292.816162
2025-07-03,GOOGL,178.09853847776557,179.265905222364,176.65180269468908,179.126220703125,21689700,3885193989.1845703
2025-07-07,GOOGL,178.65729408356307,178.8967598076696,175.28489078530595,176.39239501953125,34175600,6028315935.229492
2025-07-08,GOOGL,177.45002146146976,177.54978742679873,172.421347895151,173.96786499023438,40442500,7035695379.867554
2025-07-09,GOOGL,174.85586430994886,179.03644347316074,172.3814460707259,176.2227783203125,43025600,7582090770.8984375
2025-07-10,GOOGL,175.2349902719471,178.02868052999747,173.98780168372105,177.2205047607422,29252400,5184125093.463135
2025-07-11,GOOGL,176.39238193299045,181.0219456842772,176.08308157759498,179.7847442626953,34282900,6163542409.083557
2025-07-14,GOOGL,180.60289104600895,183.2569121837853,179.27588047712075,181.1516571044922,32536600,5894059006.5460205
2025-07-15,GOOGL,182.39885886185957,183.8056914333515,181.19158867102598,181.59068298339844,33448300,6073899641.633606
2025-07-16,GOOGL,182.82788394956327,183.91542879782378,181.62059863833602,182.55848693847656,33104200,6043452663.308716
2025-07-17,GOOGL,181.73036564766983,183.64604573142148,180.07409534184728,183.16712951660156,31992600,5859992707.772827
2025-07-18,GOOGL,184.98301522964096,186.00072543502688,183.2968289565469,184.64378356933594,34014500,6280565976.219177
2025-07-21,GOOGL,185.83110772544197,189.86201471908177,185.73132654425748,189.67245483398438,45803100,8687586416.00647
2025-07-22,GOOGL,191.0693117786785,191.21896833519165,187.03840453704987,190.90966796875,44660200,8526063953.417969
2025-07-23,GOOGL,191.06930248089483,192.09698471753413,188.7545130229886,189.80215454101562,58681900,11137951052.560425
2025-07-24,GOOGL,196.58686306155585,197.50479208340965,190.5704262162467,191.73779296875,74881700,14357651891.748047
2025-07-25,GOOGL,191.54821586623893,193.8929365997576,190.82983399147875,192.74551391601562,39785900,7668553742.111206
2025-07-28,GOOGL,193.2144667106556,193.61357622809174,190.41078895772904,192.14688110351562,38139500,7328385971.847534
2025-07-29,GOOGL,191.99721287217557,195.47936925683575,191.64800916549822,195.30975341796875,41389200,8083714446.166992
2025-07-30,GOOGL,195.1600963397073,197.155598285003,194.2521393007246,196.08799743652344,32445400,6362153512.026978
2025-07-31,GOOGL,195.26984291287636,195.54921195775628,190.66022322341527,191.46839904785156,51329200,9827919748.406982
2025-08-01,GOOGL,188.6048544387261,190.40080913246982,187.39758435603645,188.7046356201172,34832200,6572997608.847046
2025-08-04,GOOGL,189.86200183955253,194.8308120156372,189.69238602262155,194.601318359375,31547400,6139165630.810547
2025-08-05,GOOGL,194.27208103659058,197.41499022677854,193.45391800516853,194.23216247558594,31602300,6138183068.202209
2025-08-06,GOOGL,194.06255127051267,196.18776557270928,193.23441619136784,195.6489715576172,21562900,4218759208.7997437
2025-08-07,GOOGL,196.6167969951023,197.09571318148866,193.8929412029117,196.07801818847656,26321800,5161126379.153442
2025-08-08,GOOGL,196.77642933858343,202.15430596097147,196.72653874979915,200.96697998046875,39161800,7870228676.599121
2025-08-11,GOOGL,200.48808049350347,201.02685931355308,198.62229106869012,200.54794311523438,25832400,5180634685.72998
2025-08-12,GOOGL,200.91710457512625,204.04006993048975,200.1388600495838,202.88267517089844,30397900,6167207271.577454
2025-08-13,GOOGL,203.6709007567403,204.06999503609887,197.06577929471834,201.5057830810547,28342900,5711258259.288025
2025-08-14,GOOGL,201.04680257921203,203.9801926061093,200.777405578413,202.4835662841797,25230400,5108741370.776367
2025-08-15,GOOGL,203.39153088363753,205.97570210941166,200.82730371462006,203.44140625,34931400,7106493138.28125
2025-08-18,GOOGL,203.74073522255918,204.80833601681928,202.0345896716843,203.0423126220703,18526600,3761683709.024048
2025-08-19,GOOGL,202.57337657986534,202.98245812812408,199.51028904350812,201.11666870117188,24240200,4875108272.6501465
2025-08-20,GOOGL,200.27853657760338,200.82730262485018,196.15783565803162,198.87171936035156,28955500,5758430069.93866
2025-08-21,GOOGL,199.30075073242188,202.02460654215824,198.9814631231269,199.30075073242188,19774600,3941092625.4333496
2025-08-22,GOOGL,202.27403645691825,208.07096677186306,200.84725997228378,205.62648010253906,42827000,8806365263.35144
2025-08-25,GOOGL,205.96572314134983,210.04653613391585,204.81831562838462,208.02110290527344,29928900,6225842786.741638
2025-08-26,GOOGL,207.0432962842493,207.38254318133843,205.23736948208096,206.67413330078125,28464100,5882793197.686768
2025-08-27,GOOGL,205.2373711930947,208.4401585010209,205.18748059977113,207.01336669921875,23022900,4766048040.179443
2025-08-28,GOOGL,206.78389053195886,211.742714118765,206.43467159929352,211.1640167236328,32339300,6828896486.030579
2025-08-29,GOOGL,210.0365409975429,214.167229203444,209.72724064780297,212.43115234375,39728400,8439549792.7734375
2025-09-02,GOOGL,207.97120545801465,211.20390871469678,205.73623790289355,210.87466430664062,47523000,10021396671.844482
2025-09-03,GOOGL,225.7012467158241,230.78976737242826,224.28442698424496,230.1412353515625,103336100,23781897710.412598
2025-09-04,GOOGL,229.13349303754427,231.84737676203946,225.60146147412655,231.7775421142578,51684200,11979236842.141724
2025-09-05,GOOGL,231.677760445174,235.22975128240526,231.37843212445287,234.47146606445312,46588900,10923767685.3302
2025-09-08,GOOGL,235.15054099905157,237.8069358559837,233.3529799966882,233.72247314453125,32474700,7590067198.626709
2025-09-09,GOOGL,233.85231685973005,240.14377315813266,232.91358965088386,239.30491638183594,38061000,9108184422.409058
2025-09-10,GOOGL,238.5758820575914,241.33214736167037,237.5273187664355,238.84552001953125,35141100,8393294303.55835
2025-09-11,GOOGL,239.55457404217233,241.9213539288796,235.92949376965038,240.0438995361328,30599300,7345175295.075989
2025-09-12,GOOGL,240.04388783032,241.75157459718335,237.67710805902945,240.4733123779297,26771600,6437855329.656982
2025-09-15,GOOGL,244.32807821701437,252.06756394348793,244.32807821701437,251.26864624023438,58383800,14670018388.360596
2025-09-16,GOOGL,251.73800966841424,252.696698721273,249.13154999644232,250.8192596435547,34109700,8555369700.663757
2025-09-17,GOOGL,250.87917693990602,251.25866627901078,245.94587648389523,249.19146728515625,34108000,8499422566.162109
2025-09-18,GOOGL,251.338548569648,253.64542748570952,249.46110945180462,251.68807983398438,31239500,7862609769.973755
2025-09-19,GOOGL,252.90642848071656,255.65269769422878,251.4683796180924,254.3744354248047,55571400,14135943500.765991
2025-09-22,GOOGL,254.0848093772248,255.4329839373953,249.96042287972912,252.18739318847656,32290500,8143257019.752502
2025-09-23,GOOGL,252.69670571321294,254.01492224497756,250.1401811840686,251.31858825683594,26628000,6692111368.103027
2025-09-24,GOOGL,251.31857470864836,252.00764101873446,246.10565550148698,246.80470275878906,28201000,6960139422.50061
2025-09-25,GOOGL,244.06842931794486,246.1556055061487,240.41340622781078,245.45654296875,31020400,7614160145.5078125
2025-09-26,GOOGL,246.73481561544992,249.08161830530747,245.63630185383965,246.2055206298828,18503200,4555589989.318848
2025-09-29,GOOGL,247.51375020937843,250.80926093832198,242.4406403715287,243.71890258789062,32505800,7922277903.741455
2025-09-30,GOOGL,242.48058753408858,242.9599320717839,238.92541967317948,242.77020263671875,34724300,8430025347.418213
2025-10-01,GOOGL,240.42338523813993,245.96585884887978,238.2862890899911,244.5677490234375,31658200,7742574712.133789
2025-10-02,GOOGL,244.81739828037135,246.47514981131818,241.97127402542458,245.35667419433594,25483300,6252497735.496521
2025-10-03,GOOGL,244.15831699237452,245.96585900937905,241.3321544964398,245.01715087890625,30249600,7411670807.2265625
2025-10-06,GOOGL,244.44791178946252,250.97904766602093,244.24818617214953,250.09024047851562,28894700,7226282471.554565
2025-10-07,GOOGL,247.93317917084852,250.1002333278666,245.18691006468788,245.42657470703125,23181300,5689307056.2561035
2025-10-08,GOOGL,244.62768203424937,245.67624536262252,243.48922922331397,244.2881317138672,21307100,5205071651.24054
2025-10-09,GOOGL,244.13833003954065,244.42792989328805,238.82554034163272,241.2023162841797,27892100,6727639126.029968
2025-10-10,GOOGL,241.10246136059908,243.75885638035138,235.5200485827795,236.2490692138672,33180300,7838814991.236877
2025-10-13,GOOGL,239.88411429337978,244.16828735447277,239.38479264234815,243.81875610351562,24995000,6094249808.807373
2025-10-14,GOOGL,240.9027132904423,246.78472157869837,240.1836889124138,245.1169891357422,22111600,5419928816.973877
2025-10-15,GOOGL,246.91455220927548,251.7679591837619,245.65626715592245,250.68942260742188,27007700,6770544718.954468
2025-10-16,GOOGL,251.42842769264908,256.6113736152233,249.76069521164578,251.1188507080078,27997200,7030624687.042236
2025-10-17,GOOGL,250.4197821526697,253.87509458891947,247.4737875390444,252.9563446044922,29671600,7505619474.56665
2025-10-20,GOOGL,254.3444728441902,256.98087539491434,253.88509020638818,256.2019348144531,22350200,5726164483.48999
2025-10-21,GOOGL,254.39440086428343,254.53421031738455,243.81875668908756,250.12020874023438,47312100,11833712327.938843
2025-10-22,GOOGL,254.02489806023604,256.01218852739623,248.95178813355238,251.34854125976562,35029400,8804588591.204834
2025-10-23,GOOGL,252.63679338694976,254.69399627404513,251.50833675008087,252.73666381835938,19901400,5029813441.314697
2025-10-24,GOOGL,256.23188733462473,261.32497431611404,254.9736174865258,259.5673828125,28655100,7437929311.230469
2025-10-27,GOOGL,264.4607188078389,269.7735083332291,263.92144290721717,268.9046630859375,35235200,9474909584.765625
2025-10-28,GOOGL,269.3241367489819,270.3627344019799,266.1384619149823,267.1071472167969,29738600,7943392608.221436
2025-10-29,GOOGL,267.38675485794886,274.96645416764926,267.3068768000952,274.197509765625,43580300,11949609734.838867
2025-10-30,GOOGL,291.1944142933695,291.1944142933695,279.6800575475708,281.09814453125,74876000,21047504669.921875
2025-10-31,GOOGL,282.82575062167336,285.6119738650845,276.6541425566326,280.8085021972656,39267900,11026760183.432007
2025-11-03,GOOGL,281.797163766903,285.14262497278366,279.42038779718166,283.3350830078125,29786000,8439418782.470703
2025-11-04,GOOGL,276.374515458966,280.88837191256465,275.8851900258856,277.1634521484375,30078400,8336633179.1015625
2025-11-05,GOOGL,278.49163374098424,286.0314084420774,276.96371081227676,283.92425537109375,31010300,8804576336.334229
2025-11-06,GOOGL,284.9428776795432,287.9587999323025,280.7585903155872,284.3636779785156,37173600,10570821619.702148
2025-11-07,GOOGL,282.8257840870045,283.3950181298404,274.8166751233446,278.45172119140625,34479600,9600903965.99121
2025-11-10,GOOGL,284.03413439651047,290.40545290698407,282.47622284552773,289.7064208984375,29557300,8562939594.421387
2025-11-11,GOOGL,287.35962699643375,291.52398321941854,286.9302176656824,290.914794921875,19842100,5772360452.319336
2025-11-12,GOOGL,291.2842728658537,291.613842224268,283.30512258449664,286.3210144042969,24829900,7109322155.557251
2025-11-13,GOOGL,281.9569519907634,282.45627365196606,276.8638649512614,278.19207763671875,29494000,8204997137.817383
2025-11-14,GOOGL,271.04178706348836,278.1820807042813,270.3327588398133,276.0350036621094,31647200,8735734967.895508
2025-11-17,GOOGL,285.392279437324,293.55120856159544,283.1852862901624,284.63330078125,52670200,14991692878.808594
2025-11-18,GOOGL,287.52939388700526,288.4081743957296,277.8225797399186,283.8943176269531,49158700,13955875591.9281
2025-11-19,GOOGL,286.77042153983126,303.39782684502376,286.2411417953812,292.4127502441406,68198900,19942227912.625122
2025-11-20,GOOGL,304.1268355762142,306.0042898345543,288.2783714658303,289.05731201171875,62025200,17928837588.989258
2025-11-21,GOOGL,296.0178842040454,303.50770955644725,293.4513634023398,299.25347900390625,74137700,22185964650.3479
2025-11-24,GOOGL,310.70789188393536,319.0465694557707,309.17996886834777,318.14776611328125,85165100,27095086315.81421
2025-11-25,GOOGL,325.767421144808,328.3838617048627,317.2190369667809,323.0011901855469,88632100,28628273788.64441
2025-11-26,GOOGL,320.2449508538883,324.0597758686898,316.36024396458464,319.5159606933594,51373400,16414621255.084229
2025-11-28,GOOGL,322.9313108653273,326.40660086319315,316.36025071335513,319.7456359863281,26018600,8319333804.473877
2025-12-01,GOOGL,317.2690150587685,319.41609223758667,313.464186206563,314.46282958984375,41183000,12950522710.998535
2025-12-02,GOOGL,316.3102616947243,317.948051296999,313.4841146313127,315.38153076171875,35854700,11307910171.002197
2025-12-03,GOOGL,315.4614340573081,321.1436861691208,313.6738540884245,319.19635009765625,41838300,13354632654.290771
2025-12-04,GOOGL,321.7928484740126,321.92264650582644,314.27306548179905,317.1890869140625,31240900,9909272545.373535
2025-12-05,GOOGL,319.05652267664885,322.72155681925386,318.73697999805336,320.8341064453125,28851700,9256609388.928223
2025-12-08,GOOGL,319.82486263347363,320.21460294317257,311.0010871288888,313.49932861328125,33909400,10630574133.6792
2025-12-09,GOOGL,312.15025542764414,317.7662971049956,311.6805848338384,316.85693359375,30194000,9567178252.929688
2025-12-10,GOOGL,315.6078174223929,321.0839735202244,314.45863248382005,319.9847412109375,33428900,10696737915.466309
2025-12-11,GOOGL,319.85481737290655,320.8940942947929,308.3829128168011,312.210205078125,42353700,13223257362.817383
2025-12-12,GOOGL,313.47935032153816,314.6485102459599,305.34506149685063,309.07244873046875,35940200,11108125621.862793
2025-12-15,GOOGL,311.1009991314403,311.2009348824072,304.66552711937686,308.003173828125,29151900,8978877723.120117
2025-12-16,GOOGL,304.7354841263937,310.5513666605185,302.37712849550337,306.3543395996094,30585000,9369847476.654053
2025-12-17,GOOGL,307.7933270972379,307.87325739956634,295.9116769824828,296.5112609863281,43930400,13025858299.63379
2025-12-18,GOOGL,301.50775321966603,303.7461677101471,299.0195145942255,302.2472229003906,33518000,10130722417.175293
2025-12-19,GOOGL,301.5177661333593,307.03387224107576,300.7582909786616,306.9439392089844,59943200,18399201936.791992
2025-12-22,GOOGL,309.66200850448513,309.9118326328777,305.0852133945127,309.56207275390625,26429900,8181694626.678467
2025-12-23,GOOGL,309.41219480947996,314.7184570357758,309.1024153195162,314.1288757324219,25478700,8003595386.123657
2025-12-24,GOOGL,314.5485634057752,314.8583428959372,311.70059264113144,313.8690490722656,10097400,3169261336.102295
2025-12-26,GOOGL,314.25877806497726,314.86833429915043,312.0603135401851,313.2894592285156,10899000,3414541816.131592
2025-12-29,GOOGL,311.15095467052413,313.79908436732376,310.4014822754237,313.33941650390625,19621800,6148283362.756348
2025-12-30,GOOGL,312.28018544302313,316.72706748217655,312.24020504037514,313.6292419433594,17380900,5451158491.293335
2025-12-31,GOOGL,312.62992729269524,314.3586907819443,311.22091551782626,312.7798156738281,16377700,5122613987.161255
2026-01-02,GOOGL,316.67708324131615,322.2731502440002,310.11169732658084,314.9283142089844,32009400,10080666380.841064
2026-01-05,GOOGL,317.4365596004392,318.79558832967825,314.4086921415047,316.3173522949219,30195600,9551392242.956543
2026-01-06,GOOGL,316.17741436833177,320.71422913013345,311.5606693028291,314.1188659667969,31212100,9804309456.44226
2026-01-07,GOOGL,314.13884430323384,325.9205589972494,313.96898096999803,321.7535095214844,35104400,11294963899.645996
2026-01-08,GOOGL,328.7385750407063,330.0876314322289,321.2738288701313,325.2110595703125,31896100,10372964477.160645
2026-01-09,GOOGL,326.8598973489763,330.5972566011106,325.5707962902668,328.3388671875,26214200,8607140732.226562
2026-01-12,GOOGL,325.57079145505844,333.80501545240315,324.77136644379436,331.62652587890625,33923900,11250065101.263428
2026-01-13,GOOGL,334.7144015630273,340.25048265726696,333.38532003422745,335.7336730957031,33517600,11252986961.35254
2026-01-14,GOOGL,334.8243096530742,336.2832741209541,330.2475447349911,335.603759765625,28525600,9573298609.570312
2026-01-15,GOOGL,337.4124676651339,337.4524480652932,330.507324974913,332.5458984375,28442400,9458403461.71875
2026-01-16,GOOGL,334.1747541117482,334.4145755186536,327.46948297740045,329.7678527832031,40341600,13303362809.838867
2026-01-20,GOOGL,320.6442885211675,327.49947891315526,320.20459558658575,321.77349853515625,35361000,11378232681.70166
2026-01-21,GOOGL,320.6942733516965,332.24613943011235,319.12537039479025,328.1490173339844,35386600,11612078016.790771
2026-01-22,GOOGL,334.2147483456718,334.9142376434696,328.5187457270175,330.3074951171875,26253600,8671760853.808594
2026-01-23,GOOGL,332.25610013077164,333.45526818914374,327.21966747627397,327.6993103027344,27280000,8939637185.058594
2026-01-26,GOOGL,327.5793954045391,335.60374537803585,326.7699676491338,333.02557373046875,26042100,8672685293.64624
2026-01-27,GOOGL,335.1340666902067,337.6722883721735,333.2454121385867,334.31463623046875,21636200,7233298332.409668
2026-01-28,GOOGL,335.82360375323316,337.30257365930305,331.7065067534381,335.7736511230469,27434400,9211748654.370117
2026-01-29,GOOGL,340.06060015063264,342.0492210013424,326.3103005061971,338.0120544433594,39785600,13448012393.261719
2026-01-30,GOOGL,339.76083067041884,339.76083067041884,332.0562627255977,337.7622375488281,31024000,10478735657.714844
2026-02-02,GOOGL,335.983495554882,344.5874244246442,335.3939142353609,343.4482421875,32006100,10992438784.277344
2026-02-03,GOOGL,347.09564553860224,348.7544814019383,337.2325938809106,339.47100830078125,36506700,12392966258.73413
2026-02-04,GOOGL,342.7187296036167,343.0684894885568,328.2888852617291,332.80572509765625,70618400,23502207817.23633
2026-02-05,GOOGL,312.0003564748562,332.45595718246585,306.24439883874277,331.0169677734375,88205800,29197616456.030273
2026-02-06,GOOGL,326.94984200428365,330.147603202773,319.694969697787,322.63287353515625,56380500,18190202726.348877
2026-02-09,GOOGL,320.70422803551696,327.4694850607409,317.03682684844796,324.09185791015625,39640100,12847033656.744385
2026-02-10,GOOGL,320.7441987510988,321.4437184993816,314.38865715458337,318.3558654785156,39170000,12469999250.793457
2026-02-11,GOOGL,318.7456164455411,320.8341425405983,309.44216816023624,310.7412414550781,45406400,14109641106.00586
2026-02-12,GOOGL,311.87044586439265,316.0175203045161,306.9839017615506,308.7826232910156,47761300,14747859505.789185
2026-02-13,GOOGL,307.5135396808651,308.41290048065196,303.4963480144474,305.50494384765625,38499700,11761848686.651611
2026-02-17,GOOGL,299.82893803190484,304.22583664461854,296.04159566157676,301.8075256347656,39247600,11845221043.103027
2026-02-18,GOOGL,301.87748970860525,305.1651838815364,301.0380842700908,303.1166076660156,28482100,8633397531.204224
2026-02-19,GOOGL,301.6076886754516,305.25511494304027,299.828942056139,302.636962890625,25834400,7818444354.1015625
2026-02-20,GOOGL,304.1059184917761,316.2773425544253,303.68620054308417,314.7584228515625,53210800,16748547486.669922
2026-02-23,GOOGL,318.82555353627805,319.29522413676915,309.65201848441603,311.2708740234375,31423000,9781064674.438477
2026-02-24,GOOGL,310.3015673465962,312.05033638585,305.71479964031533,310.6813049316406,25615600,7958288034.606934
2026-02-25,GOOGL,311.84046520002283,313.4193707572093,309.22231323387047,312.67987060546875,29963600,9369014570.874023
2026-02-26,GOOGL,312.42009761480955,312.9197459051382,302.1373272609355,307.1637878417969,36431200,11190345387.62207
2026-02-27,GOOGL,303.92607541564644,312.1502667227519,303.5862877430576,311.54071044921875,44640600,13907364238.879395
2026-03-02,GOOGL,303.0166882830762,308.27296712894787,301.088022863519,306.3043518066406,34790200,10656389660.223389
2026-03-03,GOOGL,298.37994467731505,303.72618716624237,296.5012623376298,303.3664245605469,35497000,10768597972.625732
2026-03-04,GOOGL,302.6769571429086,305.2551289128473,300.5384478137644,302.9167785644531,29536200,8947010555.0354
2026-03-05,GOOGL,302.82681905445145,303.08661540637286,297.78035344585857,300.6683349609375,35752300,10749584512.023926
2026-03-06,GOOGL,295.88171424137005,300.31859339921897,294.97235071392555,298.30999755859375,25576900,7629844976.5563965
2026-03-09,GOOGL,294.3599853515625,306.79998779296875,294.0799865722656,306.3599853515625,29312100,8980054526.623535
2026-03-10,GOOGL,306.1700134277344,309.510009765625,305.57000732421875,307.0400085449219,23239700,7135517686.581421
2026-03-11,GOOGL,306.75,311.4200134277344,305.9200134277344,308.70001220703125,24125700,7447603884.503174
2026-03-12,GOOGL,306.82000732421875,308.94000244140625,301.0299987792969,303.54998779296875,24928300,7566985160.699463
2026-03-13,GOOGL,307.010009765625,307.69000244140625,300.44000244140625,302.2799987792969,23693100,7161950239.077759
2026-03-16,GOOGL,304.3500061035156,306.489990234375,303.0199890136719,305.55999755859375,23519700,7186679474.578857
2026-03-17,GOOGL,305.8599853515625,311.4200134277344,305.5,310.9200134277344,21955200,6826311078.808594
2026-03-18,GOOGL,309.2699890136719,312.4700012207031,306.92999267578125,307.69000244140625,20009800,6156815410.852051
2026-03-19,GOOGL,304.010009765625,308.05999755859375,302.3500061035156,307.1300048828125,25075800,7701530576.44043
2026-03-20,GOOGL,305.4599914550781,306.0,298.2699890136719,301.0,44364100,13353594100.0
2026-03-23,GOOGL,302.1099853515625,305.9800109863281,300.92999267578125,302.05999755859375,29326900,8858483342.401123
2026-03-24,GOOGL,299.20001220703125,299.9200134277344,290.3299865722656,290.44000244140625,36864300,10706867382.000732
2026-03-25,GOOGL,293.44000244140625,296.0,289.239990234375,290.92999267578125,29460700,8571001235.223389
2026-03-26,GOOGL,287.9100036621094,287.95001220703125,278.5,280.9200134277344,39080600,10978522676.763916
2026-03-27,GOOGL,277.2799987792969,279.3699951171875,273.95001220703125,274.3399963378906,35890600,9846227072.564697
2026-03-30,GOOGL,276.4200134277344,277.0899963378906,272.1099853515625,273.5,35141200,9611118200.0
2026-03-31,GOOGL,278.0400085449219,288.0799865722656,277.0899963378906,287.55999755859375,43875400,12616809916.882324
2026-04-01,GOOGL,290.8399963378906,300.5199890136719,290.4100036621094,297.3900146484375,37684500,11206994007.019043
2026-04-02,GOOGL,290.69000244140625,298.0799865722656,289.45001220703125,295.7699890136719,21666500,6408300466.964722
